Timestamp,Machine_ID,Machine_Type,Power_kW,Energy_kWh,Voltage_V,Current_A,Temperature_C,Vibration_mm_s,RPM,Operating_Hours,Production_Units,Production_Target,Machine_Status,Ground_Truth,Anomaly_Type,Tariff_Rs_per_kWh,Peak_OffPeak,Maintenance_Status
2026-01-01 00:00:00,COMPRESSOR_01,Air Compressor,32.568,8.142,415.2,51.46,71.74,2.462,2945.4,2686.27,209.22,210.0,RUNNING_OPTIMAL,0,NORMAL,5.5,OFF_PEAK,GOOD
2026-01-01 00:00:00,HVAC_01,HVAC System,40.137,10.0342,416.5,63.22,41.16,1.762,983.6,3007.49,1143.89,1200.0,RUNNING_OPTIMAL,0,NORMAL,5.5,OFF_PEAK,GOOD
2026-01-01 00:00:00,MOTOR_01,Spinning Motor,38.354,9.5885,412.7,60.97,58.34,1.878,1486.2,2762.43,45.55,48.0,RUNNING_OPTIMAL,0,NORMAL,5.5,OFF_PEAK,GOOD
2026-01-01 00:00:00,PUMP_01,Water Pump,17.494,4.3735,414.4,27.7,47.28,1.457,1444.5,2605.2,26.95,28.0,RUNNING_OPTIMAL,0,NORMAL,5.5,OFF_PEAK,GOOD
2026-01-01 00:15:00,COMPRESSOR_01,Air Compressor,32.111,8.0278,416.0,50.64,70.03,2.281,2950.6,2686.52,207.83,210.0,RUNNING_OPTIMAL,0,NORMAL,5.5,OFF_PEAK,GOOD
2026-01-01 00:15:00,HVAC_01,HVAC System,41.046,10.2615,411.5,65.44,40.27,1.701,982.9,3007.74,1150.57,1200.0,RUNNING_OPTIMAL,0,NORMAL,5.5,OFF_PEAK,GOOD
2026-01-01 00:15:00,MOTOR_01,Spinning Motor,36.833,9.2082,409.7,58.98,56.02,1.874,1489.7,2762.68,42.83,48.0,RUNNING_OPTIMAL,0,NORMAL,5.5,OFF_PEAK,GOOD
2026-01-01 00:15:00,PUMP_01,Water Pump,16.27,4.0675,417.1,25.59,47.85,1.547,1451.3,2605.45,25.26,28.0,RUNNING_OPTIMAL,0,NORMAL,5.5,OFF_PEAK,GOOD
2026-01-01 00:30:00,COMPRESSOR_01,Air Compressor,34.505,8.6262,417.4,54.24,71.86,2.427,2940.9,2686.77,218.01,210.0,RUNNING_OPTIMAL,0,NORMAL,5.5,OFF_PEAK,GOOD
2026-01-01 00:30:00,HVAC_01,HVAC System,42.236,10.559,414.2,66.9,40.47,1.807,984.9,3007.99,1197.02,1200.0,RUNNING_OPTIMAL,0,NORMAL,5.5,OFF_PEAK,GOOD
2026-01-01 00:30:00,MOTOR_01,Spinning Motor,39.228,9.807,417.4,61.66,58.08,1.94,1494.9,2762.93,46.35,48.0,RUNNING_OPTIMAL,0,NORMAL,5.5,OFF_PEAK,GOOD
2026-01-01 00:30:00,PUMP_01,Water Pump,15.74,3.935,419.7,24.6,46.78,1.418,1451.9,2605.7,24.65,28.0,RUNNING_OPTIMAL,0,NORMAL,5.5,OFF_PEAK,GOOD
2026-01-01 00:45:00,COMPRESSOR_01,Air Compressor,31.697,7.9242,414.3,50.19,70.73,2.267,2945.9,2687.02,202.12,210.0,RUNNING_OPTIMAL,0,NORMAL,5.5,OFF_PEAK,GOOD
2026-01-01 00:45:00,HVAC_01,HVAC System,39.798,9.9495,418.2,62.44,40.37,1.897,987.7,3008.24,1160.31,1200.0,RUNNING_OPTIMAL,0,NORMAL,5.5,OFF_PEAK,GOOD
2026-01-01 00:45:00,MOTOR_01,Spinning Motor,39.484,9.871,416.0,62.27,58.02,1.897,1479.8,2763.18,48.47,48.0,RUNNING_OPTIMAL,0,NORMAL,5.5,OFF_PEAK,GOOD
2026-01-01 00:45:00,PUMP_01,Water Pump,15.312,3.828,414.4,24.24,47.97,1.423,1453.8,2605.95,29.17,28.0,RUNNING_OPTIMAL,0,NORMAL,5.5,OFF_PEAK,GOOD
2026-01-01 01:00:00,COMPRESSOR_01,Air Compressor,32.601,8.1502,417.3,51.26,70.34,2.48,2954.6,2687.27,205.89,210.0,RUNNING_OPTIMAL,0,NORMAL,5.5,OFF_PEAK,GOOD
2026-01-01 01:00:00,HVAC_01,HVAC System,42.299,10.5748,417.6,66.45,40.49,1.612,974.0,3008.49,1198.42,1200.0,RUNNING_OPTIMAL,0,NORMAL,5.5,OFF_PEAK,GOOD
2026-01-01 01:00:00,MOTOR_01,Spinning Motor,39.697,9.9242,413.1,63.05,58.16,1.948,1495.7,2763.43,48.12,48.0,RUNNING_OPTIMAL,0,NORMAL,5.5,OFF_PEAK,GOOD
2026-01-01 01:00:00,PUMP_01,Water Pump,16.605,4.1512,415.0,26.25,48.83,1.612,1446.2,2606.2,28.53,28.0,RUNNING_OPTIMAL,0,NORMAL,5.5,OFF_PEAK,GOOD
2026-01-01 01:15:00,COMPRESSOR_01,Air Compressor,34.864,8.716,417.1,54.84,69.47,2.416,2945.4,2687.52,213.74,210.0,RUNNING_OPTIMAL,0,NORMAL,5.5,OFF_PEAK,GOOD
2026-01-01 01:15:00,HVAC_01,HVAC System,44.328,11.082,416.9,69.76,40.93,1.699,980.4,3008.74,1254.4,1200.0,RUNNING_OPTIMAL,0,NORMAL,5.5,OFF_PEAK,GOOD
2026-01-01 01:15:00,MOTOR_01,Spinning Motor,41.146,10.2865,419.3,64.38,57.44,1.862,1477.4,2763.68,50.56,48.0,RUNNING_OPTIMAL,0,NORMAL,5.5,OFF_PEAK,GOOD
2026-01-01 01:15:00,PUMP_01,Water Pump,14.96,3.74,418.1,23.48,47.59,1.38,1448.3,2606.45,28.88,28.0,RUNNING_OPTIMAL,0,NORMAL,5.5,OFF_PEAK,GOOD
2026-01-01 01:30:00,COMPRESSOR_01,Air Compressor,32.989,8.2472,422.4,51.24,71.42,2.285,2947.8,2687.77,215.79,210.0,RUNNING_OPTIMAL,0,NORMAL,5.5,OFF_PEAK,GOOD
2026-01-01 01:30:00,HVAC_01,HVAC System,42.98,10.745,417.9,67.48,40.75,1.742,984.5,3008.99,1244.45,1200.0,RUNNING_OPTIMAL,0,NORMAL,5.5,OFF_PEAK,GOOD
2026-01-01 01:30:00,MOTOR_01,Spinning Motor,42.343,10.5858,416.0,66.78,57.66,1.833,1481.9,2763.93,51.91,48.0,RUNNING_OPTIMAL,0,NORMAL,5.5,OFF_PEAK,GOOD
2026-01-01 01:30:00,PUMP_01,Water Pump,17.694,4.4235,416.8,27.85,49.23,1.584,1452.2,2606.7,29.63,28.0,RUNNING_OPTIMAL,0,NORMAL,5.5,OFF_PEAK,GOOD
2026-01-01 01:45:00,COMPRESSOR_01,Air Compressor,33.874,8.4685,414.7,53.59,70.59,2.389,2940.2,2688.02,211.89,210.0,RUNNING_OPTIMAL,0,NORMAL,5.5,OFF_PEAK,GOOD
2026-01-01 01:45:00,HVAC_01,HVAC System,44.321,11.0802,419.7,69.28,41.63,1.801,966.2,3009.24,1223.99,1200.0,RUNNING_OPTIMAL,0,NORMAL,5.5,OFF_PEAK,GOOD
2026-01-01 01:45:00,MOTOR_01,Spinning Motor,41.406,10.3515,419.1,64.82,58.41,1.874,1485.8,2764.18,50.97,48.0,RUNNING_OPTIMAL,0,NORMAL,5.5,OFF_PEAK,GOOD
2026-01-01 01:45:00,PUMP_01,Water Pump,16.934,4.2335,415.0,26.77,49.4,1.507,1447.1,2606.95,29.26,28.0,RUNNING_OPTIMAL,0,NORMAL,5.5,OFF_PEAK,GOOD
2026-01-01 02:00:00,COMPRESSOR_01,Air Compressor,36.273,9.0683,416.0,57.21,70.88,2.365,2950.0,2688.27,228.62,210.0,RUNNING_OPTIMAL,0,NORMAL,5.5,OFF_PEAK,GOOD
2026-01-01 02:00:00,HVAC_01,HVAC System,43.722,10.9305,421.2,68.1,41.75,1.694,981.0,3009.49,1278.06,1200.0,RUNNING_OPTIMAL,0,NORMAL,5.5,OFF_PEAK,GOOD
2026-01-01 02:00:00,MOTOR_01,Spinning Motor,43.689,10.9222,421.6,67.99,57.73,1.935,1495.1,2764.43,52.56,48.0,RUNNING_OPTIMAL,0,NORMAL,5.5,OFF_PEAK,GOOD
2026-01-01 02:00:00,PUMP_01,Water Pump,16.961,4.2402,420.3,26.48,46.29,1.583,1448.9,2607.2,29.59,28.0,RUNNING_OPTIMAL,0,NORMAL,5.5,OFF_PEAK,GOOD
2026-01-01 02:15:00,COMPRESSOR_01,Air Compressor,35.274,8.8185,412.0,56.17,72.54,2.288,2936.7,2688.52,227.62,210.0,RUNNING_OPTIMAL,0,NORMAL,5.5,OFF_PEAK,GOOD
2026-01-01 02:15:00,HVAC_01,HVAC System,43.244,10.811,419.6,67.62,39.79,1.72,978.7,3009.74,1242.15,1200.0,RUNNING_OPTIMAL,0,NORMAL,5.5,OFF_PEAK,GOOD
2026-01-01 02:15:00,MOTOR_01,Spinning Motor,42.635,10.6588,417.9,66.93,57.12,1.898,1480.0,2764.68,52.55,48.0,RUNNING_OPTIMAL,0,NORMAL,5.5,OFF_PEAK,GOOD
2026-01-01 02:15:00,PUMP_01,Water Pump,16.413,4.1032,418.2,25.75,47.92,1.534,1446.2,2607.45,29.07,28.0,RUNNING_OPTIMAL,0,NORMAL,5.5,OFF_PEAK,GOOD
2026-01-01 02:30:00,COMPRESSOR_01,Air Compressor,35.014,8.7535,415.5,55.29,71.38,2.35,2947.8,2688.77,218.49,210.0,RUNNING_OPTIMAL,0,NORMAL,5.5,OFF_PEAK,GOOD
2026-01-01 02:30:00,HVAC_01,HVAC System,43.179,10.7948,419.7,67.5,40.4,1.66,985.2,3009.99,1195.3,1200.0,RUNNING_OPTIMAL,0,NORMAL,5.5,OFF_PEAK,GOOD
2026-01-01 02:30:00,MOTOR_01,Spinning Motor,43.004,10.751,420.7,67.06,58.24,2.066,1483.5,2764.93,51.21,48.0,RUNNING_OPTIMAL,0,NORMAL,5.5,OFF_PEAK,GOOD
2026-01-01 02:30:00,PUMP_01,Water Pump,16.507,4.1268,420.6,25.75,46.67,1.499,1456.3,2607.7,29.61,28.0,RUNNING_OPTIMAL,0,NORMAL,5.5,OFF_PEAK,GOOD
2026-01-01 02:45:00,COMPRESSOR_01,Air Compressor,32.311,8.0778,422.4,50.19,69.31,2.39,2952.2,2689.02,209.94,210.0,RUNNING_OPTIMAL,0,NORMAL,5.5,OFF_PEAK,GOOD
2026-01-01 02:45:00,HVAC_01,HVAC System,43.035,10.7587,417.2,67.68,40.91,1.647,982.9,3010.24,1242.44,1200.0,RUNNING_OPTIMAL,0,NORMAL,5.5,OFF_PEAK,GOOD
2026-01-01 02:45:00,MOTOR_01,Spinning Motor,40.759,10.1898,418.3,63.93,57.54,1.736,1488.2,2765.18,50.18,48.0,RUNNING_OPTIMAL,0,NORMAL,5.5,OFF_PEAK,GOOD
2026-01-01 02:45:00,PUMP_01,Water Pump,14.45,3.6125,418.2,22.67,48.11,1.608,1449.0,2607.95,28.4,28.0,RUNNING_OPTIMAL,0,NORMAL,5.5,OFF_PEAK,GOOD
2026-01-01 03:00:00,COMPRESSOR_01,Air Compressor,35.579,8.8948,422.3,55.28,70.94,2.57,2945.8,2689.27,218.63,210.0,RUNNING_OPTIMAL,0,NORMAL,5.5,OFF_PEAK,GOOD
2026-01-01 03:00:00,HVAC_01,HVAC System,46.784,11.696,423.3,72.51,41.58,1.787,976.7,3010.49,1325.94,1200.0,RUNNING_OPTIMAL,0,NORMAL,5.5,OFF_PEAK,GOOD
2026-01-01 03:00:00,MOTOR_01,Spinning Motor,42.624,10.656,416.5,67.14,56.96,1.887,1482.9,2765.43,53.51,48.0,RUNNING_OPTIMAL,0,NORMAL,5.5,OFF_PEAK,GOOD
2026-01-01 03:00:00,PUMP_01,Water Pump,16.021,4.0052,416.8,25.22,47.27,1.569,1452.1,2608.2,28.37,28.0,RUNNING_OPTIMAL,0,NORMAL,5.5,OFF_PEAK,GOOD
2026-01-01 03:15:00,COMPRESSOR_01,Air Compressor,36.346,9.0865,421.7,56.55,70.67,2.289,2938.3,2689.52,220.56,210.0,RUNNING_OPTIMAL,0,NORMAL,5.5,OFF_PEAK,GOOD
2026-01-01 03:15:00,HVAC_01,HVAC System,41.912,10.478,419.1,65.61,42.39,1.796,982.2,3010.74,1221.35,1200.0,RUNNING_OPTIMAL,0,NORMAL,5.5,OFF_PEAK,GOOD
2026-01-01 03:15:00,MOTOR_01,Spinning Motor,39.904,9.976,420.0,62.33,57.52,1.893,1483.8,2765.68,49.34,48.0,RUNNING_OPTIMAL,0,NORMAL,5.5,OFF_PEAK,GOOD
2026-01-01 03:15:00,PUMP_01,Water Pump,17.162,4.2905,422.0,26.68,48.37,1.571,1449.0,2608.45,30.49,28.0,RUNNING_OPTIMAL,0,NORMAL,5.5,OFF_PEAK,GOOD
2026-01-01 03:30:00,COMPRESSOR_01,Air Compressor,34.994,8.7485,415.1,55.31,70.95,2.303,2946.8,2689.77,225.53,210.0,RUNNING_OPTIMAL,0,NORMAL,5.5,OFF_PEAK,GOOD
2026-01-01 03:30:00,HVAC_01,HVAC System,46.376,11.594,422.8,71.96,41.22,1.742,972.8,3010.99,1295.0,1200.0,RUNNING_OPTIMAL,0,NORMAL,5.5,OFF_PEAK,GOOD
2026-01-01 03:30:00,MOTOR_01,Spinning Motor,41.033,10.2582,422.6,63.7,58.0,2.012,1484.3,2765.93,48.77,48.0,RUNNING_OPTIMAL,0,NORMAL,5.5,OFF_PEAK,GOOD
2026-01-01 03:30:00,PUMP_01,Water Pump,16.244,4.061,419.3,25.42,47.74,1.638,1445.6,2608.7,30.92,28.0,RUNNING_OPTIMAL,0,NORMAL,5.5,OFF_PEAK,GOOD
2026-01-01 03:45:00,COMPRESSOR_01,Air Compressor,33.616,8.404,419.7,52.55,71.13,2.413,2949.7,2690.02,217.03,210.0,RUNNING_OPTIMAL,0,NORMAL,5.5,OFF_PEAK,GOOD
2026-01-01 03:45:00,HVAC_01,HVAC System,46.27,11.5675,418.1,72.61,40.77,1.778,979.4,3011.24,1295.21,1200.0,RUNNING_OPTIMAL,0,NORMAL,5.5,OFF_PEAK,GOOD
2026-01-01 03:45:00,MOTOR_01,Spinning Motor,42.17,10.5425,423.0,65.41,58.9,1.878,1488.8,2766.18,49.87,48.0,RUNNING_OPTIMAL,0,NORMAL,5.5,OFF_PEAK,GOOD
2026-01-01 03:45:00,PUMP_01,Water Pump,16.53,4.1325,419.5,25.85,47.93,1.612,1455.5,2608.95,29.38,28.0,RUNNING_OPTIMAL,0,NORMAL,5.5,OFF_PEAK,GOOD
2026-01-01 04:00:00,COMPRESSOR_01,Air Compressor,36.648,9.162,422.8,56.87,72.18,2.437,2945.6,2690.27,227.01,210.0,RUNNING_OPTIMAL,0,NORMAL,5.5,OFF_PEAK,GOOD
2026-01-01 04:00:00,HVAC_01,HVAC System,44.758,11.1895,419.2,70.05,41.02,1.829,976.6,3011.49,1269.34,1200.0,RUNNING_OPTIMAL,0,NORMAL,5.5,OFF_PEAK,GOOD
2026-01-01 04:00:00,MOTOR_01,Spinning Motor,45.699,11.4248,419.6,71.45,59.21,2.032,1480.6,2766.43,53.08,48.0,RUNNING_OPTIMAL,0,NORMAL,5.5,OFF_PEAK,GOOD
2026-01-01 04:00:00,PUMP_01,Water Pump,16.316,4.079,422.4,25.34,48.62,1.553,1448.5,2609.2,28.83,28.0,RUNNING_OPTIMAL,0,NORMAL,5.5,OFF_PEAK,GOOD
2026-01-01 04:15:00,COMPRESSOR_01,Air Compressor,36.896,9.224,421.7,57.4,71.46,2.428,2938.6,2690.52,232.82,210.0,RUNNING_OPTIMAL,0,NORMAL,5.5,OFF_PEAK,GOOD
2026-01-01 04:15:00,HVAC_01,HVAC System,42.692,10.673,420.1,66.67,41.69,1.728,973.6,3011.74,1219.76,1200.0,RUNNING_OPTIMAL,0,NORMAL,5.5,OFF_PEAK,GOOD
2026-01-01 04:15:00,MOTOR_01,Spinning Motor,43.427,10.8568,423.2,67.32,58.46,1.94,1479.9,2766.68,53.46,48.0,RUNNING_OPTIMAL,0,NORMAL,5.5,OFF_PEAK,GOOD
2026-01-01 04:15:00,PUMP_01,Water Pump,17.472,4.368,420.6,27.25,51.58,1.564,1446.1,2609.45,30.46,28.0,RUNNING_OPTIMAL,0,NORMAL,5.5,OFF_PEAK,GOOD
2026-01-01 04:30:00,COMPRESSOR_01,Air Compressor,36.829,9.2072,422.7,57.16,73.06,2.523,2941.3,2690.77,233.84,210.0,RUNNING_OPTIMAL,0,NORMAL,5.5,OFF_PEAK,GOOD
2026-01-01 04:30:00,HVAC_01,HVAC System,43.504,10.876,424.3,67.27,40.9,1.86,974.0,3011.99,1218.3,1200.0,RUNNING_OPTIMAL,0,NORMAL,5.5,OFF_PEAK,GOOD
2026-01-01 04:30:00,MOTOR_01,Spinning Motor,46.59,11.6475,419.8,72.81,59.21,1.861,1479.5,2766.93,55.44,48.0,RUNNING_OPTIMAL,0,NORMAL,5.5,OFF_PEAK,GOOD
2026-01-01 04:30:00,PUMP_01,Water Pump,17.428,4.357,423.7,26.99,49.5,1.407,1451.2,2609.7,29.52,28.0,RUNNING_OPTIMAL,0,NORMAL,5.5,OFF_PEAK,GOOD
2026-01-01 04:45:00,COMPRESSOR_01,Air Compressor,36.289,9.0722,425.3,55.98,70.67,2.369,2948.6,2691.02,229.75,210.0,RUNNING_OPTIMAL,0,NORMAL,5.5,OFF_PEAK,GOOD
2026-01-01 04:45:00,HVAC_01,HVAC System,48.136,12.034,417.5,75.64,41.92,1.679,975.1,3012.24,1331.54,1200.0,RUNNING_OPTIMAL,0,NORMAL,5.5,OFF_PEAK,GOOD
2026-01-01 04:45:00,MOTOR_01,Spinning Motor,44.525,11.1312,425.2,68.7,59.68,1.982,1482.4,2767.18,51.33,48.0,RUNNING_OPTIMAL,0,NORMAL,5.5,OFF_PEAK,GOOD
2026-01-01 04:45:00,PUMP_01,Water Pump,16.691,4.1728,426.5,25.68,49.28,1.556,1448.7,2609.95,29.39,28.0,RUNNING_OPTIMAL,0,NORMAL,5.5,OFF_PEAK,GOOD
2026-01-01 05:00:00,COMPRESSOR_01,Air Compressor,37.514,9.3785,423.0,58.18,72.68,2.491,2946.7,2691.27,239.19,210.0,RUNNING_OPTIMAL,0,NORMAL,5.5,OFF_PEAK,GOOD
2026-01-01 05:00:00,HVAC_01,HVAC System,46.159,11.5398,425.3,71.21,43.02,1.73,979.3,3012.49,1276.36,1200.0,RUNNING_OPTIMAL,0,NORMAL,5.5,OFF_PEAK,GOOD
2026-01-01 05:00:00,MOTOR_01,Spinning Motor,43.305,10.8262,425.1,66.83,59.22,2.034,1478.2,2767.43,54.94,48.0,RUNNING_OPTIMAL,0,NORMAL,5.5,OFF_PEAK,GOOD
2026-01-01 05:00:00,PUMP_01,Water Pump,17.713,4.4282,422.1,27.53,51.66,1.54,1445.8,2610.2,31.26,28.0,RUNNING_OPTIMAL,0,NORMAL,5.5,OFF_PEAK,GOOD
2026-01-01 05:15:00,COMPRESSOR_01,Air Compressor,34.775,8.6938,422.7,53.97,71.85,2.333,2945.5,2691.52,224.64,210.0,RUNNING_OPTIMAL,0,NORMAL,5.5,OFF_PEAK,GOOD
2026-01-01 05:15:00,HVAC_01,HVAC System,44.839,11.2098,421.5,69.79,42.34,1.779,971.8,3012.74,1256.49,1200.0,RUNNING_OPTIMAL,0,NORMAL,5.5,OFF_PEAK,GOOD
2026-01-01 05:15:00,MOTOR_01,Spinning Motor,42.023,10.5058,424.1,65.01,58.9,2.026,1477.1,2767.68,50.51,48.0,RUNNING_OPTIMAL,0,NORMAL,5.5,OFF_PEAK,GOOD
2026-01-01 05:15:00,PUMP_01,Water Pump,16.739,4.1848,426.0,25.78,50.04,1.458,1453.4,2610.45,26.1,28.0,RUNNING_OPTIMAL,0,NORMAL,5.5,OFF_PEAK,GOOD
2026-01-01 05:30:00,COMPRESSOR_01,Air Compressor,36.208,9.052,423.6,56.08,72.7,2.342,2947.5,2691.77,230.67,210.0,RUNNING_OPTIMAL,0,NORMAL,5.5,OFF_PEAK,GOOD
2026-01-01 05:30:00,HVAC_01,HVAC System,45.28,11.32,427.0,69.57,41.53,1.653,975.2,3012.99,1282.62,1200.0,RUNNING_OPTIMAL,0,NORMAL,5.5,OFF_PEAK,GOOD
2026-01-01 05:30:00,MOTOR_01,Spinning Motor,45.075,11.2688,422.4,70.01,60.24,1.903,1474.9,2767.93,55.72,48.0,RUNNING_OPTIMAL,0,NORMAL,5.5,OFF_PEAK,GOOD
2026-01-01 05:30:00,PUMP_01,Water Pump,16.066,4.0165,418.0,25.22,48.59,1.376,1449.7,2610.7,28.04,28.0,RUNNING_OPTIMAL,0,NORMAL,5.5,OFF_PEAK,GOOD
2026-01-01 05:45:00,COMPRESSOR_01,Air Compressor,34.741,8.6852,426.4,53.45,72.79,2.365,2943.4,2692.02,223.84,210.0,RUNNING_OPTIMAL,0,NORMAL,5.5,OFF_PEAK,GOOD
2026-01-01 05:45:00,HVAC_01,HVAC System,45.882,11.4705,425.7,70.71,42.27,1.672,980.2,3013.24,1285.24,1200.0,RUNNING_OPTIMAL,0,NORMAL,5.5,OFF_PEAK,GOOD
2026-01-01 05:45:00,MOTOR_01,Spinning Motor,43.502,10.8755,421.4,67.73,60.25,2.047,1480.1,2768.18,51.6,48.0,RUNNING_OPTIMAL,0,NORMAL,5.5,OFF_PEAK,GOOD
2026-01-01 05:45:00,PUMP_01,Water Pump,19.053,4.7632,423.8,29.5,50.65,1.419,1446.1,2610.95,31.31,28.0,RUNNING_OPTIMAL,0,NORMAL,5.5,OFF_PEAK,GOOD
2026-01-01 06:00:00,COMPRESSOR_01,Air Compressor,37.291,9.3227,418.7,58.43,73.47,2.532,2943.8,2692.27,238.93,210.0,RUNNING_OPTIMAL,0,NORMAL,7.5,NORMAL,GOOD
2026-01-01 06:00:00,HVAC_01,HVAC System,43.494,10.8735,419.9,67.96,43.63,1.706,976.1,3013.49,1245.64,1200.0,RUNNING_OPTIMAL,0,NORMAL,7.5,NORMAL,GOOD
2026-01-01 06:00:00,MOTOR_01,Spinning Motor,44.233,11.0582,423.1,68.59,62.31,1.992,1483.6,2768.43,52.55,48.0,RUNNING_OPTIMAL,0,NORMAL,7.5,NORMAL,GOOD
2026-01-01 06:00:00,PUMP_01,Water Pump,15.58,3.895,425.7,24.01,50.02,1.569,1451.7,2611.2,27.25,28.0,RUNNING_OPTIMAL,0,NORMAL,7.5,NORMAL,GOOD
2026-01-01 06:15:00,COMPRESSOR_01,Air Compressor,37.246,9.3115,422.8,57.8,74.7,2.417,2945.7,2692.52,233.22,210.0,RUNNING_OPTIMAL,0,NORMAL,7.5,NORMAL,GOOD
2026-01-01 06:15:00,HVAC_01,HVAC System,45.118,11.2795,421.0,70.31,43.39,1.778,980.2,3013.74,1288.96,1200.0,RUNNING_OPTIMAL,0,NORMAL,7.5,NORMAL,GOOD
2026-01-01 06:15:00,MOTOR_01,Spinning Motor,45.231,11.3078,423.6,70.05,62.1,2.047,1477.1,2768.68,53.07,48.0,RUNNING_OPTIMAL,0,NORMAL,7.5,NORMAL,GOOD
2026-01-01 06:15:00,PUMP_01,Water Pump,18.945,4.7362,426.0,29.18,51.38,1.722,1446.4,2611.45,29.05,28.0,RUNNING_OPTIMAL,0,NORMAL,7.5,NORMAL,GOOD
2026-01-01 06:30:00,COMPRESSOR_01,Air Compressor,34.749,8.6872,425.0,53.64,73.15,2.479,2939.1,2692.77,223.06,210.0,RUNNING_OPTIMAL,0,NORMAL,7.5,NORMAL,GOOD
2026-01-01 06:30:00,HVAC_01,HVAC System,45.881,11.4702,424.2,70.96,43.27,1.823,975.5,3013.99,1275.36,1200.0,RUNNING_OPTIMAL,0,NORMAL,7.5,NORMAL,GOOD
2026-01-01 06:30:00,MOTOR_01,Spinning Motor,43.93,10.9825,423.4,68.07,60.83,2.072,1487.5,2768.93,53.59,48.0,RUNNING_OPTIMAL,0,NORMAL,7.5,NORMAL,GOOD
2026-01-01 06:30:00,PUMP_01,Water Pump,17.448,4.362,422.2,27.11,51.92,1.616,1440.7,2611.7,32.29,28.0,RUNNING_OPTIMAL,0,NORMAL,7.5,NORMAL,GOOD
2026-01-01 06:45:00,COMPRESSOR_01,Air Compressor,35.607,8.9018,422.4,55.31,74.07,2.265,2944.3,2693.02,222.11,210.0,RUNNING_OPTIMAL,0,NORMAL,7.5,NORMAL,GOOD
2026-01-01 06:45:00,HVAC_01,HVAC System,46.861,11.7152,419.6,73.27,43.5,1.746,980.5,3014.24,1284.74,1200.0,RUNNING_OPTIMAL,0,NORMAL,7.5,NORMAL,GOOD
2026-01-01 06:45:00,MOTOR_01,Spinning Motor,40.443,10.1108,423.9,62.59,59.81,1.95,1483.4,2769.18,49.84,48.0,RUNNING_OPTIMAL,0,NORMAL,7.5,NORMAL,GOOD
2026-01-01 06:45:00,PUMP_01,Water Pump,18.636,4.659,424.4,28.81,51.85,1.517,1445.8,2611.95,29.51,28.0,RUNNING_OPTIMAL,0,NORMAL,7.5,NORMAL,GOOD
2026-01-01 07:00:00,COMPRESSOR_01,Air Compressor,37.353,9.3382,420.0,58.35,76.04,2.503,2939.5,2693.27,237.01,210.0,RUNNING_OPTIMAL,0,NORMAL,7.5,NORMAL,GOOD
2026-01-01 07:00:00,HVAC_01,HVAC System,47.983,11.9957,423.5,74.33,46.96,1.705,977.8,3014.49,1364.42,1200.0,RUNNING_OPTIMAL,0,NORMAL,7.5,NORMAL,GOOD
2026-01-01 07:00:00,MOTOR_01,Spinning Motor,42.582,10.6455,419.6,66.58,61.61,2.085,1478.6,2769.43,51.69,48.0,RUNNING_OPTIMAL,0,NORMAL,7.5,NORMAL,GOOD
2026-01-01 07:00:00,PUMP_01,Water Pump,16.725,4.1812,417.8,26.26,51.3,1.591,1452.1,2612.2,32.1,28.0,RUNNING_OPTIMAL,0,NORMAL,7.5,NORMAL,GOOD
2026-01-01 07:15:00,COMPRESSOR_01,Air Compressor,39.666,9.9165,425.9,61.1,74.03,2.375,2943.3,2693.52,239.04,210.0,RUNNING_OPTIMAL,0,NORMAL,7.5,NORMAL,GOOD
2026-01-01 07:15:00,HVAC_01,HVAC System,46.872,11.718,422.7,72.75,44.66,1.862,982.6,3014.74,1315.4,1200.0,RUNNING_OPTIMAL,0,NORMAL,7.5,NORMAL,GOOD
2026-01-01 07:15:00,MOTOR_01,Spinning Motor,46.475,11.6188,421.2,72.39,63.09,1.981,1486.0,2769.68,55.08,48.0,RUNNING_OPTIMAL,0,NORMAL,7.5,NORMAL,GOOD
2026-01-01 07:15:00,PUMP_01,Water Pump,17.691,4.4228,425.7,27.26,52.95,1.614,1444.6,2612.45,29.09,28.0,RUNNING_OPTIMAL,0,NORMAL,7.5,NORMAL,GOOD
2026-01-01 07:30:00,COMPRESSOR_01,Air Compressor,36.482,9.1205,428.0,55.92,74.58,2.394,2942.8,2693.77,231.99,210.0,RUNNING_OPTIMAL,0,NORMAL,7.5,NORMAL,GOOD
2026-01-01 07:30:00,HVAC_01,HVAC System,44.993,11.2482,426.0,69.29,45.36,1.578,973.4,3014.99,1284.31,1200.0,RUNNING_OPTIMAL,0,NORMAL,7.5,NORMAL,GOOD
2026-01-01 07:30:00,MOTOR_01,Spinning Motor,41.142,10.2855,418.7,64.47,63.0,1.933,1479.1,2769.93,51.11,48.0,RUNNING_OPTIMAL,0,NORMAL,7.5,NORMAL,GOOD
2026-01-01 07:30:00,PUMP_01,Water Pump,17.633,4.4082,424.9,27.23,52.47,1.63,1442.5,2612.7,33.69,28.0,RUNNING_OPTIMAL,0,NORMAL,7.5,NORMAL,GOOD
2026-01-01 07:45:00,COMPRESSOR_01,Air Compressor,33.206,8.3015,423.2,51.48,73.42,2.386,2945.2,2694.02,219.09,210.0,RUNNING_OPTIMAL,0,NORMAL,7.5,NORMAL,GOOD
2026-01-01 07:45:00,HVAC_01,HVAC System,45.506,11.3765,420.2,71.05,45.46,1.771,977.9,3015.24,1284.06,1200.0,RUNNING_OPTIMAL,0,NORMAL,7.5,NORMAL,GOOD
2026-01-01 07:45:00,MOTOR_01,Spinning Motor,45.367,11.3418,419.5,70.95,63.49,1.869,1482.5,2770.18,55.97,48.0,RUNNING_OPTIMAL,0,NORMAL,7.5,NORMAL,GOOD
2026-01-01 07:45:00,PUMP_01,Water Pump,16.841,4.2102,420.9,26.25,52.65,1.546,1452.8,2612.95,31.17,28.0,RUNNING_OPTIMAL,0,NORMAL,7.5,NORMAL,GOOD
2026-01-01 08:00:00,COMPRESSOR_01,Air Compressor,34.27,8.5675,418.2,53.76,76.17,2.446,2944.6,2694.27,224.3,210.0,RUNNING_OPTIMAL,0,NORMAL,7.5,NORMAL,GOOD
2026-01-01 08:00:00,HVAC_01,HVAC System,45.704,11.426,419.1,71.55,46.55,1.847,978.0,3015.49,1310.44,1200.0,RUNNING_OPTIMAL,0,NORMAL,7.5,NORMAL,GOOD
2026-01-01 08:00:00,MOTOR_01,Spinning Motor,43.895,10.9738,418.7,68.78,62.45,1.856,1482.2,2770.43,51.26,48.0,RUNNING_OPTIMAL,0,NORMAL,7.5,NORMAL,GOOD
2026-01-01 08:00:00,PUMP_01,Water Pump,16.932,4.233,422.5,26.29,52.11,1.462,1452.4,2613.2,29.6,28.0,RUNNING_OPTIMAL,0,NORMAL,7.5,NORMAL,GOOD
2026-01-01 08:15:00,COMPRESSOR_01,Air Compressor,32.574,8.1435,413.8,51.65,75.6,2.326,2941.9,2694.52,209.48,210.0,RUNNING_OPTIMAL,0,NORMAL,7.5,NORMAL,GOOD
2026-01-01 08:15:00,HVAC_01,HVAC System,46.734,11.6835,210.0,146.01,47.25,1.891,975.2,3015.74,1363.41,1200.0,RUNNING_OPTIMAL,1,SENSOR_GLITCH,7.5,NORMAL,GOOD
2026-01-01 08:15:00,MOTOR_01,Spinning Motor,45.859,11.4648,424.2,70.93,63.42,1.983,1480.2,2770.68,57.12,48.0,RUNNING_OPTIMAL,0,NORMAL,7.5,NORMAL,GOOD
2026-01-01 08:15:00,PUMP_01,Water Pump,15.631,3.9078,421.8,24.31,52.7,1.606,1449.2,2613.45,29.71,28.0,RUNNING_OPTIMAL,0,NORMAL,7.5,NORMAL,GOOD
2026-01-01 08:30:00,COMPRESSOR_01,Air Compressor,36.992,9.248,420.9,57.66,75.72,2.495,2939.8,2694.77,237.5,210.0,RUNNING_OPTIMAL,0,NORMAL,7.5,NORMAL,GOOD
2026-01-01 08:30:00,HVAC_01,HVAC System,44.828,11.207,210.0,140.05,46.77,1.71,975.0,3015.99,1300.76,1200.0,RUNNING_OPTIMAL,1,SENSOR_GLITCH,7.5,NORMAL,GOOD
2026-01-01 08:30:00,MOTOR_01,Spinning Motor,42.493,10.6232,427.2,65.26,63.21,1.808,1484.8,2770.93,52.98,48.0,RUNNING_OPTIMAL,0,NORMAL,7.5,NORMAL,GOOD
2026-01-01 08:30:00,PUMP_01,Water Pump,19.231,4.8078,421.3,29.95,53.23,1.539,1448.4,2613.7,31.27,28.0,RUNNING_OPTIMAL,0,NORMAL,7.5,NORMAL,GOOD
2026-01-01 08:45:00,COMPRESSOR_01,Air Compressor,37.927,9.4818,424.7,58.59,76.14,2.268,2940.4,2695.02,238.36,210.0,RUNNING_OPTIMAL,0,NORMAL,7.5,NORMAL,GOOD
2026-01-01 08:45:00,HVAC_01,HVAC System,46.196,11.549,422.3,71.77,46.47,1.835,975.0,3016.24,1341.64,1200.0,RUNNING_OPTIMAL,0,NORMAL,7.5,NORMAL,GOOD
2026-01-01 08:45:00,MOTOR_01,Spinning Motor,43.702,10.9255,420.8,68.14,63.36,1.93,1483.2,2771.18,53.15,48.0,RUNNING_OPTIMAL,0,NORMAL,7.5,NORMAL,GOOD
2026-01-01 08:45:00,PUMP_01,Water Pump,17.346,4.3365,421.0,27.03,52.86,1.618,1451.4,2613.95,29.99,28.0,RUNNING_OPTIMAL,0,NORMAL,7.5,NORMAL,GOOD
2026-01-01 09:00:00,COMPRESSOR_01,Air Compressor,32.126,8.0315,418.4,50.38,76.52,2.351,2946.5,2695.27,207.26,210.0,RUNNING_OPTIMAL,0,NORMAL,7.5,NORMAL,GOOD
2026-01-01 09:00:00,HVAC_01,HVAC System,44.273,11.0683,421.1,68.98,46.41,1.6,979.3,3016.49,1270.95,1200.0,RUNNING_OPTIMAL,0,NORMAL,7.5,NORMAL,GOOD
2026-01-01 09:00:00,MOTOR_01,Spinning Motor,41.021,10.2552,422.8,63.65,65.13,1.979,1486.8,2771.43,50.76,48.0,RUNNING_OPTIMAL,0,NORMAL,7.5,NORMAL,GOOD
2026-01-01 09:00:00,PUMP_01,Water Pump,17.369,4.3422,418.7,27.22,55.37,1.512,1443.4,2614.2,31.89,28.0,RUNNING_OPTIMAL,0,NORMAL,7.5,NORMAL,GOOD
2026-01-01 09:15:00,COMPRESSOR_01,Air Compressor,37.001,9.2502,424.6,57.17,78.79,2.529,2942.0,2695.52,231.31,210.0,RUNNING_OPTIMAL,0,NORMAL,7.5,NORMAL,GOOD
2026-01-01 09:15:00,HVAC_01,HVAC System,44.547,11.1367,420.2,69.55,45.1,1.687,976.6,3016.74,1244.81,1200.0,RUNNING_OPTIMAL,0,NORMAL,7.5,NORMAL,GOOD
2026-01-01 09:15:00,MOTOR_01,Spinning Motor,42.322,10.5805,419.6,66.17,63.68,1.91,1474.8,2771.68,53.38,48.0,RUNNING_OPTIMAL,0,NORMAL,7.5,NORMAL,GOOD
2026-01-01 09:15:00,PUMP_01,Water Pump,15.135,3.7838,423.5,23.45,54.52,1.613,1443.7,2614.45,28.41,28.0,RUNNING_OPTIMAL,0,NORMAL,7.5,NORMAL,GOOD
2026-01-01 09:30:00,COMPRESSOR_01,Air Compressor,38.101,9.5252,421.2,59.35,78.72,2.473,2948.4,2695.77,230.81,210.0,RUNNING_OPTIMAL,0,NORMAL,7.5,NORMAL,GOOD
2026-01-01 09:30:00,HVAC_01,HVAC System,43.433,10.8582,422.9,67.38,45.95,1.577,977.5,3016.99,1250.87,1200.0,RUNNING_OPTIMAL,0,NORMAL,7.5,NORMAL,GOOD
2026-01-01 09:30:00,MOTOR_01,Spinning Motor,41.804,10.451,422.8,64.87,64.84,1.911,1482.8,2771.93,51.56,48.0,RUNNING_OPTIMAL,0,NORMAL,7.5,NORMAL,GOOD
2026-01-01 09:30:00,PUMP_01,Water Pump,18.067,4.5168,418.8,28.3,55.11,1.576,1440.7,2614.7,31.99,28.0,RUNNING_OPTIMAL,0,NORMAL,7.5,NORMAL,GOOD
2026-01-01 09:45:00,COMPRESSOR_01,Air Compressor,33.551,8.3878,422.7,52.08,76.82,2.272,2949.2,2696.02,210.29,210.0,RUNNING_OPTIMAL,0,NORMAL,7.5,NORMAL,GOOD
2026-01-01 09:45:00,HVAC_01,HVAC System,43.632,10.908,417.6,68.55,46.62,1.771,970.7,3017.24,1268.41,1200.0,RUNNING_OPTIMAL,0,NORMAL,7.5,NORMAL,GOOD
2026-01-01 09:45:00,MOTOR_01,Spinning Motor,41.289,10.3222,417.7,64.85,64.98,1.811,1490.3,2772.18,50.11,48.0,RUNNING_OPTIMAL,0,NORMAL,7.5,NORMAL,GOOD
2026-01-01 09:45:00,PUMP_01,Water Pump,17.581,4.3952,423.5,27.24,53.27,1.655,1449.4,2614.95,30.8,28.0,RUNNING_OPTIMAL,0,NORMAL,7.5,NORMAL,GOOD
2026-01-01 10:00:00,COMPRESSOR_01,Air Compressor,37.495,9.3738,417.8,58.88,78.85,2.266,2947.3,2696.27,230.31,210.0,RUNNING_OPTIMAL,0,NORMAL,7.5,NORMAL,GOOD
2026-01-01 10:00:00,HVAC_01,HVAC System,42.214,10.5535,417.0,66.42,48.81,1.822,977.5,3017.49,1218.34,1200.0,RUNNING_OPTIMAL,0,NORMAL,7.5,NORMAL,GOOD
2026-01-01 10:00:00,MOTOR_01,Spinning Motor,42.974,10.7435,421.0,66.97,65.61,1.792,1479.4,2772.43,53.57,48.0,RUNNING_OPTIMAL,0,NORMAL,7.5,NORMAL,GOOD
2026-01-01 10:00:00,PUMP_01,Water Pump,16.323,4.0808,424.9,25.2,54.06,1.416,1451.2,2615.2,29.28,28.0,RUNNING_OPTIMAL,0,NORMAL,7.5,NORMAL,GOOD
2026-01-01 10:15:00,COMPRESSOR_01,Air Compressor,35.375,8.8438,422.1,54.98,78.17,2.233,2949.2,2696.52,219.36,210.0,RUNNING_OPTIMAL,0,NORMAL,7.5,NORMAL,GOOD
2026-01-01 10:15:00,HVAC_01,HVAC System,43.128,10.782,420.7,67.26,46.44,1.862,970.3,3017.74,1184.61,1200.0,RUNNING_OPTIMAL,0,NORMAL,7.5,NORMAL,GOOD
2026-01-01 10:15:00,MOTOR_01,Spinning Motor,43.315,10.8288,417.8,68.02,65.7,2.003,1480.6,2772.68,52.23,48.0,RUNNING_OPTIMAL,0,NORMAL,7.5,NORMAL,GOOD
2026-01-01 10:15:00,PUMP_01,Water Pump,15.073,3.7682,422.0,23.43,55.84,1.486,1447.6,2615.45,29.15,28.0,RUNNING_OPTIMAL,0,NORMAL,7.5,NORMAL,GOOD
2026-01-01 10:30:00,COMPRESSOR_01,Air Compressor,34.723,8.6808,419.0,54.37,78.17,2.452,2948.0,2696.77,214.69,210.0,RUNNING_OPTIMAL,0,NORMAL,7.5,NORMAL,GOOD
2026-01-01 10:30:00,HVAC_01,HVAC System,44.207,11.0518,413.0,70.23,49.23,1.676,976.0,3017.99,1286.51,1200.0,RUNNING_OPTIMAL,0,NORMAL,7.5,NORMAL,GOOD
2026-01-01 10:30:00,MOTOR_01,Spinning Motor,41.591,10.3978,418.9,65.14,66.2,1.92,1475.4,2772.93,49.09,48.0,RUNNING_OPTIMAL,0,NORMAL,7.5,NORMAL,GOOD
2026-01-01 10:30:00,PUMP_01,Water Pump,16.306,4.0765,421.3,25.39,55.13,1.375,1445.2,2615.7,29.07,28.0,RUNNING_OPTIMAL,0,NORMAL,7.5,NORMAL,GOOD
2026-01-01 10:45:00,COMPRESSOR_01,Air Compressor,34.637,8.6592,418.2,54.34,78.27,2.368,2944.2,2697.02,215.22,210.0,RUNNING_OPTIMAL,0,NORMAL,7.5,NORMAL,GOOD
2026-01-01 10:45:00,HVAC_01,HVAC System,43.878,10.9695,421.8,68.25,47.85,1.815,971.7,3018.24,1239.74,1200.0,RUNNING_OPTIMAL,0,NORMAL,7.5,NORMAL,GOOD
2026-01-01 10:45:00,MOTOR_01,Spinning Motor,43.733,10.9332,420.1,68.3,65.86,1.849,1483.8,2773.18,51.25,48.0,RUNNING_OPTIMAL,0,NORMAL,7.5,NORMAL,GOOD
2026-01-01 10:45:00,PUMP_01,Water Pump,16.868,4.217,422.6,26.19,56.45,1.589,1447.9,2615.95,32.65,28.0,RUNNING_OPTIMAL,0,NORMAL,7.5,NORMAL,GOOD
2026-01-01 11:00:00,COMPRESSOR_01,Air Compressor,34.498,8.6245,418.0,54.15,80.37,2.298,2946.8,2697.27,215.55,210.0,RUNNING_OPTIMAL,0,NORMAL,7.5,NORMAL,GOOD
2026-01-01 11:00:00,HVAC_01,HVAC System,43.819,10.9548,412.3,69.73,50.02,1.756,978.4,3018.49,1247.19,1200.0,RUNNING_OPTIMAL,0,NORMAL,7.5,NORMAL,GOOD
2026-01-01 11:00:00,MOTOR_01,Spinning Motor,41.413,10.3532,421.7,64.43,66.21,2.127,1485.3,2773.43,49.73,48.0,RUNNING_OPTIMAL,0,NORMAL,7.5,NORMAL,GOOD
2026-01-01 11:00:00,PUMP_01,Water Pump,16.168,4.042,412.3,25.73,56.56,1.464,1451.2,2616.2,27.76,28.0,RUNNING_OPTIMAL,0,NORMAL,7.5,NORMAL,GOOD
2026-01-01 11:15:00,COMPRESSOR_01,Air Compressor,32.733,8.1832,417.8,51.4,78.94,2.317,2947.5,2697.52,206.24,210.0,RUNNING_OPTIMAL,0,NORMAL,7.5,NORMAL,GOOD
2026-01-01 11:15:00,HVAC_01,HVAC System,45.01,11.2525,416.3,70.93,49.99,1.707,977.7,3018.74,1253.57,1200.0,RUNNING_OPTIMAL,0,NORMAL,7.5,NORMAL,GOOD
2026-01-01 11:15:00,MOTOR_01,Spinning Motor,43.605,10.9012,413.7,69.15,67.26,1.841,1482.0,2773.68,52.03,48.0,RUNNING_OPTIMAL,0,NORMAL,7.5,NORMAL,GOOD
2026-01-01 11:15:00,PUMP_01,Water Pump,15.261,3.8152,416.1,24.06,55.49,1.571,1446.5,2616.45,28.9,28.0,RUNNING_OPTIMAL,0,NORMAL,7.5,NORMAL,GOOD
2026-01-01 11:30:00,COMPRESSOR_01,Air Compressor,33.387,8.3468,415.6,52.71,78.78,2.314,2954.6,2697.77,210.1,210.0,RUNNING_OPTIMAL,0,NORMAL,7.5,NORMAL,GOOD
2026-01-01 11:30:00,HVAC_01,HVAC System,41.233,10.3082,416.8,64.9,48.52,1.737,982.0,3018.99,1213.52,1200.0,RUNNING_OPTIMAL,0,NORMAL,7.5,NORMAL,GOOD
2026-01-01 11:30:00,MOTOR_01,Spinning Motor,40.478,10.1195,420.8,63.11,66.77,2.001,1474.9,2773.93,51.98,48.0,RUNNING_OPTIMAL,0,NORMAL,7.5,NORMAL,GOOD
2026-01-01 11:30:00,PUMP_01,Water Pump,17.492,4.373,416.1,27.58,57.46,1.506,1447.2,2616.7,29.89,28.0,RUNNING_OPTIMAL,0,NORMAL,7.5,NORMAL,GOOD
2026-01-01 11:45:00,COMPRESSOR_01,Air Compressor,31.869,7.9672,420.3,49.75,79.1,2.329,2946.0,2698.02,205.53,210.0,RUNNING_OPTIMAL,0,NORMAL,7.5,NORMAL,GOOD
2026-01-01 11:45:00,HVAC_01,HVAC System,44.116,11.029,420.7,68.8,49.58,1.83,985.1,3019.24,1227.59,1200.0,RUNNING_OPTIMAL,0,NORMAL,7.5,NORMAL,GOOD
2026-01-01 11:45:00,MOTOR_01,Spinning Motor,41.371,10.3428,416.9,65.11,66.2,1.975,1482.6,2774.18,48.96,48.0,RUNNING_OPTIMAL,0,NORMAL,7.5,NORMAL,GOOD
2026-01-01 11:45:00,PUMP_01,Water Pump,16.424,4.106,415.3,25.95,55.18,1.552,1450.6,2616.95,30.21,28.0,RUNNING_OPTIMAL,0,NORMAL,7.5,NORMAL,GOOD
2026-01-01 12:00:00,COMPRESSOR_01,Air Compressor,32.614,8.1535,413.1,51.8,80.07,2.347,2945.3,2698.27,207.52,210.0,RUNNING_OPTIMAL,0,NORMAL,7.5,NORMAL,GOOD
2026-01-01 12:00:00,HVAC_01,HVAC System,39.808,9.952,413.5,63.16,49.01,1.764,976.9,3019.49,1145.13,1200.0,RUNNING_OPTIMAL,0,NORMAL,7.5,NORMAL,GOOD
2026-01-01 12:00:00,MOTOR_01,Spinning Motor,40.195,10.0488,415.8,63.42,66.16,1.931,1474.1,2774.43,48.38,48.0,RUNNING_OPTIMAL,0,NORMAL,7.5,NORMAL,GOOD
2026-01-01 12:00:00,PUMP_01,Water Pump,16.947,4.2368,412.7,26.94,57.98,1.422,1447.4,2617.2,28.23,28.0,RUNNING_OPTIMAL,0,NORMAL,7.5,NORMAL,GOOD
2026-01-01 12:15:00,COMPRESSOR_01,Air Compressor,32.753,8.1882,414.2,51.88,79.43,2.359,2951.6,2698.52,210.69,210.0,RUNNING_OPTIMAL,0,NORMAL,7.5,NORMAL,GOOD
2026-01-01 12:15:00,HVAC_01,HVAC System,41.901,10.4753,412.3,66.68,49.07,1.712,986.3,3019.74,1184.51,1200.0,RUNNING_OPTIMAL,0,NORMAL,7.5,NORMAL,GOOD
2026-01-01 12:15:00,MOTOR_01,Spinning Motor,41.897,10.4742,418.9,65.62,66.12,1.844,1481.5,2774.68,51.12,48.0,RUNNING_OPTIMAL,0,NORMAL,7.5,NORMAL,GOOD
2026-01-01 12:15:00,PUMP_01,Water Pump,15.941,3.9852,418.3,25.0,56.12,1.538,1454.3,2617.45,26.19,28.0,RUNNING_OPTIMAL,0,NORMAL,7.5,NORMAL,GOOD
2026-01-01 12:30:00,COMPRESSOR_01,Air Compressor,34.56,8.64,415.7,54.54,79.12,2.31,2949.0,2698.77,210.36,210.0,RUNNING_OPTIMAL,0,NORMAL,7.5,NORMAL,GOOD
2026-01-01 12:30:00,HVAC_01,HVAC System,42.933,10.7332,411.9,68.38,49.25,1.765,982.0,3019.99,1210.15,1200.0,RUNNING_OPTIMAL,0,NORMAL,7.5,NORMAL,GOOD
2026-01-01 12:30:00,MOTOR_01,Spinning Motor,38.239,9.5598,417.9,60.03,67.83,1.937,1485.8,2774.93,48.51,48.0,RUNNING_OPTIMAL,0,NORMAL,7.5,NORMAL,GOOD
2026-01-01 12:30:00,PUMP_01,Water Pump,17.229,4.3072,415.7,27.19,57.26,1.507,1447.9,2617.7,28.94,28.0,RUNNING_OPTIMAL,0,NORMAL,7.5,NORMAL,GOOD
2026-01-01 12:45:00,COMPRESSOR_01,Air Compressor,34.713,8.6782,412.8,55.17,78.57,2.43,2952.7,2699.02,216.11,210.0,RUNNING_OPTIMAL,0,NORMAL,7.5,NORMAL,GOOD
2026-01-01 12:45:00,HVAC_01,HVAC System,42.609,10.6522,416.3,67.15,50.03,1.779,979.7,3020.24,1204.95,1200.0,RUNNING_OPTIMAL,0,NORMAL,7.5,NORMAL,GOOD
2026-01-01 12:45:00,MOTOR_01,Spinning Motor,41.119,10.2798,414.1,65.15,66.87,2.067,1479.1,2775.18,50.73,48.0,RUNNING_OPTIMAL,0,NORMAL,7.5,NORMAL,GOOD
2026-01-01 12:45:00,PUMP_01,Water Pump,16.854,4.2135,409.9,26.98,57.46,1.45,1450.3,2617.95,30.11,28.0,RUNNING_OPTIMAL,0,NORMAL,7.5,NORMAL,GOOD
2026-01-01 13:00:00,COMPRESSOR_01,Air Compressor,15.575,3.8938,415.1,24.62,66.61,1.552,2952.8,2699.27,0.0,42.0,IDLE_UNLOADED,0,NORMAL,7.5,NORMAL,GOOD
2026-01-01 13:00:00,HVAC_01,HVAC System,14.866,3.7165,415.0,23.5,37.07,1.022,987.9,3020.49,0.0,240.0,IDLE_UNLOADED,0,NORMAL,7.5,NORMAL,GOOD
2026-01-01 13:00:00,MOTOR_01,Spinning Motor,11.135,2.7838,413.4,17.67,54.71,1.253,1494.3,2775.43,0.0,9.6,IDLE_UNLOADED,0,NORMAL,7.5,NORMAL,GOOD
2026-01-01 13:00:00,PUMP_01,Water Pump,4.305,1.0762,413.5,6.83,44.07,0.883,1456.7,2618.2,0.0,5.6,IDLE_UNLOADED,0,NORMAL,7.5,NORMAL,GOOD
2026-01-01 13:15:00,COMPRESSOR_01,Air Compressor,16.541,4.1352,414.5,26.18,66.32,1.606,2952.5,2699.52,0.0,42.0,IDLE_UNLOADED,0,NORMAL,7.5,NORMAL,GOOD
2026-01-01 13:15:00,HVAC_01,HVAC System,14.941,3.7352,414.8,23.63,36.8,1.057,979.7,3020.74,0.0,240.0,IDLE_UNLOADED,0,NORMAL,7.5,NORMAL,GOOD
2026-01-01 13:15:00,MOTOR_01,Spinning Motor,10.915,2.7287,413.8,17.31,55.07,1.309,1488.5,2775.68,0.0,9.6,IDLE_UNLOADED,0,NORMAL,7.5,NORMAL,GOOD
2026-01-01 13:15:00,PUMP_01,Water Pump,4.563,1.1408,408.1,7.34,44.45,0.973,1452.1,2618.45,0.0,5.6,IDLE_UNLOADED,0,NORMAL,7.5,NORMAL,GOOD
2026-01-01 13:30:00,COMPRESSOR_01,Air Compressor,33.126,8.2815,411.2,52.85,80.34,2.332,2949.2,2699.77,205.97,210.0,RUNNING_OPTIMAL,0,NORMAL,7.5,NORMAL,GOOD
2026-01-01 13:30:00,HVAC_01,HVAC System,40.456,10.114,410.8,64.61,50.25,1.696,983.1,3020.99,1168.8,1200.0,RUNNING_OPTIMAL,0,NORMAL,7.5,NORMAL,GOOD
2026-01-01 13:30:00,MOTOR_01,Spinning Motor,39.286,9.8215,409.3,62.97,65.77,1.929,1483.6,2775.93,47.33,48.0,RUNNING_OPTIMAL,0,NORMAL,7.5,NORMAL,GOOD
2026-01-01 13:30:00,PUMP_01,Water Pump,15.982,3.9955,415.5,25.24,56.59,1.488,1455.2,2618.7,29.28,28.0,RUNNING_OPTIMAL,0,NORMAL,7.5,NORMAL,GOOD
2026-01-01 13:45:00,COMPRESSOR_01,Air Compressor,31.582,7.8955,408.7,50.7,79.32,2.228,2946.9,2700.02,200.87,210.0,RUNNING_OPTIMAL,0,NORMAL,7.5,NORMAL,GOOD
2026-01-01 13:45:00,HVAC_01,HVAC System,40.976,10.244,411.6,65.31,50.03,1.805,979.2,3021.24,1202.58,1200.0,RUNNING_OPTIMAL,0,NORMAL,7.5,NORMAL,GOOD
2026-01-01 13:45:00,MOTOR_01,Spinning Motor,38.442,9.6105,412.1,61.2,67.24,1.988,1480.4,2776.18,46.32,48.0,RUNNING_OPTIMAL,0,NORMAL,7.5,NORMAL,GOOD
2026-01-01 13:45:00,PUMP_01,Water Pump,16.289,4.0723,411.5,25.97,56.87,1.452,1448.2,2618.95,28.72,28.0,RUNNING_OPTIMAL,0,NORMAL,7.5,NORMAL,GOOD
2026-01-01 14:00:00,COMPRESSOR_01,Air Compressor,31.238,7.8095,412.4,49.7,79.09,2.333,2949.9,2700.27,194.89,210.0,RUNNING_OPTIMAL,0,NORMAL,7.5,NORMAL,GOOD
2026-01-01 14:00:00,HVAC_01,HVAC System,38.287,9.5718,410.7,61.16,49.98,1.663,984.0,3021.49,1094.06,1200.0,RUNNING_OPTIMAL,0,NORMAL,7.5,NORMAL,GOOD
2026-01-01 14:00:00,MOTOR_01,Spinning Motor,36.816,9.204,405.3,59.6,66.33,1.803,1482.4,2776.43,44.86,48.0,RUNNING_OPTIMAL,0,NORMAL,7.5,NORMAL,GOOD
2026-01-01 14:00:00,PUMP_01,Water Pump,13.954,3.4885,409.7,22.35,55.6,1.586,1451.6,2619.2,27.16,28.0,RUNNING_OPTIMAL,0,NORMAL,7.5,NORMAL,GOOD
2026-01-01 14:15:00,COMPRESSOR_01,Air Compressor,30.993,7.7482,407.6,49.89,79.22,2.257,2951.9,2700.52,194.38,210.0,RUNNING_OPTIMAL,0,NORMAL,7.5,NORMAL,GOOD
2026-01-01 14:15:00,HVAC_01,HVAC System,41.695,10.4238,410.6,66.62,50.36,1.648,980.6,3021.74,1151.09,1200.0,RUNNING_OPTIMAL,0,NORMAL,7.5,NORMAL,GOOD
2026-01-01 14:15:00,MOTOR_01,Spinning Motor,37.696,9.424,412.4,59.97,67.69,1.989,1487.4,2776.68,44.91,48.0,RUNNING_OPTIMAL,0,NORMAL,7.5,NORMAL,GOOD
2026-01-01 14:15:00,PUMP_01,Water Pump,15.891,3.9728,405.0,25.74,56.56,1.507,1449.6,2619.45,26.68,28.0,RUNNING_OPTIMAL,0,NORMAL,7.5,NORMAL,GOOD
2026-01-01 14:30:00,COMPRESSOR_01,Air Compressor,33.641,8.4102,410.5,53.77,79.73,2.31,2947.7,2700.77,211.97,210.0,RUNNING_OPTIMAL,0,NORMAL,7.5,NORMAL,GOOD
2026-01-01 14:30:00,HVAC_01,HVAC System,40.39,10.0975,411.8,64.35,50.69,1.527,982.1,3021.99,1145.9,1200.0,RUNNING_OPTIMAL,0,NORMAL,7.5,NORMAL,GOOD
2026-01-01 14:30:00,MOTOR_01,Spinning Motor,36.079,9.0198,408.5,57.95,66.47,1.866,1495.3,2776.93,42.29,48.0,RUNNING_OPTIMAL,0,NORMAL,7.5,NORMAL,GOOD
2026-01-01 14:30:00,PUMP_01,Water Pump,12.734,3.1835,407.1,20.52,57.54,1.34,1447.6,2619.7,26.38,28.0,RUNNING_OPTIMAL,0,NORMAL,7.5,NORMAL,GOOD
2026-01-01 14:45:00,COMPRESSOR_01,Air Compressor,32.937,8.2342,410.0,52.71,79.81,2.364,2946.6,2701.02,196.26,210.0,RUNNING_OPTIMAL,0,NORMAL,7.5,NORMAL,GOOD
2026-01-01 14:45:00,HVAC_01,HVAC System,43.678,10.9195,410.7,69.77,50.51,1.785,979.5,3022.24,1242.26,1200.0,RUNNING_OPTIMAL,0,NORMAL,7.5,NORMAL,GOOD
2026-01-01 14:45:00,MOTOR_01,Spinning Motor,38.614,9.6535,408.7,61.99,66.95,2.045,1481.4,2777.18,42.92,48.0,RUNNING_OPTIMAL,0,NORMAL,7.5,NORMAL,GOOD
2026-01-01 14:45:00,PUMP_01,Water Pump,16.028,4.007,412.7,25.48,57.72,1.473,1454.2,2619.95,24.95,28.0,RUNNING_OPTIMAL,0,NORMAL,7.5,NORMAL,GOOD
2026-01-01 15:00:00,COMPRESSOR_01,Air Compressor,28.977,7.2442,412.4,46.1,77.88,2.364,2951.5,2701.27,178.24,210.0,RUNNING_OPTIMAL,0,NORMAL,7.5,NORMAL,GOOD
2026-01-01 15:00:00,HVAC_01,HVAC System,37.819,9.4548,409.5,60.59,49.2,1.636,979.5,3022.49,1076.85,1200.0,RUNNING_OPTIMAL,0,NORMAL,7.5,NORMAL,GOOD
2026-01-01 15:00:00,MOTOR_01,Spinning Motor,36.764,9.191,411.6,58.6,65.99,1.853,1481.7,2777.43,44.19,48.0,RUNNING_OPTIMAL,0,NORMAL,7.5,NORMAL,GOOD
2026-01-01 15:00:00,PUMP_01,Water Pump,14.528,3.632,410.9,23.2,56.75,1.537,1449.2,2620.2,27.77,28.0,RUNNING_OPTIMAL,0,NORMAL,7.5,NORMAL,GOOD
2026-01-01 15:15:00,COMPRESSOR_01,Air Compressor,31.19,7.7975,410.1,49.9,80.84,2.278,2949.7,2701.52,193.11,210.0,RUNNING_OPTIMAL,0,NORMAL,7.5,NORMAL,GOOD
2026-01-01 15:15:00,HVAC_01,HVAC System,39.78,9.945,405.9,64.3,49.67,1.692,977.2,3022.74,1135.31,1200.0,RUNNING_OPTIMAL,0,NORMAL,7.5,NORMAL,GOOD
2026-01-01 15:15:00,MOTOR_01,Spinning Motor,39.002,9.7505,413.3,61.91,66.89,2.118,1481.4,2777.68,47.86,48.0,RUNNING_OPTIMAL,0,NORMAL,7.5,NORMAL,GOOD
2026-01-01 15:15:00,PUMP_01,Water Pump,14.457,3.6142,410.2,23.12,55.75,1.456,1454.5,2620.45,24.87,28.0,RUNNING_OPTIMAL,0,NORMAL,7.5,NORMAL,GOOD
2026-01-01 15:30:00,COMPRESSOR_01,Air Compressor,30.405,7.6012,406.2,49.11,79.43,2.361,2944.1,2701.77,191.86,210.0,RUNNING_OPTIMAL,0,NORMAL,7.5,NORMAL,GOOD
2026-01-01 15:30:00,HVAC_01,HVAC System,41.068,10.267,409.8,65.75,50.14,1.781,974.8,3022.99,1146.97,1200.0,RUNNING_OPTIMAL,0,NORMAL,7.5,NORMAL,GOOD
2026-01-01 15:30:00,MOTOR_01,Spinning Motor,35.996,8.999,409.7,57.64,65.45,1.759,1491.7,2777.93,45.41,48.0,RUNNING_OPTIMAL,0,NORMAL,7.5,NORMAL,GOOD
2026-01-01 15:30:00,PUMP_01,Water Pump,14.815,3.7038,409.2,23.75,56.91,1.558,1440.0,2620.7,25.1,28.0,RUNNING_OPTIMAL,0,NORMAL,7.5,NORMAL,GOOD
2026-01-01 15:45:00,COMPRESSOR_01,Air Compressor,30.671,7.6678,410.5,49.02,79.12,2.383,2954.0,2702.02,189.91,210.0,RUNNING_OPTIMAL,0,NORMAL,7.5,NORMAL,GOOD
2026-01-01 15:45:00,HVAC_01,HVAC System,39.555,9.8888,411.5,63.06,48.3,14.5,984.8,3023.24,1146.86,1200.0,RUNNING_OPTIMAL,1,SENSOR_GLITCH,7.5,NORMAL,GOOD
2026-01-01 15:45:00,MOTOR_01,Spinning Motor,36.376,9.094,408.0,58.49,65.94,1.882,1484.3,2778.18,43.83,48.0,RUNNING_OPTIMAL,0,NORMAL,7.5,NORMAL,GOOD
2026-01-01 15:45:00,PUMP_01,Water Pump,13.727,3.4318,411.2,21.9,56.75,1.508,1452.8,2620.95,28.79,28.0,RUNNING_OPTIMAL,0,NORMAL,7.5,NORMAL,GOOD
2026-01-01 16:00:00,COMPRESSOR_01,Air Compressor,31.092,7.773,406.6,50.17,79.34,2.264,2959.0,2702.27,196.47,210.0,RUNNING_OPTIMAL,0,NORMAL,7.5,NORMAL,GOOD
2026-01-01 16:00:00,HVAC_01,HVAC System,37.498,9.3745,406.3,60.55,48.65,1.622,982.3,3023.49,1062.06,1200.0,RUNNING_OPTIMAL,0,NORMAL,7.5,NORMAL,GOOD
2026-01-01 16:00:00,MOTOR_01,Spinning Motor,33.651,8.4128,406.7,54.29,64.9,1.904,1490.0,2778.43,40.45,48.0,RUNNING_OPTIMAL,0,NORMAL,7.5,NORMAL,GOOD
2026-01-01 16:00:00,PUMP_01,Water Pump,15.04,3.76,411.0,24.01,56.25,1.577,1452.5,2621.2,26.13,28.0,RUNNING_OPTIMAL,0,NORMAL,7.5,NORMAL,GOOD
2026-01-01 16:15:00,COMPRESSOR_01,Air Compressor,32.355,8.0887,408.6,51.95,79.46,2.319,2941.0,2702.52,201.91,210.0,RUNNING_OPTIMAL,0,NORMAL,7.5,NORMAL,GOOD
2026-01-01 16:15:00,HVAC_01,HVAC System,38.814,9.7035,405.7,62.77,50.05,1.678,984.6,3023.74,1117.73,1200.0,RUNNING_OPTIMAL,0,NORMAL,7.5,NORMAL,GOOD
2026-01-01 16:15:00,MOTOR_01,Spinning Motor,37.362,9.3405,405.6,60.44,67.18,1.992,1493.9,2778.68,44.17,48.0,RUNNING_OPTIMAL,0,NORMAL,7.5,NORMAL,GOOD
2026-01-01 16:15:00,PUMP_01,Water Pump,13.589,3.3972,408.5,21.82,56.22,1.697,1448.5,2621.45,24.29,28.0,RUNNING_OPTIMAL,0,NORMAL,7.5,NORMAL,GOOD
2026-01-01 16:30:00,COMPRESSOR_01,Air Compressor,32.563,8.1408,407.0,52.49,80.02,2.351,2951.9,2702.77,206.32,210.0,RUNNING_OPTIMAL,0,NORMAL,7.5,NORMAL,GOOD
2026-01-01 16:30:00,HVAC_01,HVAC System,38.37,9.5925,408.4,61.64,49.14,1.702,973.9,3023.99,1089.31,1200.0,RUNNING_OPTIMAL,0,NORMAL,7.5,NORMAL,GOOD
2026-01-01 16:30:00,MOTOR_01,Spinning Motor,34.667,8.6668,408.7,55.65,65.74,1.793,1484.1,2778.93,45.64,48.0,RUNNING_OPTIMAL,0,NORMAL,7.5,NORMAL,GOOD
2026-01-01 16:30:00,PUMP_01,Water Pump,15.711,3.9278,409.2,25.19,56.47,1.43,1454.9,2621.7,26.06,28.0,RUNNING_OPTIMAL,0,NORMAL,7.5,NORMAL,GOOD
2026-01-01 16:45:00,COMPRESSOR_01,Air Compressor,29.504,7.376,409.2,47.3,79.21,2.383,2955.9,2703.02,183.73,210.0,RUNNING_OPTIMAL,0,NORMAL,7.5,NORMAL,GOOD
2026-01-01 16:45:00,HVAC_01,HVAC System,39.62,9.905,407.1,63.85,48.49,1.779,989.7,3024.24,1090.12,1200.0,RUNNING_OPTIMAL,0,NORMAL,7.5,NORMAL,GOOD
2026-01-01 16:45:00,MOTOR_01,Spinning Motor,38.952,9.738,410.0,62.33,66.58,1.894,1483.1,2779.18,49.69,48.0,RUNNING_OPTIMAL,0,NORMAL,7.5,NORMAL,GOOD
2026-01-01 16:45:00,PUMP_01,Water Pump,15.997,3.9992,402.5,26.08,54.26,1.474,1455.2,2621.95,24.19,28.0,RUNNING_OPTIMAL,0,NORMAL,7.5,NORMAL,GOOD
2026-01-01 17:00:00,COMPRESSOR_01,Air Compressor,32.374,8.0935,407.1,52.17,78.22,2.311,2955.2,2703.27,198.63,210.0,RUNNING_OPTIMAL,0,NORMAL,7.5,NORMAL,GOOD
2026-01-01 17:00:00,HVAC_01,HVAC System,38.657,9.6642,400.0,63.41,48.87,1.756,986.7,3024.49,1122.28,1200.0,RUNNING_OPTIMAL,0,NORMAL,7.5,NORMAL,GOOD
2026-01-01 17:00:00,MOTOR_01,Spinning Motor,37.093,9.2733,411.2,59.18,63.99,1.915,1480.0,2779.43,42.71,48.0,RUNNING_OPTIMAL,0,NORMAL,7.5,NORMAL,GOOD
2026-01-01 17:00:00,PUMP_01,Water Pump,14.774,3.6935,410.8,23.6,55.34,1.654,1454.3,2622.2,27.04,28.0,RUNNING_OPTIMAL,0,NORMAL,7.5,NORMAL,GOOD
2026-01-01 17:15:00,COMPRESSOR_01,Air Compressor,30.636,7.659,405.4,49.58,77.5,2.411,2951.9,2703.52,193.13,210.0,RUNNING_OPTIMAL,0,NORMAL,7.5,NORMAL,GOOD
2026-01-01 17:15:00,HVAC_01,HVAC System,39.294,9.8235,412.4,62.51,48.41,1.748,973.1,3024.74,1110.44,1200.0,RUNNING_OPTIMAL,0,NORMAL,7.5,NORMAL,GOOD
2026-01-01 17:15:00,MOTOR_01,Spinning Motor,36.052,9.013,409.9,57.7,65.34,1.882,1484.1,2779.68,43.21,48.0,RUNNING_OPTIMAL,0,NORMAL,7.5,NORMAL,GOOD
2026-01-01 17:15:00,PUMP_01,Water Pump,15.684,3.921,405.8,25.36,54.3,1.386,1449.9,2622.45,27.01,28.0,RUNNING_OPTIMAL,0,NORMAL,7.5,NORMAL,GOOD
2026-01-01 17:30:00,COMPRESSOR_01,Air Compressor,30.032,7.508,411.3,47.91,76.35,2.377,2957.4,2703.77,183.13,210.0,RUNNING_OPTIMAL,0,NORMAL,7.5,NORMAL,GOOD
2026-01-01 17:30:00,HVAC_01,HVAC System,39.043,9.7608,399.6,64.1,48.18,1.776,985.5,3024.99,1084.47,1200.0,RUNNING_OPTIMAL,0,NORMAL,7.5,NORMAL,GOOD
2026-01-01 17:30:00,MOTOR_01,Spinning Motor,33.43,8.3575,401.7,54.6,64.84,1.865,1487.3,2779.93,41.73,48.0,RUNNING_OPTIMAL,0,NORMAL,7.5,NORMAL,GOOD
2026-01-01 17:30:00,PUMP_01,Water Pump,13.887,3.4718,408.2,22.32,55.53,1.347,1445.5,2622.7,23.01,28.0,RUNNING_OPTIMAL,0,NORMAL,7.5,NORMAL,GOOD
2026-01-01 17:45:00,COMPRESSOR_01,Air Compressor,29.617,7.4042,409.7,47.43,78.22,2.288,2953.9,2704.02,193.8,210.0,RUNNING_OPTIMAL,0,NORMAL,7.5,NORMAL,GOOD
2026-01-01 17:45:00,HVAC_01,HVAC System,35.58,8.895,408.1,57.2,47.37,1.678,979.3,3025.24,1023.36,1200.0,RUNNING_OPTIMAL,0,NORMAL,7.5,NORMAL,GOOD
2026-01-01 17:45:00,MOTOR_01,Spinning Motor,36.867,9.2168,407.5,59.36,65.36,1.901,1479.1,2780.18,46.49,48.0,RUNNING_OPTIMAL,0,NORMAL,7.5,NORMAL,GOOD
2026-01-01 17:45:00,PUMP_01,Water Pump,14.729,3.6822,408.1,23.68,54.93,1.435,1449.4,2622.95,25.99,28.0,RUNNING_OPTIMAL,0,NORMAL,7.5,NORMAL,GOOD
2026-01-01 18:00:00,COMPRESSOR_01,Air Compressor,28.611,7.1528,404.2,46.44,76.89,2.334,2954.0,2704.27,183.73,210.0,RUNNING_OPTIMAL,0,NORMAL,10.0,PEAK,GOOD
2026-01-01 18:00:00,HVAC_01,HVAC System,36.439,9.1098,404.9,59.04,46.54,1.6,981.4,3025.49,1052.97,1200.0,RUNNING_OPTIMAL,0,NORMAL,10.0,PEAK,GOOD
2026-01-01 18:00:00,MOTOR_01,Spinning Motor,35.035,8.7587,410.1,56.05,63.98,1.828,1487.9,2780.43,41.71,48.0,RUNNING_OPTIMAL,0,NORMAL,10.0,PEAK,GOOD
2026-01-01 18:00:00,PUMP_01,Water Pump,15.02,3.755,403.6,24.42,54.29,1.527,1450.3,2623.2,25.19,28.0,RUNNING_OPTIMAL,0,NORMAL,10.0,PEAK,GOOD
2026-01-01 18:15:00,COMPRESSOR_01,Air Compressor,31.004,7.751,412.4,49.32,77.42,2.445,2953.3,2704.52,188.59,210.0,RUNNING_OPTIMAL,0,NORMAL,10.0,PEAK,GOOD
2026-01-01 18:15:00,HVAC_01,HVAC System,39.708,9.927,407.3,63.96,47.1,1.645,981.7,3025.74,1082.01,1200.0,RUNNING_OPTIMAL,0,NORMAL,10.0,PEAK,GOOD
2026-01-01 18:15:00,MOTOR_01,Spinning Motor,37.37,9.3425,408.0,60.09,64.53,1.831,1483.7,2780.68,44.24,48.0,RUNNING_OPTIMAL,0,NORMAL,10.0,PEAK,GOOD
2026-01-01 18:15:00,PUMP_01,Water Pump,14.688,3.672,406.3,23.72,53.65,1.434,1449.6,2623.45,28.71,28.0,RUNNING_OPTIMAL,0,NORMAL,10.0,PEAK,GOOD
2026-01-01 18:30:00,COMPRESSOR_01,Air Compressor,30.709,7.6772,405.3,49.71,77.42,2.417,2951.9,2704.77,200.36,210.0,RUNNING_OPTIMAL,0,NORMAL,10.0,PEAK,GOOD
2026-01-01 18:30:00,HVAC_01,HVAC System,38.304,9.576,403.4,62.3,46.9,1.629,991.2,3025.99,1087.22,1200.0,RUNNING_OPTIMAL,0,NORMAL,10.0,PEAK,GOOD
2026-01-01 18:30:00,MOTOR_01,Spinning Motor,36.194,9.0485,409.4,58.0,63.46,1.87,1491.9,2780.93,42.4,48.0,RUNNING_OPTIMAL,0,NORMAL,10.0,PEAK,GOOD
2026-01-01 18:30:00,PUMP_01,Water Pump,14.238,3.5595,407.4,22.93,53.93,1.499,1454.6,2623.7,24.06,28.0,RUNNING_OPTIMAL,0,NORMAL,10.0,PEAK,GOOD
2026-01-01 18:45:00,COMPRESSOR_01,Air Compressor,30.4,7.6,406.2,49.1,76.26,2.181,2949.2,2705.02,188.02,210.0,RUNNING_OPTIMAL,0,NORMAL,10.0,PEAK,GOOD
2026-01-01 18:45:00,HVAC_01,HVAC System,38.47,9.6175,406.3,62.12,46.38,1.703,973.3,3026.24,1111.02,1200.0,RUNNING_OPTIMAL,0,NORMAL,10.0,PEAK,GOOD
2026-01-01 18:45:00,MOTOR_01,Spinning Motor,38.678,9.6695,409.1,62.03,64.6,1.838,1478.7,2781.18,45.29,48.0,RUNNING_OPTIMAL,0,NORMAL,10.0,PEAK,GOOD
2026-01-01 18:45:00,PUMP_01,Water Pump,14.05,3.5125,401.8,22.94,54.19,1.521,1449.4,2623.95,26.61,28.0,RUNNING_OPTIMAL,0,NORMAL,10.0,PEAK,GOOD
2026-01-01 19:00:00,COMPRESSOR_01,Air Compressor,30.527,7.6318,407.5,49.15,75.91,2.273,2959.2,2705.27,187.48,210.0,RUNNING_OPTIMAL,0,NORMAL,10.0,PEAK,GOOD
2026-01-01 19:00:00,HVAC_01,HVAC System,39.645,9.9113,405.1,64.21,46.09,1.586,974.5,3026.49,1135.35,1200.0,RUNNING_OPTIMAL,0,NORMAL,10.0,PEAK,GOOD
2026-01-01 19:00:00,MOTOR_01,Spinning Motor,33.06,8.265,408.7,53.07,64.26,1.883,1487.9,2781.43,42.38,48.0,RUNNING_OPTIMAL,0,NORMAL,10.0,PEAK,GOOD
2026-01-01 19:00:00,PUMP_01,Water Pump,15.716,3.929,406.9,25.34,53.54,1.473,1447.7,2624.2,26.81,28.0,RUNNING_OPTIMAL,0,NORMAL,10.0,PEAK,GOOD
2026-01-01 19:15:00,COMPRESSOR_01,Air Compressor,29.912,7.478,411.6,47.68,74.75,2.23,2951.7,2705.52,188.74,210.0,RUNNING_OPTIMAL,0,NORMAL,10.0,PEAK,GOOD
2026-01-01 19:15:00,HVAC_01,HVAC System,38.849,9.7122,409.9,62.18,44.91,1.746,984.3,3026.74,1099.0,1200.0,RUNNING_OPTIMAL,0,NORMAL,10.0,PEAK,GOOD
2026-01-01 19:15:00,MOTOR_01,Spinning Motor,36.769,9.1922,407.5,59.2,62.01,1.804,1487.2,2781.68,46.4,48.0,RUNNING_OPTIMAL,0,NORMAL,10.0,PEAK,GOOD
2026-01-01 19:15:00,PUMP_01,Water Pump,12.399,3.0997,406.1,20.03,51.94,1.442,1450.5,2624.45,25.74,28.0,RUNNING_OPTIMAL,0,NORMAL,10.0,PEAK,GOOD
2026-01-01 19:30:00,COMPRESSOR_01,Air Compressor,30.775,7.6938,411.3,49.09,75.9,2.358,2957.1,2705.77,195.37,210.0,RUNNING_OPTIMAL,0,NORMAL,10.0,PEAK,GOOD
2026-01-01 19:30:00,HVAC_01,HVAC System,38.542,9.6355,408.1,61.96,46.26,1.806,975.0,3026.99,1067.65,1200.0,RUNNING_OPTIMAL,0,NORMAL,10.0,PEAK,GOOD
2026-01-01 19:30:00,MOTOR_01,Spinning Motor,36.626,9.1565,405.8,59.22,63.06,1.861,1496.6,2781.93,43.48,48.0,RUNNING_OPTIMAL,0,NORMAL,10.0,PEAK,GOOD
2026-01-01 19:30:00,PUMP_01,Water Pump,14.096,3.524,410.4,22.53,51.56,1.513,1447.1,2624.7,25.01,28.0,RUNNING_OPTIMAL,0,NORMAL,10.0,PEAK,GOOD
2026-01-01 19:45:00,COMPRESSOR_01,Air Compressor,31.327,7.8318,407.7,50.41,76.02,2.292,2951.7,2706.02,195.81,210.0,RUNNING_OPTIMAL,0,NORMAL,10.0,PEAK,GOOD
2026-01-01 19:45:00,HVAC_01,HVAC System,39.761,9.9402,408.2,63.91,46.43,1.632,978.9,3027.24,1071.84,1200.0,RUNNING_OPTIMAL,0,NORMAL,10.0,PEAK,GOOD
2026-01-01 19:45:00,MOTOR_01,Spinning Motor,35.417,8.8542,406.6,57.15,63.47,2.02,1484.7,2782.18,44.2,48.0,RUNNING_OPTIMAL,0,NORMAL,10.0,PEAK,GOOD
2026-01-01 19:45:00,PUMP_01,Water Pump,13.681,3.4202,406.9,22.06,53.58,1.474,1448.3,2624.95,25.36,28.0,RUNNING_OPTIMAL,0,NORMAL,10.0,PEAK,GOOD
2026-01-01 20:00:00,COMPRESSOR_01,Air Compressor,31.289,7.8222,403.4,50.89,74.04,2.267,2952.8,2706.27,197.77,210.0,RUNNING_OPTIMAL,0,NORMAL,10.0,PEAK,GOOD
2026-01-01 20:00:00,HVAC_01,HVAC System,38.562,9.6405,406.5,62.24,44.84,1.819,976.3,3027.49,1116.59,1200.0,RUNNING_OPTIMAL,0,NORMAL,10.0,PEAK,GOOD
2026-01-01 20:00:00,MOTOR_01,Spinning Motor,34.844,8.711,403.5,56.66,60.2,1.964,1487.1,2782.43,42.19,48.0,RUNNING_OPTIMAL,0,NORMAL,10.0,PEAK,GOOD
2026-01-01 20:00:00,PUMP_01,Water Pump,14.927,3.7318,406.1,24.12,51.98,1.575,1447.8,2625.2,27.27,28.0,RUNNING_OPTIMAL,0,NORMAL,10.0,PEAK,GOOD
2026-01-01 20:15:00,COMPRESSOR_01,Air Compressor,30.968,7.742,407.1,49.91,73.78,2.275,2950.6,2706.52,198.36,210.0,RUNNING_OPTIMAL,0,NORMAL,10.0,PEAK,GOOD
2026-01-01 20:15:00,HVAC_01,HVAC System,39.43,9.8575,409.7,63.14,43.18,1.652,980.2,3027.74,1115.15,1200.0,RUNNING_OPTIMAL,0,NORMAL,10.0,PEAK,GOOD
2026-01-01 20:15:00,MOTOR_01,Spinning Motor,35.522,8.8805,408.4,57.06,61.05,1.901,1483.9,2782.68,42.75,48.0,RUNNING_OPTIMAL,0,NORMAL,10.0,PEAK,GOOD
2026-01-01 20:15:00,PUMP_01,Water Pump,14.85,3.7125,408.4,23.86,51.91,1.542,1456.3,2625.45,25.42,28.0,RUNNING_OPTIMAL,0,NORMAL,10.0,PEAK,GOOD
2026-01-01 20:30:00,COMPRESSOR_01,Air Compressor,31.066,7.7665,408.2,49.93,74.43,2.423,2954.3,2706.77,193.8,210.0,RUNNING_OPTIMAL,0,NORMAL,10.0,PEAK,GOOD
2026-01-01 20:30:00,HVAC_01,HVAC System,39.812,9.953,409.9,63.72,45.88,1.598,976.5,3027.99,1135.77,1200.0,RUNNING_OPTIMAL,0,NORMAL,10.0,PEAK,GOOD
2026-01-01 20:30:00,MOTOR_01,Spinning Motor,35.965,8.9913,401.4,58.78,61.36,2.109,1486.4,2782.93,41.61,48.0,RUNNING_OPTIMAL,0,NORMAL,10.0,PEAK,GOOD
2026-01-01 20:30:00,PUMP_01,Water Pump,14.863,3.7158,411.7,23.69,52.37,1.391,1452.9,2625.7,27.65,28.0,RUNNING_OPTIMAL,0,NORMAL,10.0,PEAK,GOOD
2026-01-01 20:45:00,COMPRESSOR_01,Air Compressor,31.808,7.952,410.5,50.84,75.39,2.264,2955.4,2707.02,196.87,210.0,RUNNING_OPTIMAL,0,NORMAL,10.0,PEAK,GOOD
2026-01-01 20:45:00,HVAC_01,HVAC System,40.672,10.168,409.0,65.24,45.3,1.856,980.9,3028.24,1157.27,1200.0,RUNNING_OPTIMAL,0,NORMAL,10.0,PEAK,GOOD
2026-01-01 20:45:00,MOTOR_01,Spinning Motor,32.684,8.171,409.4,52.38,60.92,1.913,1483.3,2783.18,40.51,48.0,RUNNING_OPTIMAL,0,NORMAL,10.0,PEAK,GOOD
2026-01-01 20:45:00,PUMP_01,Water Pump,14.454,3.6135,408.2,23.23,50.68,1.467,1450.0,2625.95,27.44,28.0,RUNNING_OPTIMAL,0,NORMAL,10.0,PEAK,GOOD
2026-01-01 21:00:00,COMPRESSOR_01,Air Compressor,15.212,3.803,409.8,24.35,67.29,1.598,2956.2,2707.27,0.0,42.0,IDLE_UNLOADED,0,NORMAL,10.0,PEAK,GOOD
2026-01-01 21:00:00,HVAC_01,HVAC System,14.815,3.7038,414.7,23.44,37.59,1.149,986.0,3028.49,0.0,240.0,IDLE_UNLOADED,0,NORMAL,10.0,PEAK,GOOD
2026-01-01 21:00:00,MOTOR_01,Spinning Motor,12.417,3.1042,410.6,19.84,53.71,1.257,1486.0,2783.43,0.0,9.6,IDLE_UNLOADED,0,NORMAL,10.0,PEAK,GOOD
2026-01-01 21:00:00,PUMP_01,Water Pump,4.721,1.1802,410.0,7.55,43.98,0.95,1452.9,2626.2,0.0,5.6,IDLE_UNLOADED,0,NORMAL,10.0,PEAK,GOOD
2026-01-01 21:15:00,COMPRESSOR_01,Air Compressor,15.328,3.832,408.9,24.59,66.05,1.513,2952.1,2707.52,0.0,42.0,IDLE_UNLOADED,0,NORMAL,10.0,PEAK,GOOD
2026-01-01 21:15:00,HVAC_01,HVAC System,15.064,3.766,409.3,24.15,36.85,1.148,985.1,3028.74,0.0,240.0,IDLE_UNLOADED,0,NORMAL,10.0,PEAK,GOOD
2026-01-01 21:15:00,MOTOR_01,Spinning Motor,11.614,2.9035,407.5,18.7,54.02,1.225,1489.7,2783.68,0.0,9.6,IDLE_UNLOADED,0,NORMAL,10.0,PEAK,GOOD
2026-01-01 21:15:00,PUMP_01,Water Pump,5.195,1.2988,411.1,8.29,42.9,0.99,1454.8,2626.45,0.0,5.6,IDLE_UNLOADED,0,NORMAL,10.0,PEAK,GOOD
2026-01-01 21:30:00,COMPRESSOR_01,Air Compressor,31.138,7.7845,410.2,49.8,73.91,2.422,2948.3,2707.77,189.24,210.0,RUNNING_OPTIMAL,0,NORMAL,10.0,PEAK,GOOD
2026-01-01 21:30:00,HVAC_01,HVAC System,39.558,9.8895,409.6,63.36,42.97,1.737,980.0,3028.99,1123.06,1200.0,RUNNING_OPTIMAL,0,NORMAL,10.0,PEAK,GOOD
2026-01-01 21:30:00,MOTOR_01,Spinning Motor,37.083,9.2708,407.0,59.78,59.69,1.889,1487.7,2783.93,44.8,48.0,RUNNING_OPTIMAL,0,NORMAL,10.0,PEAK,GOOD
2026-01-01 21:30:00,PUMP_01,Water Pump,15.32,3.83,410.3,24.5,49.52,1.34,1449.2,2626.7,25.65,28.0,RUNNING_OPTIMAL,0,NORMAL,10.0,PEAK,GOOD
2026-01-01 21:45:00,COMPRESSOR_01,Air Compressor,30.563,7.6408,412.1,48.66,72.64,2.228,2953.5,2708.02,184.38,210.0,RUNNING_OPTIMAL,0,NORMAL,10.0,PEAK,GOOD
2026-01-01 21:45:00,HVAC_01,HVAC System,40.22,10.055,404.0,65.32,43.68,1.644,980.3,3029.24,1104.62,1200.0,RUNNING_OPTIMAL,0,NORMAL,10.0,PEAK,GOOD
2026-01-01 21:45:00,MOTOR_01,Spinning Motor,37.573,9.3932,413.8,59.57,59.77,1.866,1492.2,2784.18,44.17,48.0,RUNNING_OPTIMAL,0,NORMAL,10.0,PEAK,GOOD
2026-01-01 21:45:00,PUMP_01,Water Pump,14.836,3.709,413.7,23.53,50.94,1.386,1454.6,2626.95,27.36,28.0,RUNNING_OPTIMAL,0,NORMAL,10.0,PEAK,GOOD
2026-01-01 22:00:00,COMPRESSOR_01,Air Compressor,31.325,7.8312,416.9,49.3,73.5,2.45,2953.9,2708.27,196.4,210.0,RUNNING_OPTIMAL,0,NORMAL,5.5,OFF_PEAK,GOOD
2026-01-01 22:00:00,HVAC_01,HVAC System,41.154,10.2885,413.0,65.38,40.82,1.827,976.7,3029.49,1135.19,1200.0,RUNNING_OPTIMAL,0,NORMAL,5.5,OFF_PEAK,GOOD
2026-01-01 22:00:00,MOTOR_01,Spinning Motor,35.471,8.8677,405.6,57.38,57.71,1.969,1491.7,2784.43,42.09,48.0,RUNNING_OPTIMAL,0,NORMAL,5.5,OFF_PEAK,GOOD
2026-01-01 22:00:00,PUMP_01,Water Pump,15.665,3.9162,410.8,25.02,50.13,1.41,1446.4,2627.2,27.2,28.0,RUNNING_OPTIMAL,0,NORMAL,5.5,OFF_PEAK,GOOD
2026-01-01 22:15:00,COMPRESSOR_01,Air Compressor,34.657,8.6642,411.8,55.22,73.87,2.371,2941.5,2708.52,216.56,210.0,RUNNING_OPTIMAL,0,NORMAL,5.5,OFF_PEAK,GOOD
2026-01-01 22:15:00,HVAC_01,HVAC System,41.674,10.4185,409.3,66.8,41.35,1.601,983.5,3029.74,1168.26,1200.0,RUNNING_OPTIMAL,0,NORMAL,5.5,OFF_PEAK,GOOD
2026-01-01 22:15:00,MOTOR_01,Spinning Motor,34.997,8.7492,412.7,55.64,58.73,1.877,1490.7,2784.68,44.56,48.0,RUNNING_OPTIMAL,0,NORMAL,5.5,OFF_PEAK,GOOD
2026-01-01 22:15:00,PUMP_01,Water Pump,15.422,3.8555,410.8,24.63,49.49,1.515,1453.8,2627.45,30.34,28.0,RUNNING_OPTIMAL,0,NORMAL,5.5,OFF_PEAK,GOOD
2026-01-01 22:30:00,COMPRESSOR_01,Air Compressor,30.308,7.577,411.4,48.33,72.31,2.355,2955.3,2708.77,193.09,210.0,RUNNING_OPTIMAL,0,NORMAL,5.5,OFF_PEAK,GOOD
2026-01-01 22:30:00,HVAC_01,HVAC System,38.178,9.5445,409.5,61.17,41.27,1.612,979.5,3029.99,1094.18,1200.0,RUNNING_OPTIMAL,0,NORMAL,5.5,OFF_PEAK,GOOD
2026-01-01 22:30:00,MOTOR_01,Spinning Motor,36.625,9.1562,412.8,58.21,59.23,1.785,1480.7,2784.93,45.46,48.0,RUNNING_OPTIMAL,0,NORMAL,5.5,OFF_PEAK,GOOD
2026-01-01 22:30:00,PUMP_01,Water Pump,14.931,3.7328,411.9,23.78,50.87,1.464,1446.2,2627.7,25.03,28.0,RUNNING_OPTIMAL,0,NORMAL,5.5,OFF_PEAK,GOOD
2026-01-01 22:45:00,COMPRESSOR_01,Air Compressor,27.712,6.928,412.4,44.09,70.89,2.268,2959.6,2709.02,175.04,210.0,RUNNING_OPTIMAL,0,NORMAL,5.5,OFF_PEAK,GOOD
2026-01-01 22:45:00,HVAC_01,HVAC System,38.722,9.6805,407.8,62.3,41.25,1.616,985.2,3030.24,1056.03,1200.0,RUNNING_OPTIMAL,0,NORMAL,5.5,OFF_PEAK,GOOD
2026-01-01 22:45:00,MOTOR_01,Spinning Motor,37.588,9.397,413.0,59.71,60.31,1.837,1492.2,2785.18,45.66,48.0,RUNNING_OPTIMAL,0,NORMAL,5.5,OFF_PEAK,GOOD
2026-01-01 22:45:00,PUMP_01,Water Pump,14.969,3.7422,413.6,23.74,49.6,1.559,1449.8,2627.95,26.3,28.0,RUNNING_OPTIMAL,0,NORMAL,5.5,OFF_PEAK,GOOD
2026-01-01 23:00:00,COMPRESSOR_01,Air Compressor,32.213,8.0532,415.1,50.91,71.68,2.347,2947.3,2709.27,210.23,210.0,RUNNING_OPTIMAL,0,NORMAL,5.5,OFF_PEAK,GOOD
2026-01-01 23:00:00,HVAC_01,HVAC System,37.153,9.2882,417.3,58.41,40.78,1.705,975.1,3030.49,1066.26,1200.0,RUNNING_OPTIMAL,0,NORMAL,5.5,OFF_PEAK,GOOD
2026-01-01 23:00:00,MOTOR_01,Spinning Motor,37.29,9.3225,410.9,59.54,58.85,1.819,1483.0,2785.43,48.2,48.0,RUNNING_OPTIMAL,0,NORMAL,5.5,OFF_PEAK,GOOD
2026-01-01 23:00:00,PUMP_01,Water Pump,14.41,3.6025,411.7,22.96,49.14,1.566,1450.2,2628.2,25.11,28.0,RUNNING_OPTIMAL,0,NORMAL,5.5,OFF_PEAK,GOOD
2026-01-01 23:15:00,COMPRESSOR_01,Air Compressor,31.894,7.9735,412.6,50.72,70.86,2.405,2954.8,2709.52,189.62,210.0,RUNNING_OPTIMAL,0,NORMAL,5.5,OFF_PEAK,GOOD
2026-01-01 23:15:00,HVAC_01,HVAC System,42.001,10.5002,417.4,66.02,41.02,1.657,988.5,3030.74,1203.34,1200.0,RUNNING_OPTIMAL,0,NORMAL,5.5,OFF_PEAK,GOOD
2026-01-01 23:15:00,MOTOR_01,Spinning Motor,39.772,9.943,413.4,63.12,57.83,2.11,1485.8,2785.68,48.7,48.0,RUNNING_OPTIMAL,0,NORMAL,5.5,OFF_PEAK,GOOD
2026-01-01 23:15:00,PUMP_01,Water Pump,16.375,4.0938,416.3,25.81,49.37,1.357,1439.3,2628.45,29.31,28.0,RUNNING_OPTIMAL,0,NORMAL,5.5,OFF_PEAK,GOOD
2026-01-01 23:30:00,COMPRESSOR_01,Air Compressor,34.173,8.5432,412.7,54.33,71.65,2.415,2948.8,2709.77,216.85,210.0,RUNNING_OPTIMAL,0,NORMAL,5.5,OFF_PEAK,GOOD
2026-01-01 23:30:00,HVAC_01,HVAC System,40.878,10.2195,418.4,64.1,41.74,1.692,981.5,3030.99,1177.81,1200.0,RUNNING_OPTIMAL,0,NORMAL,5.5,OFF_PEAK,GOOD
2026-01-01 23:30:00,MOTOR_01,Spinning Motor,38.273,9.5683,413.5,60.73,58.33,1.801,1484.2,2785.93,49.05,48.0,RUNNING_OPTIMAL,0,NORMAL,5.5,OFF_PEAK,GOOD
2026-01-01 23:30:00,PUMP_01,Water Pump,15.079,3.7698,413.9,23.9,49.11,1.481,1454.6,2628.7,26.94,28.0,RUNNING_OPTIMAL,0,NORMAL,5.5,OFF_PEAK,GOOD
2026-01-01 23:45:00,COMPRESSOR_01,Air Compressor,33.885,8.4712,412.0,53.96,72.6,2.455,2950.3,2710.02,209.74,210.0,RUNNING_OPTIMAL,0,NORMAL,5.5,OFF_PEAK,GOOD
2026-01-01 23:45:00,HVAC_01,HVAC System,40.657,10.1642,408.9,65.23,41.64,1.739,977.2,3031.24,1117.22,1200.0,RUNNING_OPTIMAL,0,NORMAL,5.5,OFF_PEAK,GOOD
2026-01-01 23:45:00,MOTOR_01,Spinning Motor,38.643,9.6608,414.3,61.19,58.61,1.807,1492.5,2786.18,46.68,48.0,RUNNING_OPTIMAL,0,NORMAL,5.5,OFF_PEAK,GOOD
2026-01-01 23:45:00,PUMP_01,Water Pump,15.377,3.8442,414.7,24.33,48.12,1.549,1453.8,2628.95,28.41,28.0,RUNNING_OPTIMAL,0,NORMAL,5.5,OFF_PEAK,GOOD
2026-01-02 00:00:00,COMPRESSOR_01,Air Compressor,32.172,8.043,418.8,50.4,69.53,2.424,2949.6,2710.27,200.07,210.0,RUNNING_OPTIMAL,0,NORMAL,5.5,OFF_PEAK,GOOD
2026-01-02 00:00:00,HVAC_01,HVAC System,40.172,10.043,415.6,63.42,39.86,1.557,980.6,3031.49,1172.05,1200.0,RUNNING_OPTIMAL,0,NORMAL,5.5,OFF_PEAK,GOOD
2026-01-02 00:00:00,MOTOR_01,Spinning Motor,38.875,9.7188,415.3,61.41,58.44,1.82,1478.0,2786.43,45.95,48.0,RUNNING_OPTIMAL,0,NORMAL,5.5,OFF_PEAK,GOOD
2026-01-02 00:00:00,PUMP_01,Water Pump,16.07,4.0175,414.7,25.42,49.3,1.578,1452.1,2629.2,28.15,28.0,RUNNING_OPTIMAL,0,NORMAL,5.5,OFF_PEAK,GOOD
2026-01-02 00:15:00,COMPRESSOR_01,Air Compressor,33.15,8.2875,415.5,52.34,70.52,2.379,2949.9,2710.52,207.96,210.0,RUNNING_OPTIMAL,0,NORMAL,5.5,OFF_PEAK,GOOD
2026-01-02 00:15:00,HVAC_01,HVAC System,39.757,9.9392,412.9,63.17,41.73,1.592,971.0,3031.74,1148.11,1200.0,RUNNING_OPTIMAL,0,NORMAL,5.5,OFF_PEAK,GOOD
2026-01-02 00:15:00,MOTOR_01,Spinning Motor,41.197,10.2992,414.9,65.14,59.07,1.909,1488.5,2786.68,50.1,48.0,RUNNING_OPTIMAL,0,NORMAL,5.5,OFF_PEAK,GOOD
2026-01-02 00:15:00,PUMP_01,Water Pump,15.931,3.9828,415.5,25.16,48.7,1.516,1444.2,2629.45,30.68,28.0,RUNNING_OPTIMAL,0,NORMAL,5.5,OFF_PEAK,GOOD
2026-01-02 00:30:00,COMPRESSOR_01,Air Compressor,31.974,7.9935,415.6,50.48,70.65,2.333,2951.2,2710.77,201.96,210.0,RUNNING_OPTIMAL,0,NORMAL,5.5,OFF_PEAK,GOOD
2026-01-02 00:30:00,HVAC_01,HVAC System,45.001,11.2502,414.2,71.28,41.64,1.694,975.5,3031.99,1271.55,1200.0,RUNNING_OPTIMAL,0,NORMAL,5.5,OFF_PEAK,GOOD
2026-01-02 00:30:00,MOTOR_01,Spinning Motor,40.812,10.203,417.2,64.18,58.18,2.036,1485.2,2786.93,49.24,48.0,RUNNING_OPTIMAL,0,NORMAL,5.5,OFF_PEAK,GOOD
2026-01-02 00:30:00,PUMP_01,Water Pump,16.27,4.0675,414.8,25.73,47.48,1.578,1448.4,2629.7,29.15,28.0,RUNNING_OPTIMAL,0,NORMAL,5.5,OFF_PEAK,GOOD
2026-01-02 00:45:00,COMPRESSOR_01,Air Compressor,34.855,8.7137,414.7,55.14,71.43,2.483,2946.8,2711.02,218.98,210.0,RUNNING_OPTIMAL,0,NORMAL,5.5,OFF_PEAK,GOOD
2026-01-02 00:45:00,HVAC_01,HVAC System,42.746,10.6865,412.2,68.04,40.59,1.682,978.0,3032.24,1209.84,1200.0,RUNNING_OPTIMAL,0,NORMAL,5.5,OFF_PEAK,GOOD
2026-01-02 00:45:00,MOTOR_01,Spinning Motor,38.104,9.526,410.2,60.94,58.42,1.901,1481.2,2787.18,45.86,48.0,RUNNING_OPTIMAL,0,NORMAL,5.5,OFF_PEAK,GOOD
2026-01-02 00:45:00,PUMP_01,Water Pump,17.453,4.3632,413.1,27.72,48.21,1.464,1452.2,2629.95,31.18,28.0,RUNNING_OPTIMAL,0,NORMAL,5.5,OFF_PEAK,GOOD
2026-01-02 01:00:00,COMPRESSOR_01,Air Compressor,33.791,8.4477,414.4,53.5,70.9,2.147,2947.3,2711.27,208.79,210.0,RUNNING_OPTIMAL,0,NORMAL,5.5,OFF_PEAK,GOOD
2026-01-02 01:00:00,HVAC_01,HVAC System,42.256,10.564,414.5,66.88,40.36,1.902,982.4,3032.49,1217.82,1200.0,RUNNING_OPTIMAL,0,NORMAL,5.5,OFF_PEAK,GOOD
2026-01-02 01:00:00,MOTOR_01,Spinning Motor,40.488,10.122,417.2,63.67,57.74,1.829,1487.5,2787.43,48.77,48.0,RUNNING_OPTIMAL,0,NORMAL,5.5,OFF_PEAK,GOOD
2026-01-02 01:00:00,PUMP_01,Water Pump,16.223,4.0558,420.3,25.32,47.54,1.61,1448.2,2630.2,29.19,28.0,RUNNING_OPTIMAL,0,NORMAL,5.5,OFF_PEAK,GOOD
2026-01-02 01:15:00,COMPRESSOR_01,Air Compressor,33.137,8.2842,419.1,51.87,69.62,2.394,2947.8,2711.52,212.62,210.0,RUNNING_OPTIMAL,0,NORMAL,5.5,OFF_PEAK,GOOD
2026-01-02 01:15:00,HVAC_01,HVAC System,43.744,10.936,421.6,68.07,40.8,1.812,974.9,3032.74,1228.32,1200.0,RUNNING_OPTIMAL,0,NORMAL,5.5,OFF_PEAK,GOOD
2026-01-02 01:15:00,MOTOR_01,Spinning Motor,41.636,10.409,412.7,66.19,56.48,2.031,1480.4,2787.68,51.51,48.0,RUNNING_OPTIMAL,0,NORMAL,5.5,OFF_PEAK,GOOD
2026-01-02 01:15:00,PUMP_01,Water Pump,17.42,4.355,416.1,27.47,49.52,1.488,1449.8,2630.45,29.33,28.0,RUNNING_OPTIMAL,0,NORMAL,5.5,OFF_PEAK,GOOD
2026-01-02 01:30:00,COMPRESSOR_01,Air Compressor,36.464,9.116,419.0,57.1,70.82,2.333,2952.6,2711.77,223.72,210.0,RUNNING_OPTIMAL,0,NORMAL,5.5,OFF_PEAK,GOOD
2026-01-02 01:30:00,HVAC_01,HVAC System,41.671,10.4178,411.4,66.45,39.7,1.776,976.9,3032.99,1180.05,1200.0,RUNNING_OPTIMAL,0,NORMAL,5.5,OFF_PEAK,GOOD
2026-01-02 01:30:00,MOTOR_01,Spinning Motor,39.989,9.9972,414.1,63.36,56.9,1.854,1483.1,2787.93,46.44,48.0,RUNNING_OPTIMAL,0,NORMAL,5.5,OFF_PEAK,GOOD
2026-01-02 01:30:00,PUMP_01,Water Pump,17.017,4.2542,419.9,26.59,45.93,1.517,1449.7,2630.7,27.16,28.0,RUNNING_OPTIMAL,0,NORMAL,5.5,OFF_PEAK,GOOD
2026-01-02 01:45:00,COMPRESSOR_01,Air Compressor,36.39,9.0975,416.2,57.36,70.77,2.572,2945.4,2712.02,228.06,210.0,RUNNING_OPTIMAL,0,NORMAL,5.5,OFF_PEAK,GOOD
2026-01-02 01:45:00,HVAC_01,HVAC System,43.382,10.8455,417.7,68.14,42.28,1.781,971.2,3033.24,1249.09,1200.0,RUNNING_OPTIMAL,0,NORMAL,5.5,OFF_PEAK,GOOD
2026-01-02 01:45:00,MOTOR_01,Spinning Motor,39.633,9.9082,421.1,61.75,56.82,2.117,1483.8,2788.18,46.58,48.0,RUNNING_OPTIMAL,0,NORMAL,5.5,OFF_PEAK,GOOD
2026-01-02 01:45:00,PUMP_01,Water Pump,14.505,3.6262,417.9,22.77,47.02,1.366,1443.1,2630.95,25.45,28.0,RUNNING_OPTIMAL,0,NORMAL,5.5,OFF_PEAK,GOOD
2026-01-02 02:00:00,COMPRESSOR_01,Air Compressor,33.641,8.4102,421.3,52.39,69.65,2.313,2944.9,2712.27,217.27,210.0,RUNNING_OPTIMAL,0,NORMAL,5.5,OFF_PEAK,GOOD
2026-01-02 02:00:00,HVAC_01,HVAC System,42.87,10.7175,419.8,67.0,40.2,1.626,976.4,3033.49,1220.71,1200.0,RUNNING_OPTIMAL,0,NORMAL,5.5,OFF_PEAK,GOOD
2026-01-02 02:00:00,MOTOR_01,Spinning Motor,39.34,9.835,418.6,61.66,56.86,1.979,1482.2,2788.43,46.87,48.0,RUNNING_OPTIMAL,0,NORMAL,5.5,OFF_PEAK,GOOD
2026-01-02 02:00:00,PUMP_01,Water Pump,16.357,4.0892,417.4,25.71,47.89,1.427,1449.2,2631.2,30.78,28.0,RUNNING_OPTIMAL,0,NORMAL,5.5,OFF_PEAK,GOOD
2026-01-02 02:15:00,COMPRESSOR_01,Air Compressor,37.769,9.4422,417.9,59.3,70.4,2.336,2936.7,2712.52,227.41,210.0,RUNNING_OPTIMAL,0,NORMAL,5.5,OFF_PEAK,GOOD
2026-01-02 02:15:00,HVAC_01,HVAC System,42.613,10.6532,416.2,67.17,39.48,1.74,977.3,3033.74,1235.1,1200.0,RUNNING_OPTIMAL,0,NORMAL,5.5,OFF_PEAK,GOOD
2026-01-02 02:15:00,MOTOR_01,Spinning Motor,39.957,9.9892,417.2,62.84,58.44,1.975,1486.4,2788.68,49.12,48.0,RUNNING_OPTIMAL,0,NORMAL,5.5,OFF_PEAK,GOOD
2026-01-02 02:15:00,PUMP_01,Water Pump,16.932,4.233,418.2,26.56,47.81,1.424,1450.9,2631.45,27.93,28.0,RUNNING_OPTIMAL,0,NORMAL,5.5,OFF_PEAK,GOOD
2026-01-02 02:30:00,COMPRESSOR_01,Air Compressor,35.238,8.8095,416.2,55.55,69.4,2.308,2942.6,2712.77,220.46,210.0,RUNNING_OPTIMAL,0,NORMAL,5.5,OFF_PEAK,GOOD
2026-01-02 02:30:00,HVAC_01,HVAC System,44.896,11.224,417.9,70.48,40.38,1.754,973.6,3033.99,1290.4,1200.0,RUNNING_OPTIMAL,0,NORMAL,5.5,OFF_PEAK,GOOD
2026-01-02 02:30:00,MOTOR_01,Spinning Motor,45.333,11.3332,421.7,70.53,58.8,1.948,1477.5,2788.93,54.74,48.0,RUNNING_OPTIMAL,0,NORMAL,5.5,OFF_PEAK,GOOD
2026-01-02 02:30:00,PUMP_01,Water Pump,17.911,4.4778,423.8,27.73,47.8,1.434,1446.1,2631.7,27.54,28.0,RUNNING_OPTIMAL,0,NORMAL,5.5,OFF_PEAK,GOOD
2026-01-02 02:45:00,COMPRESSOR_01,Air Compressor,33.496,8.374,416.8,52.73,69.91,2.31,2946.2,2713.02,214.46,210.0,RUNNING_OPTIMAL,0,NORMAL,5.5,OFF_PEAK,GOOD
2026-01-02 02:45:00,HVAC_01,HVAC System,42.444,10.611,422.5,65.91,40.63,1.733,969.3,3034.24,1223.32,1200.0,RUNNING_OPTIMAL,0,NORMAL,5.5,OFF_PEAK,GOOD
2026-01-02 02:45:00,MOTOR_01,Spinning Motor,40.336,10.084,419.0,63.16,56.65,2.013,1476.7,2789.18,47.65,48.0,RUNNING_OPTIMAL,0,NORMAL,5.5,OFF_PEAK,GOOD
2026-01-02 02:45:00,PUMP_01,Water Pump,17.901,4.4752,421.8,27.84,47.69,1.549,1450.1,2631.95,29.64,28.0,RUNNING_OPTIMAL,0,NORMAL,5.5,OFF_PEAK,GOOD
2026-01-02 03:00:00,COMPRESSOR_01,Air Compressor,36.948,9.237,424.7,57.08,70.98,2.435,2943.0,2713.27,230.82,210.0,RUNNING_OPTIMAL,0,NORMAL,5.5,OFF_PEAK,GOOD
2026-01-02 03:00:00,HVAC_01,HVAC System,46.053,11.5132,421.0,71.77,42.99,1.645,987.2,3034.49,1276.68,1200.0,RUNNING_OPTIMAL,0,NORMAL,5.5,OFF_PEAK,GOOD
2026-01-02 03:00:00,MOTOR_01,Spinning Motor,42.235,10.5588,417.8,66.32,57.85,2.061,1467.9,2789.43,52.63,48.0,RUNNING_OPTIMAL,0,NORMAL,5.5,OFF_PEAK,GOOD
2026-01-02 03:00:00,PUMP_01,Water Pump,16.104,4.026,425.3,24.84,49.15,1.537,1445.6,2632.2,28.29,28.0,RUNNING_OPTIMAL,0,NORMAL,5.5,OFF_PEAK,GOOD
2026-01-02 03:15:00,COMPRESSOR_01,Air Compressor,36.844,9.211,421.5,57.35,71.85,2.334,2944.6,2713.52,226.24,210.0,RUNNING_OPTIMAL,0,NORMAL,5.5,OFF_PEAK,GOOD
2026-01-02 03:15:00,HVAC_01,HVAC System,47.742,11.9355,417.7,74.99,41.35,1.752,972.6,3034.74,1340.26,1200.0,RUNNING_OPTIMAL,0,NORMAL,5.5,OFF_PEAK,GOOD
2026-01-02 03:15:00,MOTOR_01,Spinning Motor,40.302,10.0755,422.4,62.6,57.83,2.014,1484.8,2789.68,48.91,48.0,RUNNING_OPTIMAL,0,NORMAL,5.5,OFF_PEAK,GOOD
2026-01-02 03:15:00,PUMP_01,Water Pump,17.741,4.4352,422.1,27.58,47.91,1.551,1454.8,2632.45,27.5,28.0,RUNNING_OPTIMAL,0,NORMAL,5.5,OFF_PEAK,GOOD
2026-01-02 03:30:00,COMPRESSOR_01,Air Compressor,37.049,9.2622,421.9,57.61,70.71,2.417,2938.3,2713.77,226.26,210.0,RUNNING_OPTIMAL,0,NORMAL,5.5,OFF_PEAK,GOOD
2026-01-02 03:30:00,HVAC_01,HVAC System,41.821,10.4552,421.2,65.14,40.9,1.732,980.9,3034.99,1210.8,1200.0,RUNNING_OPTIMAL,0,NORMAL,5.5,OFF_PEAK,GOOD
2026-01-02 03:30:00,MOTOR_01,Spinning Motor,43.51,10.8775,418.6,68.19,59.46,1.911,1486.0,2789.93,52.48,48.0,RUNNING_OPTIMAL,0,NORMAL,5.5,OFF_PEAK,GOOD
2026-01-02 03:30:00,PUMP_01,Water Pump,17.116,4.279,418.3,26.85,48.53,1.547,1451.4,2632.7,29.85,28.0,RUNNING_OPTIMAL,0,NORMAL,5.5,OFF_PEAK,GOOD
2026-01-02 03:45:00,COMPRESSOR_01,Air Compressor,35.088,8.772,424.0,54.29,71.2,2.4,2943.1,2714.02,222.39,210.0,RUNNING_OPTIMAL,0,NORMAL,5.5,OFF_PEAK,GOOD
2026-01-02 03:45:00,HVAC_01,HVAC System,45.155,11.2888,424.2,69.84,39.71,1.831,977.7,3035.24,1280.33,1200.0,RUNNING_OPTIMAL,0,NORMAL,5.5,OFF_PEAK,GOOD
2026-01-02 03:45:00,MOTOR_01,Spinning Motor,41.611,10.4028,416.9,65.48,58.24,1.932,1484.7,2790.18,49.96,48.0,RUNNING_OPTIMAL,0,NORMAL,5.5,OFF_PEAK,GOOD
2026-01-02 03:45:00,PUMP_01,Water Pump,18.224,4.556,421.3,28.38,48.74,1.422,1443.2,2632.95,30.52,28.0,RUNNING_OPTIMAL,0,NORMAL,5.5,OFF_PEAK,GOOD
2026-01-02 04:00:00,COMPRESSOR_01,Air Compressor,37.853,9.4632,425.5,58.37,72.74,2.54,2936.3,2714.27,238.09,210.0,RUNNING_OPTIMAL,0,NORMAL,5.5,OFF_PEAK,GOOD
2026-01-02 04:00:00,HVAC_01,HVAC System,44.63,11.1575,420.0,69.72,41.8,1.845,982.5,3035.49,1269.92,1200.0,RUNNING_OPTIMAL,0,NORMAL,5.5,OFF_PEAK,GOOD
2026-01-02 04:00:00,MOTOR_01,Spinning Motor,42.823,10.7058,420.9,66.75,57.92,2.082,1485.0,2790.43,52.08,48.0,RUNNING_OPTIMAL,0,NORMAL,5.5,OFF_PEAK,GOOD
2026-01-02 04:00:00,PUMP_01,Water Pump,16.443,4.1108,425.0,25.38,49.57,1.662,1442.7,2633.2,30.97,28.0,RUNNING_OPTIMAL,0,NORMAL,5.5,OFF_PEAK,GOOD
2026-01-02 04:15:00,COMPRESSOR_01,Air Compressor,36.636,9.159,422.2,56.93,72.09,2.505,2941.3,2714.52,226.21,210.0,RUNNING_OPTIMAL,0,NORMAL,5.5,OFF_PEAK,GOOD
2026-01-02 04:15:00,HVAC_01,HVAC System,45.651,11.4128,419.0,71.48,42.54,1.724,972.9,3035.74,1348.29,1200.0,RUNNING_OPTIMAL,0,NORMAL,5.5,OFF_PEAK,GOOD
2026-01-02 04:15:00,MOTOR_01,Spinning Motor,43.482,10.8705,420.9,67.78,58.05,1.982,1486.4,2790.68,53.15,48.0,RUNNING_OPTIMAL,0,NORMAL,5.5,OFF_PEAK,GOOD
2026-01-02 04:15:00,PUMP_01,Water Pump,17.475,4.3688,418.7,27.38,48.17,1.492,1445.5,2633.45,29.28,28.0,RUNNING_OPTIMAL,0,NORMAL,5.5,OFF_PEAK,GOOD
2026-01-02 04:30:00,COMPRESSOR_01,Air Compressor,36.334,9.0835,417.4,57.11,72.98,2.292,2942.7,2714.77,226.41,210.0,RUNNING_OPTIMAL,0,NORMAL,5.5,OFF_PEAK,GOOD
2026-01-02 04:30:00,HVAC_01,HVAC System,44.144,11.036,420.4,68.89,42.4,1.718,976.0,3035.99,1249.69,1200.0,RUNNING_OPTIMAL,0,NORMAL,5.5,OFF_PEAK,GOOD
2026-01-02 04:30:00,MOTOR_01,Spinning Motor,42.367,10.5918,420.6,66.09,59.41,1.919,1475.1,2790.93,51.34,48.0,RUNNING_OPTIMAL,0,NORMAL,5.5,OFF_PEAK,GOOD
2026-01-02 04:30:00,PUMP_01,Water Pump,16.928,4.232,420.8,26.39,47.45,1.457,1449.9,2633.7,27.53,28.0,RUNNING_OPTIMAL,0,NORMAL,5.5,OFF_PEAK,GOOD
2026-01-02 04:45:00,COMPRESSOR_01,Air Compressor,36.14,9.035,422.1,56.17,70.77,2.4,2939.3,2715.02,229.41,210.0,RUNNING_OPTIMAL,0,NORMAL,5.5,OFF_PEAK,GOOD
2026-01-02 04:45:00,HVAC_01,HVAC System,43.662,10.9155,421.9,67.9,40.87,1.713,975.3,3036.24,1213.4,1200.0,RUNNING_OPTIMAL,0,NORMAL,5.5,OFF_PEAK,GOOD
2026-01-02 04:45:00,MOTOR_01,Spinning Motor,40.913,10.2282,421.5,63.68,59.57,1.824,1485.1,2791.18,51.08,48.0,RUNNING_OPTIMAL,0,NORMAL,5.5,OFF_PEAK,GOOD
2026-01-02 04:45:00,PUMP_01,Water Pump,15.526,3.8815,420.3,24.24,48.69,1.503,1449.3,2633.95,31.85,28.0,RUNNING_OPTIMAL,0,NORMAL,5.5,OFF_PEAK,GOOD
2026-01-02 05:00:00,COMPRESSOR_01,Air Compressor,36.901,9.2253,424.6,57.02,71.93,2.391,2937.1,2715.27,231.68,210.0,RUNNING_OPTIMAL,0,NORMAL,5.5,OFF_PEAK,GOOD
2026-01-02 05:00:00,HVAC_01,HVAC System,46.581,11.6453,419.6,72.83,42.19,1.653,980.4,3036.49,1299.18,1200.0,RUNNING_OPTIMAL,0,NORMAL,5.5,OFF_PEAK,GOOD
2026-01-02 05:00:00,MOTOR_01,Spinning Motor,44.743,11.1858,424.3,69.18,60.9,1.954,1485.7,2791.43,51.9,48.0,RUNNING_OPTIMAL,0,NORMAL,5.5,OFF_PEAK,GOOD
2026-01-02 05:00:00,PUMP_01,Water Pump,16.59,4.1475,427.0,25.49,48.51,1.52,1444.8,2634.2,29.03,28.0,RUNNING_OPTIMAL,0,NORMAL,5.5,OFF_PEAK,GOOD
2026-01-02 05:15:00,COMPRESSOR_01,Air Compressor,36.842,9.2105,421.0,57.41,73.26,2.451,2937.1,2715.52,229.91,210.0,RUNNING_OPTIMAL,0,NORMAL,5.5,OFF_PEAK,GOOD
2026-01-02 05:15:00,HVAC_01,HVAC System,45.976,11.494,418.0,72.16,41.8,1.516,967.7,3036.74,1308.67,1200.0,RUNNING_OPTIMAL,0,NORMAL,5.5,OFF_PEAK,GOOD
2026-01-02 05:15:00,MOTOR_01,Spinning Motor,42.749,10.6872,422.2,66.43,59.17,1.894,1486.5,2791.68,49.4,48.0,RUNNING_OPTIMAL,0,NORMAL,5.5,OFF_PEAK,GOOD
2026-01-02 05:15:00,PUMP_01,Water Pump,16.569,4.1422,424.3,25.62,49.8,1.514,1445.9,2634.45,29.68,28.0,RUNNING_OPTIMAL,0,NORMAL,5.5,OFF_PEAK,GOOD
2026-01-02 05:30:00,COMPRESSOR_01,Air Compressor,35.869,8.9672,420.0,56.03,72.65,2.39,2943.3,2715.77,228.43,210.0,RUNNING_OPTIMAL,0,NORMAL,5.5,OFF_PEAK,GOOD
2026-01-02 05:30:00,HVAC_01,HVAC System,43.914,10.9785,417.5,69.01,41.53,1.777,974.4,3036.99,1250.69,1200.0,RUNNING_OPTIMAL,0,NORMAL,5.5,OFF_PEAK,GOOD
2026-01-02 05:30:00,MOTOR_01,Spinning Motor,44.086,11.0215,424.5,68.14,60.07,1.996,1483.0,2791.93,53.49,48.0,RUNNING_OPTIMAL,0,NORMAL,5.5,OFF_PEAK,GOOD
2026-01-02 05:30:00,PUMP_01,Water Pump,17.919,4.4798,421.0,27.92,49.07,1.483,1446.2,2634.7,29.79,28.0,RUNNING_OPTIMAL,0,NORMAL,5.5,OFF_PEAK,GOOD
2026-01-02 05:45:00,COMPRESSOR_01,Air Compressor,37.267,9.3168,417.7,58.54,73.95,2.381,2939.9,2716.02,233.0,210.0,RUNNING_OPTIMAL,0,NORMAL,5.5,OFF_PEAK,GOOD
2026-01-02 05:45:00,HVAC_01,HVAC System,48.903,12.2258,421.4,76.14,43.33,1.721,975.3,3037.24,1364.25,1200.0,RUNNING_OPTIMAL,0,NORMAL,5.5,OFF_PEAK,GOOD
2026-01-02 05:45:00,MOTOR_01,Spinning Motor,44.184,11.046,422.6,68.59,60.14,2.07,1477.6,2792.18,53.56,48.0,RUNNING_OPTIMAL,0,NORMAL,5.5,OFF_PEAK,GOOD
2026-01-02 05:45:00,PUMP_01,Water Pump,16.753,4.1882,419.7,26.19,50.56,1.587,1448.5,2634.95,31.33,28.0,RUNNING_OPTIMAL,0,NORMAL,5.5,OFF_PEAK,GOOD
2026-01-02 06:00:00,COMPRESSOR_01,Air Compressor,37.137,9.2842,425.1,57.32,73.52,2.405,2942.9,2716.27,231.36,210.0,RUNNING_OPTIMAL,0,NORMAL,7.5,NORMAL,GOOD
2026-01-02 06:00:00,HVAC_01,HVAC System,47.899,11.9748,423.2,74.26,44.85,1.727,980.5,3037.49,1326.97,1200.0,RUNNING_OPTIMAL,0,NORMAL,7.5,NORMAL,GOOD
2026-01-02 06:00:00,MOTOR_01,Spinning Motor,43.1,10.775,424.4,66.63,60.73,1.91,1476.0,2792.43,52.96,48.0,RUNNING_OPTIMAL,0,NORMAL,7.5,NORMAL,GOOD
2026-01-02 06:00:00,PUMP_01,Water Pump,16.245,4.0612,421.0,25.32,49.5,1.504,1448.1,2635.2,30.07,28.0,RUNNING_OPTIMAL,0,NORMAL,7.5,NORMAL,GOOD
2026-01-02 06:15:00,COMPRESSOR_01,Air Compressor,37.178,9.2945,421.5,57.87,73.65,2.313,2942.3,2716.52,229.97,210.0,RUNNING_OPTIMAL,0,NORMAL,7.5,NORMAL,GOOD
2026-01-02 06:15:00,HVAC_01,HVAC System,46.386,11.5965,421.2,72.25,44.83,1.801,974.5,3037.74,1326.17,1200.0,RUNNING_OPTIMAL,0,NORMAL,7.5,NORMAL,GOOD
2026-01-02 06:15:00,MOTOR_01,Spinning Motor,43.14,10.785,421.8,67.1,60.57,1.945,1481.2,2792.68,50.5,48.0,RUNNING_OPTIMAL,0,NORMAL,7.5,NORMAL,GOOD
2026-01-02 06:15:00,PUMP_01,Water Pump,17.176,4.294,423.2,26.63,52.11,1.444,1447.2,2635.45,30.34,28.0,RUNNING_OPTIMAL,0,NORMAL,7.5,NORMAL,GOOD
2026-01-02 06:30:00,COMPRESSOR_01,Air Compressor,36.838,9.2095,420.0,57.54,74.03,2.227,2942.6,2716.77,228.44,210.0,RUNNING_OPTIMAL,0,NORMAL,7.5,NORMAL,GOOD
2026-01-02 06:30:00,HVAC_01,HVAC System,47.775,11.9438,425.0,73.75,43.9,1.758,974.9,3037.99,1359.52,1200.0,RUNNING_OPTIMAL,0,NORMAL,7.5,NORMAL,GOOD
2026-01-02 06:30:00,MOTOR_01,Spinning Motor,43.707,10.9268,422.0,67.95,61.52,1.975,1482.3,2792.93,53.35,48.0,RUNNING_OPTIMAL,0,NORMAL,7.5,NORMAL,GOOD
2026-01-02 06:30:00,PUMP_01,Water Pump,18.511,4.6278,427.6,28.4,50.03,1.414,1449.5,2635.7,29.86,28.0,RUNNING_OPTIMAL,0,NORMAL,7.5,NORMAL,GOOD
2026-01-02 06:45:00,COMPRESSOR_01,Air Compressor,37.288,9.322,424.1,57.68,73.77,2.398,2945.3,2717.02,226.89,210.0,RUNNING_OPTIMAL,0,NORMAL,7.5,NORMAL,GOOD
2026-01-02 06:45:00,HVAC_01,HVAC System,46.05,11.5125,422.9,71.44,43.67,1.645,974.1,3038.24,1327.59,1200.0,RUNNING_OPTIMAL,0,NORMAL,7.5,NORMAL,GOOD
2026-01-02 06:45:00,MOTOR_01,Spinning Motor,44.982,11.2455,422.8,69.8,62.55,1.91,1482.6,2793.18,54.59,48.0,RUNNING_OPTIMAL,0,NORMAL,7.5,NORMAL,GOOD
2026-01-02 06:45:00,PUMP_01,Water Pump,17.127,4.2818,420.4,26.73,51.11,1.611,1442.8,2635.95,28.47,28.0,RUNNING_OPTIMAL,0,NORMAL,7.5,NORMAL,GOOD
2026-01-02 07:00:00,COMPRESSOR_01,Air Compressor,35.272,8.818,420.6,55.02,75.07,2.46,2944.6,2717.27,216.51,210.0,RUNNING_OPTIMAL,0,NORMAL,7.5,NORMAL,GOOD
2026-01-02 07:00:00,HVAC_01,HVAC System,46.378,11.5945,424.8,71.63,44.04,1.837,974.6,3038.49,1274.81,1200.0,RUNNING_OPTIMAL,0,NORMAL,7.5,NORMAL,GOOD
2026-01-02 07:00:00,MOTOR_01,Spinning Motor,42.25,10.5625,421.6,65.75,61.18,2.042,1482.8,2793.43,52.67,48.0,RUNNING_OPTIMAL,0,NORMAL,7.5,NORMAL,GOOD
2026-01-02 07:00:00,PUMP_01,Water Pump,17.853,4.4633,421.4,27.8,51.08,1.504,1451.6,2636.2,28.78,28.0,RUNNING_OPTIMAL,0,NORMAL,7.5,NORMAL,GOOD
2026-01-02 07:15:00,COMPRESSOR_01,Air Compressor,33.484,8.371,421.8,52.08,74.77,2.531,2956.6,2717.52,216.46,210.0,RUNNING_OPTIMAL,0,NORMAL,7.5,NORMAL,GOOD
2026-01-02 07:15:00,HVAC_01,HVAC System,45.433,11.3582,423.2,70.43,44.7,1.836,968.1,3038.74,1317.16,1200.0,RUNNING_OPTIMAL,0,NORMAL,7.5,NORMAL,GOOD
2026-01-02 07:15:00,MOTOR_01,Spinning Motor,42.81,10.7025,425.4,66.02,62.34,1.999,1488.8,2793.68,53.48,48.0,RUNNING_OPTIMAL,0,NORMAL,7.5,NORMAL,GOOD
2026-01-02 07:15:00,PUMP_01,Water Pump,17.202,4.3005,427.2,26.42,51.88,1.44,1448.1,2636.45,32.64,28.0,RUNNING_OPTIMAL,0,NORMAL,7.5,NORMAL,GOOD
2026-01-02 07:30:00,COMPRESSOR_01,Air Compressor,37.397,9.3492,423.0,58.0,74.15,2.672,2940.3,2717.77,232.48,210.0,RUNNING_OPTIMAL,0,NORMAL,7.5,NORMAL,GOOD
2026-01-02 07:30:00,HVAC_01,HVAC System,43.185,10.7962,425.3,66.62,43.83,1.701,980.3,3038.99,1236.56,1200.0,RUNNING_OPTIMAL,0,NORMAL,7.5,NORMAL,GOOD
2026-01-02 07:30:00,MOTOR_01,Spinning Motor,43.992,10.998,423.2,68.2,62.96,1.998,1480.9,2793.93,55.02,48.0,RUNNING_OPTIMAL,0,NORMAL,7.5,NORMAL,GOOD
2026-01-02 07:30:00,PUMP_01,Water Pump,17.916,4.479,422.9,27.79,52.09,1.553,1444.2,2636.7,31.63,28.0,RUNNING_OPTIMAL,0,NORMAL,7.5,NORMAL,GOOD
2026-01-02 07:45:00,COMPRESSOR_01,Air Compressor,36.198,9.0495,426.3,55.71,74.82,2.305,2949.2,2718.02,226.51,210.0,RUNNING_OPTIMAL,0,NORMAL,7.5,NORMAL,GOOD
2026-01-02 07:45:00,HVAC_01,HVAC System,45.737,11.4342,423.8,70.8,45.15,1.857,975.8,3039.24,1320.5,1200.0,RUNNING_OPTIMAL,0,NORMAL,7.5,NORMAL,GOOD
2026-01-02 07:45:00,MOTOR_01,Spinning Motor,41.261,10.3152,424.6,63.76,62.41,2.191,1485.2,2794.18,50.41,48.0,RUNNING_OPTIMAL,0,NORMAL,7.5,NORMAL,GOOD
2026-01-02 07:45:00,PUMP_01,Water Pump,17.13,4.2825,420.9,26.7,51.99,1.389,1455.6,2636.95,29.49,28.0,RUNNING_OPTIMAL,0,NORMAL,7.5,NORMAL,GOOD
2026-01-02 08:00:00,COMPRESSOR_01,Air Compressor,37.494,9.3735,420.7,58.47,75.75,2.414,2937.0,2718.27,235.32,210.0,RUNNING_OPTIMAL,0,NORMAL,7.5,NORMAL,GOOD
2026-01-02 08:00:00,HVAC_01,HVAC System,43.449,10.8622,423.9,67.25,46.6,1.691,978.6,3039.49,1264.16,1200.0,RUNNING_OPTIMAL,0,NORMAL,7.5,NORMAL,GOOD
2026-01-02 08:00:00,MOTOR_01,Spinning Motor,41.647,10.4118,424.1,64.43,62.93,2.037,1481.0,2794.43,49.8,48.0,RUNNING_OPTIMAL,0,NORMAL,7.5,NORMAL,GOOD
2026-01-02 08:00:00,PUMP_01,Water Pump,17.667,4.4168,425.2,27.26,52.41,1.296,1448.7,2637.2,30.0,28.0,RUNNING_OPTIMAL,0,NORMAL,7.5,NORMAL,GOOD
2026-01-02 08:15:00,COMPRESSOR_01,Air Compressor,35.378,8.8445,422.4,54.95,75.21,2.34,2935.7,2718.52,223.74,210.0,RUNNING_OPTIMAL,0,NORMAL,7.5,NORMAL,GOOD
2026-01-02 08:15:00,HVAC_01,HVAC System,43.614,10.9035,419.2,68.26,46.48,1.79,974.5,3039.74,1263.37,1200.0,RUNNING_OPTIMAL,0,NORMAL,7.5,NORMAL,GOOD
2026-01-02 08:15:00,MOTOR_01,Spinning Motor,39.48,9.87,420.5,61.6,63.92,1.933,1477.5,2794.68,50.87,48.0,RUNNING_OPTIMAL,0,NORMAL,7.5,NORMAL,GOOD
2026-01-02 08:15:00,PUMP_01,Water Pump,16.197,4.0492,421.1,25.24,53.68,1.537,1449.3,2637.45,28.31,28.0,RUNNING_OPTIMAL,0,NORMAL,7.5,NORMAL,GOOD
2026-01-02 08:30:00,COMPRESSOR_01,Air Compressor,37.369,9.3422,420.8,58.26,76.23,2.363,2948.8,2718.77,227.36,210.0,RUNNING_OPTIMAL,0,NORMAL,7.5,NORMAL,GOOD
2026-01-02 08:30:00,HVAC_01,HVAC System,48.22,12.055,418.9,75.52,46.01,1.694,977.9,3039.99,1335.05,1200.0,RUNNING_OPTIMAL,0,NORMAL,7.5,NORMAL,GOOD
2026-01-02 08:30:00,MOTOR_01,Spinning Motor,43.942,10.9855,420.2,68.61,62.6,2.081,1483.5,2794.93,54.02,48.0,RUNNING_OPTIMAL,0,NORMAL,7.5,NORMAL,GOOD
2026-01-02 08:30:00,PUMP_01,Water Pump,17.785,4.4462,420.4,27.76,53.51,1.734,1453.2,2637.7,30.27,28.0,RUNNING_OPTIMAL,0,NORMAL,7.5,NORMAL,GOOD
2026-01-02 08:45:00,COMPRESSOR_01,Air Compressor,37.04,9.26,421.0,57.72,77.27,2.554,2945.5,2719.02,230.65,210.0,RUNNING_OPTIMAL,0,NORMAL,7.5,NORMAL,GOOD
2026-01-02 08:45:00,HVAC_01,HVAC System,43.207,10.8018,422.2,67.14,46.91,1.616,981.5,3040.24,1219.09,1200.0,RUNNING_OPTIMAL,0,NORMAL,7.5,NORMAL,GOOD
2026-01-02 08:45:00,MOTOR_01,Spinning Motor,42.922,10.7305,422.5,66.65,63.27,1.953,1475.2,2795.18,53.58,48.0,RUNNING_OPTIMAL,0,NORMAL,7.5,NORMAL,GOOD
2026-01-02 08:45:00,PUMP_01,Water Pump,17.499,4.3748,423.3,27.12,53.62,1.486,1451.0,2637.95,30.82,28.0,RUNNING_OPTIMAL,0,NORMAL,7.5,NORMAL,GOOD
2026-01-02 09:00:00,COMPRESSOR_01,Air Compressor,37.79,9.4475,424.5,58.41,77.83,2.354,2946.8,2719.27,230.31,210.0,RUNNING_OPTIMAL,0,NORMAL,7.5,NORMAL,GOOD
2026-01-02 09:00:00,HVAC_01,HVAC System,45.306,11.3265,414.2,71.76,47.86,1.638,976.0,3040.49,1267.32,1200.0,RUNNING_OPTIMAL,0,NORMAL,7.5,NORMAL,GOOD
2026-01-02 09:00:00,MOTOR_01,Spinning Motor,40.841,10.2102,418.9,63.97,63.86,2.009,1485.0,2795.43,47.7,48.0,RUNNING_OPTIMAL,0,NORMAL,7.5,NORMAL,GOOD
2026-01-02 09:00:00,PUMP_01,Water Pump,15.438,3.8595,419.7,24.13,53.31,1.475,1443.5,2638.2,28.25,28.0,RUNNING_OPTIMAL,0,NORMAL,7.5,NORMAL,GOOD
2026-01-02 09:15:00,COMPRESSOR_01,Air Compressor,35.864,8.966,418.4,56.24,77.02,2.493,2948.8,2719.52,217.79,210.0,RUNNING_OPTIMAL,0,NORMAL,7.5,NORMAL,GOOD
2026-01-02 09:15:00,HVAC_01,HVAC System,43.691,10.9228,419.9,68.27,47.49,1.735,979.4,3040.74,1281.13,1200.0,RUNNING_OPTIMAL,0,NORMAL,7.5,NORMAL,GOOD
2026-01-02 09:15:00,MOTOR_01,Spinning Motor,39.827,9.9568,417.2,62.63,63.95,1.92,1475.4,2795.68,50.02,48.0,RUNNING_OPTIMAL,0,NORMAL,7.5,NORMAL,GOOD
2026-01-02 09:15:00,PUMP_01,Water Pump,17.443,4.3608,419.7,27.27,55.39,1.452,1445.7,2638.45,31.5,28.0,RUNNING_OPTIMAL,0,NORMAL,7.5,NORMAL,GOOD
2026-01-02 09:30:00,COMPRESSOR_01,Air Compressor,34.924,8.731,421.6,54.35,77.31,2.429,2947.5,2719.77,216.49,210.0,RUNNING_OPTIMAL,0,NORMAL,7.5,NORMAL,GOOD
2026-01-02 09:30:00,HVAC_01,HVAC System,47.907,11.9767,420.6,74.73,48.74,1.811,980.3,3040.99,1354.52,1200.0,RUNNING_OPTIMAL,0,NORMAL,7.5,NORMAL,GOOD
2026-01-02 09:30:00,MOTOR_01,Spinning Motor,41.43,10.3575,423.9,64.12,64.89,2.045,1486.6,2795.93,49.61,48.0,RUNNING_OPTIMAL,0,NORMAL,7.5,NORMAL,GOOD
2026-01-02 09:30:00,PUMP_01,Water Pump,17.914,4.4785,422.3,27.83,54.99,1.561,1442.2,2638.7,32.09,28.0,RUNNING_OPTIMAL,0,NORMAL,7.5,NORMAL,GOOD
2026-01-02 09:45:00,COMPRESSOR_01,Air Compressor,33.615,8.4038,424.1,52.0,78.08,2.508,2949.9,2720.02,219.21,210.0,RUNNING_OPTIMAL,0,NORMAL,7.5,NORMAL,GOOD
2026-01-02 09:45:00,HVAC_01,HVAC System,43.815,10.9538,421.0,68.28,47.57,1.66,975.8,3041.24,1250.65,1200.0,RUNNING_OPTIMAL,0,NORMAL,7.5,NORMAL,GOOD
2026-01-02 09:45:00,MOTOR_01,Spinning Motor,42.04,10.51,418.1,65.97,63.84,1.958,1481.4,2796.18,49.76,48.0,RUNNING_OPTIMAL,0,NORMAL,7.5,NORMAL,GOOD
2026-01-02 09:45:00,PUMP_01,Water Pump,16.452,4.113,419.8,25.71,53.05,1.621,1446.9,2638.95,28.04,28.0,RUNNING_OPTIMAL,0,NORMAL,7.5,NORMAL,GOOD
2026-01-02 10:00:00,COMPRESSOR_01,Air Compressor,35.117,8.7792,415.3,55.48,78.75,2.391,2948.1,2720.27,216.51,210.0,RUNNING_OPTIMAL,0,NORMAL,7.5,NORMAL,GOOD
2026-01-02 10:00:00,HVAC_01,HVAC System,43.429,10.8572,420.3,67.79,46.01,1.647,978.8,3041.49,1219.58,1200.0,RUNNING_OPTIMAL,0,NORMAL,7.5,NORMAL,GOOD
2026-01-02 10:00:00,MOTOR_01,Spinning Motor,41.502,10.3755,421.7,64.57,65.28,1.96,1480.7,2796.43,50.41,48.0,RUNNING_OPTIMAL,0,NORMAL,7.5,NORMAL,GOOD
2026-01-02 10:00:00,PUMP_01,Water Pump,16.973,4.2432,422.4,26.36,55.57,1.553,1445.1,2639.2,28.11,28.0,RUNNING_OPTIMAL,0,NORMAL,7.5,NORMAL,GOOD
2026-01-02 10:15:00,COMPRESSOR_01,Air Compressor,35.857,8.9642,420.3,55.97,78.8,2.498,2948.3,2720.52,231.3,210.0,RUNNING_OPTIMAL,0,NORMAL,7.5,NORMAL,GOOD
2026-01-02 10:15:00,HVAC_01,HVAC System,44.666,11.1665,421.9,69.46,49.49,1.776,977.1,3041.74,1286.7,1200.0,RUNNING_OPTIMAL,0,NORMAL,7.5,NORMAL,GOOD
2026-01-02 10:15:00,MOTOR_01,Spinning Motor,40.914,10.2285,417.4,64.31,64.87,1.853,1481.3,2796.68,47.52,48.0,RUNNING_OPTIMAL,0,NORMAL,7.5,NORMAL,GOOD
2026-01-02 10:15:00,PUMP_01,Water Pump,17.444,4.361,420.3,27.23,56.25,1.588,1447.0,2639.45,33.3,28.0,RUNNING_OPTIMAL,0,NORMAL,7.5,NORMAL,GOOD
2026-01-02 10:30:00,COMPRESSOR_01,Air Compressor,33.831,8.4578,423.0,52.47,77.71,2.404,2945.6,2720.77,221.2,210.0,RUNNING_OPTIMAL,0,NORMAL,7.5,NORMAL,GOOD
2026-01-02 10:30:00,HVAC_01,HVAC System,46.295,11.5738,415.4,73.12,48.49,1.801,978.2,3041.99,1299.12,1200.0,RUNNING_OPTIMAL,0,NORMAL,7.5,NORMAL,GOOD
2026-01-02 10:30:00,MOTOR_01,Spinning Motor,42.717,10.6792,419.8,66.76,65.08,1.96,1484.2,2796.93,54.34,48.0,RUNNING_OPTIMAL,0,NORMAL,7.5,NORMAL,GOOD
2026-01-02 10:30:00,PUMP_01,Water Pump,17.608,4.402,419.1,27.56,53.08,1.326,1447.0,2639.7,28.62,28.0,RUNNING_OPTIMAL,0,NORMAL,7.5,NORMAL,GOOD
2026-01-02 10:45:00,COMPRESSOR_01,Air Compressor,36.176,9.044,418.4,56.73,78.55,2.445,2944.7,2721.02,226.39,210.0,RUNNING_OPTIMAL,0,NORMAL,7.5,NORMAL,GOOD
2026-01-02 10:45:00,HVAC_01,HVAC System,45.362,11.3405,421.9,70.54,48.7,1.978,979.5,3042.24,1305.61,1200.0,RUNNING_OPTIMAL,0,NORMAL,7.5,NORMAL,GOOD
2026-01-02 10:45:00,MOTOR_01,Spinning Motor,40.848,10.212,423.1,63.34,65.49,1.86,1484.1,2797.18,50.25,48.0,RUNNING_OPTIMAL,0,NORMAL,7.5,NORMAL,GOOD
2026-01-02 10:45:00,PUMP_01,Water Pump,15.997,3.9992,418.5,25.08,54.92,1.449,1451.5,2639.95,28.9,28.0,RUNNING_OPTIMAL,0,NORMAL,7.5,NORMAL,GOOD
2026-01-02 11:00:00,COMPRESSOR_01,Air Compressor,33.766,8.4415,415.3,53.34,79.22,2.328,2945.4,2721.27,212.5,210.0,RUNNING_OPTIMAL,0,NORMAL,7.5,NORMAL,GOOD
2026-01-02 11:00:00,HVAC_01,HVAC System,42.516,10.629,417.3,66.84,49.14,1.739,976.5,3042.49,1211.62,1200.0,RUNNING_OPTIMAL,0,NORMAL,7.5,NORMAL,GOOD
2026-01-02 11:00:00,MOTOR_01,Spinning Motor,39.727,9.9317,418.0,62.35,65.69,1.963,1488.2,2797.43,49.59,48.0,RUNNING_OPTIMAL,0,NORMAL,7.5,NORMAL,GOOD
2026-01-02 11:00:00,PUMP_01,Water Pump,15.723,3.9308,415.1,24.85,55.96,1.406,1456.5,2640.2,27.02,28.0,RUNNING_OPTIMAL,0,NORMAL,7.5,NORMAL,GOOD
2026-01-02 11:15:00,COMPRESSOR_01,Air Compressor,34.447,8.6118,414.7,54.5,79.42,2.419,2945.5,2721.52,215.31,210.0,RUNNING_OPTIMAL,0,NORMAL,7.5,NORMAL,GOOD
2026-01-02 11:15:00,HVAC_01,HVAC System,38.707,9.6768,419.5,60.54,48.53,1.664,987.1,3042.74,1130.36,1200.0,RUNNING_OPTIMAL,0,NORMAL,7.5,NORMAL,GOOD
2026-01-02 11:15:00,MOTOR_01,Spinning Motor,37.51,9.3775,416.4,59.1,65.94,1.984,1489.2,2797.68,47.13,48.0,RUNNING_OPTIMAL,0,NORMAL,7.5,NORMAL,GOOD
2026-01-02 11:15:00,PUMP_01,Water Pump,15.592,3.898,417.0,24.53,57.19,1.47,1447.2,2640.45,30.09,28.0,RUNNING_OPTIMAL,0,NORMAL,7.5,NORMAL,GOOD
2026-01-02 11:30:00,COMPRESSOR_01,Air Compressor,33.102,8.2755,419.2,51.81,78.22,2.559,2949.8,2721.77,214.29,210.0,RUNNING_OPTIMAL,0,NORMAL,7.5,NORMAL,GOOD
2026-01-02 11:30:00,HVAC_01,HVAC System,48.548,12.137,416.2,76.53,49.75,1.636,973.9,3042.99,1335.19,1200.0,RUNNING_OPTIMAL,0,NORMAL,7.5,NORMAL,GOOD
2026-01-02 11:30:00,MOTOR_01,Spinning Motor,39.871,9.9678,416.3,62.84,65.04,1.875,1478.3,2797.93,51.19,48.0,RUNNING_OPTIMAL,0,NORMAL,7.5,NORMAL,GOOD
2026-01-02 11:30:00,PUMP_01,Water Pump,15.002,3.7505,421.1,23.37,55.0,1.607,1452.9,2640.7,29.67,28.0,RUNNING_OPTIMAL,0,NORMAL,7.5,NORMAL,GOOD
2026-01-02 11:45:00,COMPRESSOR_01,Air Compressor,34.38,8.595,417.3,54.05,78.47,2.206,2947.5,2722.02,203.81,210.0,RUNNING_OPTIMAL,0,NORMAL,7.5,NORMAL,GOOD
2026-01-02 11:45:00,HVAC_01,HVAC System,45.14,11.285,416.3,71.14,48.44,1.774,977.6,3043.24,1310.68,1200.0,RUNNING_OPTIMAL,0,NORMAL,7.5,NORMAL,GOOD
2026-01-02 11:45:00,MOTOR_01,Spinning Motor,38.305,9.5762,415.4,60.5,65.19,2.017,1485.3,2798.18,48.85,48.0,RUNNING_OPTIMAL,0,NORMAL,7.5,NORMAL,GOOD
2026-01-02 11:45:00,PUMP_01,Water Pump,17.503,4.3758,416.9,27.54,56.32,1.589,1446.3,2640.95,30.33,28.0,RUNNING_OPTIMAL,0,NORMAL,7.5,NORMAL,GOOD
2026-01-02 12:00:00,COMPRESSOR_01,Air Compressor,31.957,7.9892,421.5,49.74,79.65,2.257,2946.0,2722.27,205.2,210.0,RUNNING_OPTIMAL,0,NORMAL,7.5,NORMAL,GOOD
2026-01-02 12:00:00,HVAC_01,HVAC System,38.539,9.6348,412.2,61.34,49.35,1.742,976.3,3043.49,1142.05,1200.0,RUNNING_OPTIMAL,0,NORMAL,7.5,NORMAL,GOOD
2026-01-02 12:00:00,MOTOR_01,Spinning Motor,40.581,10.1453,410.4,64.87,66.7,1.845,1482.2,2798.43,46.26,48.0,RUNNING_OPTIMAL,0,NORMAL,7.5,NORMAL,GOOD
2026-01-02 12:00:00,PUMP_01,Water Pump,14.508,3.627,411.6,23.13,56.42,1.483,1452.1,2641.2,25.44,28.0,RUNNING_OPTIMAL,0,NORMAL,7.5,NORMAL,GOOD
2026-01-02 12:15:00,COMPRESSOR_01,Air Compressor,33.251,8.3128,417.3,52.28,79.88,2.346,2945.9,2722.52,214.5,210.0,RUNNING_OPTIMAL,0,NORMAL,7.5,NORMAL,GOOD
2026-01-02 12:15:00,HVAC_01,HVAC System,38.251,9.5628,413.4,60.71,49.55,1.59,986.3,3043.74,1079.6,1200.0,RUNNING_OPTIMAL,0,NORMAL,7.5,NORMAL,GOOD
2026-01-02 12:15:00,MOTOR_01,Spinning Motor,43.324,10.831,416.4,68.26,67.93,1.942,1484.8,2798.68,52.28,48.0,RUNNING_OPTIMAL,0,NORMAL,7.5,NORMAL,GOOD
2026-01-02 12:15:00,PUMP_01,Water Pump,16.239,4.0598,416.9,25.56,56.46,1.445,1449.8,2641.45,26.93,28.0,RUNNING_OPTIMAL,0,NORMAL,7.5,NORMAL,GOOD
2026-01-02 12:30:00,COMPRESSOR_01,Air Compressor,34.142,8.5355,413.4,54.18,78.9,2.537,2948.1,2722.77,205.56,210.0,RUNNING_OPTIMAL,0,NORMAL,7.5,NORMAL,GOOD
2026-01-02 12:30:00,HVAC_01,HVAC System,41.819,10.4548,416.3,65.91,49.1,1.799,975.0,3043.99,1204.33,1200.0,RUNNING_OPTIMAL,0,NORMAL,7.5,NORMAL,GOOD
2026-01-02 12:30:00,MOTOR_01,Spinning Motor,38.794,9.6985,416.0,61.18,65.99,2.014,1480.7,2798.93,47.2,48.0,RUNNING_OPTIMAL,0,NORMAL,7.5,NORMAL,GOOD
2026-01-02 12:30:00,PUMP_01,Water Pump,15.506,3.8765,414.8,24.53,56.83,1.501,1450.5,2641.7,25.43,28.0,RUNNING_OPTIMAL,0,NORMAL,7.5,NORMAL,GOOD
2026-01-02 12:45:00,COMPRESSOR_01,Air Compressor,37.745,9.4362,415.4,59.61,80.36,2.594,2949.8,2723.02,228.4,210.0,RUNNING_OPTIMAL,0,NORMAL,7.5,NORMAL,GOOD
2026-01-02 12:45:00,HVAC_01,HVAC System,45.208,11.302,415.7,71.35,50.18,1.978,981.5,3044.24,1265.85,1200.0,RUNNING_OPTIMAL,0,NORMAL,7.5,NORMAL,GOOD
2026-01-02 12:45:00,MOTOR_01,Spinning Motor,42.263,10.5658,416.4,66.59,66.12,1.942,1480.3,2799.18,50.29,48.0,RUNNING_OPTIMAL,0,NORMAL,7.5,NORMAL,GOOD
2026-01-02 12:45:00,PUMP_01,Water Pump,19.104,4.776,410.9,30.5,56.96,1.578,1449.9,2641.95,27.93,28.0,RUNNING_OPTIMAL,0,NORMAL,7.5,NORMAL,GOOD
2026-01-02 13:00:00,COMPRESSOR_01,Air Compressor,15.975,3.9938,413.8,25.33,66.83,1.57,2954.2,2723.27,0.0,42.0,IDLE_UNLOADED,0,NORMAL,7.5,NORMAL,GOOD
2026-01-02 13:00:00,HVAC_01,HVAC System,14.509,3.6272,410.7,23.18,37.58,1.11,988.1,3044.49,0.0,240.0,IDLE_UNLOADED,0,NORMAL,7.5,NORMAL,GOOD
2026-01-02 13:00:00,MOTOR_01,Spinning Motor,12.923,3.2308,416.4,20.36,54.13,1.213,1490.7,2799.43,0.0,9.6,IDLE_UNLOADED,0,NORMAL,7.5,NORMAL,GOOD
2026-01-02 13:00:00,PUMP_01,Water Pump,4.775,1.1938,412.9,7.59,43.77,0.978,1451.4,2642.2,0.0,5.6,IDLE_UNLOADED,0,NORMAL,7.5,NORMAL,GOOD
2026-01-02 13:15:00,COMPRESSOR_01,Air Compressor,15.984,3.996,414.7,25.29,64.63,1.565,2959.5,2723.52,0.0,42.0,IDLE_UNLOADED,0,NORMAL,7.5,NORMAL,GOOD
2026-01-02 13:15:00,HVAC_01,HVAC System,15.073,3.7682,420.3,23.53,37.63,1.148,983.1,3044.74,0.0,240.0,IDLE_UNLOADED,0,NORMAL,7.5,NORMAL,GOOD
2026-01-02 13:15:00,MOTOR_01,Spinning Motor,11.962,2.9905,413.3,18.99,54.05,1.284,1488.3,2799.68,0.0,9.6,IDLE_UNLOADED,0,NORMAL,7.5,NORMAL,GOOD
2026-01-02 13:15:00,PUMP_01,Water Pump,4.264,1.066,410.3,6.82,43.0,1.067,1456.0,2642.45,0.0,5.6,IDLE_UNLOADED,0,NORMAL,7.5,NORMAL,GOOD
2026-01-02 13:30:00,COMPRESSOR_01,Air Compressor,33.909,8.4772,417.1,53.34,81.04,2.493,2948.3,2723.77,212.91,210.0,RUNNING_OPTIMAL,0,NORMAL,7.5,NORMAL,GOOD
2026-01-02 13:30:00,HVAC_01,HVAC System,40.362,10.0905,414.4,63.9,49.7,1.793,979.5,3044.99,1153.22,1200.0,RUNNING_OPTIMAL,0,NORMAL,7.5,NORMAL,GOOD
2026-01-02 13:30:00,MOTOR_01,Spinning Motor,40.604,10.151,412.2,64.63,67.66,1.982,1482.5,2799.93,47.29,48.0,RUNNING_OPTIMAL,0,NORMAL,7.5,NORMAL,GOOD
2026-01-02 13:30:00,PUMP_01,Water Pump,15.989,3.9972,414.1,25.33,57.5,1.374,1452.4,2642.7,26.28,28.0,RUNNING_OPTIMAL,0,NORMAL,7.5,NORMAL,GOOD
2026-01-02 13:45:00,COMPRESSOR_01,Air Compressor,29.68,7.42,411.5,47.32,79.94,2.372,2959.1,2724.02,189.31,210.0,RUNNING_OPTIMAL,0,NORMAL,7.5,NORMAL,GOOD
2026-01-02 13:45:00,HVAC_01,HVAC System,39.954,9.9885,411.3,63.73,49.79,1.711,984.3,3045.24,1151.18,1200.0,RUNNING_OPTIMAL,0,NORMAL,7.5,NORMAL,GOOD
2026-01-02 13:45:00,MOTOR_01,Spinning Motor,38.898,9.7245,410.9,62.11,66.35,1.991,1488.0,2800.18,45.75,48.0,RUNNING_OPTIMAL,0,NORMAL,7.5,NORMAL,GOOD
2026-01-02 13:45:00,PUMP_01,Water Pump,15.735,3.9338,416.1,24.81,57.01,1.692,1445.0,2642.95,30.34,28.0,RUNNING_OPTIMAL,0,NORMAL,7.5,NORMAL,GOOD
2026-01-02 14:00:00,COMPRESSOR_01,Air Compressor,33.182,8.2955,406.8,53.52,79.91,2.437,2948.3,2724.27,210.89,210.0,RUNNING_OPTIMAL,0,NORMAL,7.5,NORMAL,GOOD
2026-01-02 14:00:00,HVAC_01,HVAC System,42.855,10.7137,406.2,69.22,50.24,1.729,978.7,3045.49,1201.15,1200.0,RUNNING_OPTIMAL,0,NORMAL,7.5,NORMAL,GOOD
2026-01-02 14:00:00,MOTOR_01,Spinning Motor,37.498,9.3745,412.1,59.7,66.1,1.967,1494.0,2800.43,45.33,48.0,RUNNING_OPTIMAL,0,NORMAL,7.5,NORMAL,GOOD
2026-01-02 14:00:00,PUMP_01,Water Pump,15.574,3.8935,409.6,24.95,56.92,1.572,1445.3,2643.2,25.79,28.0,RUNNING_OPTIMAL,0,NORMAL,7.5,NORMAL,GOOD
2026-01-02 14:15:00,COMPRESSOR_01,Air Compressor,30.087,7.5218,410.1,48.13,80.77,2.163,2948.1,2724.52,187.94,210.0,RUNNING_OPTIMAL,0,NORMAL,7.5,NORMAL,GOOD
2026-01-02 14:15:00,HVAC_01,HVAC System,39.068,9.767,411.4,62.3,50.17,1.683,977.7,3045.74,1115.07,1200.0,RUNNING_OPTIMAL,0,NORMAL,7.5,NORMAL,GOOD
2026-01-02 14:15:00,MOTOR_01,Spinning Motor,40.752,10.188,411.0,65.05,67.51,2.052,1478.1,2800.68,45.8,48.0,RUNNING_OPTIMAL,0,NORMAL,7.5,NORMAL,GOOD
2026-01-02 14:15:00,PUMP_01,Water Pump,14.899,3.7248,409.4,23.88,56.1,1.417,1453.3,2643.45,28.58,28.0,RUNNING_OPTIMAL,0,NORMAL,7.5,NORMAL,GOOD
2026-01-02 14:30:00,COMPRESSOR_01,Air Compressor,29.895,7.4738,412.3,47.57,79.28,2.491,2948.6,2724.77,192.64,210.0,RUNNING_OPTIMAL,0,NORMAL,7.5,NORMAL,GOOD
2026-01-02 14:30:00,HVAC_01,HVAC System,40.256,10.064,410.2,64.39,50.2,1.544,984.6,3045.99,1134.24,1200.0,RUNNING_OPTIMAL,0,NORMAL,7.5,NORMAL,GOOD
2026-01-02 14:30:00,MOTOR_01,Spinning Motor,37.742,9.4355,409.7,60.44,65.69,2.005,1479.2,2800.93,47.82,48.0,RUNNING_OPTIMAL,0,NORMAL,7.5,NORMAL,GOOD
2026-01-02 14:30:00,PUMP_01,Water Pump,15.326,3.8315,406.5,24.74,56.04,1.592,1448.5,2643.7,27.86,28.0,RUNNING_OPTIMAL,0,NORMAL,7.5,NORMAL,GOOD
2026-01-02 14:45:00,COMPRESSOR_01,Air Compressor,30.95,7.7375,409.8,49.55,81.2,2.319,2947.4,2725.02,210.54,210.0,RUNNING_OPTIMAL,0,NORMAL,7.5,NORMAL,GOOD
2026-01-02 14:45:00,HVAC_01,HVAC System,40.417,10.1042,414.0,64.05,49.88,1.889,984.4,3046.24,1173.74,1200.0,RUNNING_OPTIMAL,0,NORMAL,7.5,NORMAL,GOOD
2026-01-02 14:45:00,MOTOR_01,Spinning Motor,36.06,9.015,411.1,57.55,65.8,1.858,1482.3,2801.18,42.93,48.0,RUNNING_OPTIMAL,0,NORMAL,7.5,NORMAL,GOOD
2026-01-02 14:45:00,PUMP_01,Water Pump,15.431,3.8578,410.9,24.64,55.62,1.476,1447.4,2643.95,27.94,28.0,RUNNING_OPTIMAL,0,NORMAL,7.5,NORMAL,GOOD
2026-01-02 15:00:00,COMPRESSOR_01,Air Compressor,29.906,7.4765,410.9,47.75,78.47,2.37,2949.9,2725.27,191.15,210.0,RUNNING_OPTIMAL,0,NORMAL,7.5,NORMAL,GOOD
2026-01-02 15:00:00,HVAC_01,HVAC System,37.603,9.4008,405.9,60.78,48.88,1.824,981.3,3046.49,1097.57,1200.0,RUNNING_OPTIMAL,0,NORMAL,7.5,NORMAL,GOOD
2026-01-02 15:00:00,MOTOR_01,Spinning Motor,36.776,9.194,406.3,59.38,66.36,1.947,1490.5,2801.43,46.44,48.0,RUNNING_OPTIMAL,0,NORMAL,7.5,NORMAL,GOOD
2026-01-02 15:00:00,PUMP_01,Water Pump,15.073,3.7682,406.0,24.36,55.34,1.478,1446.8,2644.2,27.46,28.0,RUNNING_OPTIMAL,0,NORMAL,7.5,NORMAL,GOOD
2026-01-02 15:15:00,COMPRESSOR_01,Air Compressor,30.636,7.659,409.1,49.13,79.44,2.26,2956.6,2725.52,185.35,210.0,RUNNING_OPTIMAL,0,NORMAL,7.5,NORMAL,GOOD
2026-01-02 15:15:00,HVAC_01,HVAC System,39.189,9.7972,405.7,63.37,50.07,1.648,982.0,3046.74,1141.16,1200.0,RUNNING_OPTIMAL,0,NORMAL,7.5,NORMAL,GOOD
2026-01-02 15:15:00,MOTOR_01,Spinning Motor,39.55,9.8875,410.9,63.15,67.97,1.932,1484.1,2801.68,45.23,48.0,RUNNING_OPTIMAL,0,NORMAL,7.5,NORMAL,GOOD
2026-01-02 15:15:00,PUMP_01,Water Pump,16.533,4.1332,408.3,26.57,57.49,1.565,1448.4,2644.45,27.21,28.0,RUNNING_OPTIMAL,0,NORMAL,7.5,NORMAL,GOOD
2026-01-02 15:30:00,COMPRESSOR_01,Air Compressor,33.608,8.402,407.5,54.11,80.44,2.416,2952.6,2725.77,208.83,210.0,RUNNING_OPTIMAL,0,NORMAL,7.5,NORMAL,GOOD
2026-01-02 15:30:00,HVAC_01,HVAC System,41.011,10.2528,413.6,65.05,50.37,1.749,981.6,3046.99,1186.52,1200.0,RUNNING_OPTIMAL,0,NORMAL,7.5,NORMAL,GOOD
2026-01-02 15:30:00,MOTOR_01,Spinning Motor,35.884,8.971,405.8,58.02,65.97,2.012,1492.9,2801.93,41.96,48.0,RUNNING_OPTIMAL,0,NORMAL,7.5,NORMAL,GOOD
2026-01-02 15:30:00,PUMP_01,Water Pump,14.969,3.7422,405.2,24.24,56.07,1.614,1445.0,2644.7,26.04,28.0,RUNNING_OPTIMAL,0,NORMAL,7.5,NORMAL,GOOD
2026-01-02 15:45:00,COMPRESSOR_01,Air Compressor,31.721,7.9302,407.6,51.06,78.5,2.302,2952.2,2726.02,188.88,210.0,RUNNING_OPTIMAL,0,NORMAL,7.5,NORMAL,GOOD
2026-01-02 15:45:00,HVAC_01,HVAC System,41.282,10.3205,406.0,66.71,49.17,1.765,974.6,3047.24,1159.58,1200.0,RUNNING_OPTIMAL,0,NORMAL,7.5,NORMAL,GOOD
2026-01-02 15:45:00,MOTOR_01,Spinning Motor,37.777,9.4442,410.2,60.42,67.4,1.857,1486.0,2802.18,45.3,48.0,RUNNING_OPTIMAL,0,NORMAL,7.5,NORMAL,GOOD
2026-01-02 15:45:00,PUMP_01,Water Pump,15.232,3.808,410.8,24.33,55.43,1.532,1452.1,2644.95,24.61,28.0,RUNNING_OPTIMAL,0,NORMAL,7.5,NORMAL,GOOD
2026-01-02 16:00:00,COMPRESSOR_01,Air Compressor,32.496,8.124,407.6,52.31,79.42,2.261,2949.4,2726.27,200.19,210.0,RUNNING_OPTIMAL,0,NORMAL,7.5,NORMAL,GOOD
2026-01-02 16:00:00,HVAC_01,HVAC System,36.536,9.134,409.8,58.49,49.33,1.719,982.3,3047.49,1070.56,1200.0,RUNNING_OPTIMAL,0,NORMAL,7.5,NORMAL,GOOD
2026-01-02 16:00:00,MOTOR_01,Spinning Motor,37.628,9.407,409.8,60.24,65.42,1.861,1481.4,2802.43,44.76,48.0,RUNNING_OPTIMAL,0,NORMAL,7.5,NORMAL,GOOD
2026-01-02 16:00:00,PUMP_01,Water Pump,14.8,3.7,407.4,23.83,55.52,1.418,1458.4,2645.2,24.97,28.0,RUNNING_OPTIMAL,0,NORMAL,7.5,NORMAL,GOOD
2026-01-02 16:15:00,COMPRESSOR_01,Air Compressor,29.835,7.4588,407.8,48.0,79.95,2.228,2952.3,2726.52,188.1,210.0,RUNNING_OPTIMAL,0,NORMAL,7.5,NORMAL,GOOD
2026-01-02 16:15:00,HVAC_01,HVAC System,37.415,9.3538,408.9,60.03,49.59,1.675,984.1,3047.74,1122.26,1200.0,RUNNING_OPTIMAL,0,NORMAL,7.5,NORMAL,GOOD
2026-01-02 16:15:00,MOTOR_01,Spinning Motor,34.057,8.5142,408.1,54.75,64.76,1.97,1495.5,2802.68,42.87,48.0,RUNNING_OPTIMAL,0,NORMAL,7.5,NORMAL,GOOD
2026-01-02 16:15:00,PUMP_01,Water Pump,14.543,3.6358,408.6,23.35,55.78,1.451,1447.8,2645.45,24.74,28.0,RUNNING_OPTIMAL,0,NORMAL,7.5,NORMAL,GOOD
2026-01-02 16:30:00,COMPRESSOR_01,Air Compressor,30.591,7.6478,403.9,49.69,79.25,2.369,2956.0,2726.77,189.05,210.0,RUNNING_OPTIMAL,0,NORMAL,7.5,NORMAL,GOOD
2026-01-02 16:30:00,HVAC_01,HVAC System,38.43,9.6075,406.8,61.98,50.38,1.707,985.3,3047.99,1087.91,1200.0,RUNNING_OPTIMAL,0,NORMAL,7.5,NORMAL,GOOD
2026-01-02 16:30:00,MOTOR_01,Spinning Motor,36.334,9.0835,407.5,58.5,66.54,1.953,1484.8,2802.93,44.31,48.0,RUNNING_OPTIMAL,0,NORMAL,7.5,NORMAL,GOOD
2026-01-02 16:30:00,PUMP_01,Water Pump,14.546,3.6365,407.2,23.44,56.25,1.522,1443.8,2645.7,24.49,28.0,RUNNING_OPTIMAL,0,NORMAL,7.5,NORMAL,GOOD
2026-01-02 16:45:00,COMPRESSOR_01,Air Compressor,32.724,8.181,412.4,52.06,78.91,2.297,2947.5,2727.02,199.58,210.0,RUNNING_OPTIMAL,0,NORMAL,7.5,NORMAL,GOOD
2026-01-02 16:45:00,HVAC_01,HVAC System,39.661,9.9152,411.7,63.2,50.16,1.579,984.1,3048.24,1098.37,1200.0,RUNNING_OPTIMAL,0,NORMAL,7.5,NORMAL,GOOD
2026-01-02 16:45:00,MOTOR_01,Spinning Motor,34.596,8.649,408.6,55.55,66.35,1.903,1483.1,2803.18,42.48,48.0,RUNNING_OPTIMAL,0,NORMAL,7.5,NORMAL,GOOD
2026-01-02 16:45:00,PUMP_01,Water Pump,13.92,3.48,406.8,22.45,55.23,1.383,1451.2,2645.95,26.03,28.0,RUNNING_OPTIMAL,0,NORMAL,7.5,NORMAL,GOOD
2026-01-02 17:00:00,COMPRESSOR_01,Air Compressor,31.169,7.7922,409.1,49.99,78.69,2.2,2952.3,2727.27,194.62,210.0,RUNNING_OPTIMAL,0,NORMAL,7.5,NORMAL,GOOD
2026-01-02 17:00:00,HVAC_01,HVAC System,35.006,8.7515,410.8,55.91,48.22,1.625,977.9,3048.49,1096.2,1200.0,RUNNING_OPTIMAL,0,NORMAL,7.5,NORMAL,GOOD
2026-01-02 17:00:00,MOTOR_01,Spinning Motor,39.21,9.8025,404.8,63.55,66.23,1.734,1481.6,2803.43,47.9,48.0,RUNNING_OPTIMAL,0,NORMAL,7.5,NORMAL,GOOD
2026-01-02 17:00:00,PUMP_01,Water Pump,14.177,3.5442,408.4,22.77,55.84,1.374,1450.7,2646.2,25.88,28.0,RUNNING_OPTIMAL,0,NORMAL,7.5,NORMAL,GOOD
2026-01-02 17:15:00,COMPRESSOR_01,Air Compressor,29.459,7.3648,408.4,47.32,77.14,2.177,2953.2,2727.52,191.09,210.0,RUNNING_OPTIMAL,0,NORMAL,7.5,NORMAL,GOOD
2026-01-02 17:15:00,HVAC_01,HVAC System,39.644,9.911,405.5,64.14,48.79,1.707,978.5,3048.74,1127.79,1200.0,RUNNING_OPTIMAL,0,NORMAL,7.5,NORMAL,GOOD
2026-01-02 17:15:00,MOTOR_01,Spinning Motor,36.851,9.2128,405.3,59.65,64.7,1.683,1478.7,2803.68,44.97,48.0,RUNNING_OPTIMAL,0,NORMAL,7.5,NORMAL,GOOD
2026-01-02 17:15:00,PUMP_01,Water Pump,15.477,3.8692,407.2,24.94,55.22,1.535,1454.0,2646.45,22.88,28.0,RUNNING_OPTIMAL,0,NORMAL,7.5,NORMAL,GOOD
2026-01-02 17:30:00,COMPRESSOR_01,Air Compressor,31.457,7.8642,405.7,50.87,78.39,2.323,2944.8,2727.77,199.88,210.0,RUNNING_OPTIMAL,0,NORMAL,7.5,NORMAL,GOOD
2026-01-02 17:30:00,HVAC_01,HVAC System,38.733,9.6832,405.7,62.64,48.53,1.742,981.5,3048.99,1126.06,1200.0,RUNNING_OPTIMAL,0,NORMAL,7.5,NORMAL,GOOD
2026-01-02 17:30:00,MOTOR_01,Spinning Motor,35.826,8.9565,406.2,57.86,65.45,1.86,1482.1,2803.93,44.59,48.0,RUNNING_OPTIMAL,0,NORMAL,7.5,NORMAL,GOOD
2026-01-02 17:30:00,PUMP_01,Water Pump,14.478,3.6195,404.3,23.49,54.97,1.458,1443.2,2646.7,22.76,28.0,RUNNING_OPTIMAL,0,NORMAL,7.5,NORMAL,GOOD
2026-01-02 17:45:00,COMPRESSOR_01,Air Compressor,28.058,7.0145,409.0,45.01,77.47,2.256,2951.5,2728.02,179.75,210.0,RUNNING_OPTIMAL,0,NORMAL,7.5,NORMAL,GOOD
2026-01-02 17:45:00,HVAC_01,HVAC System,35.719,8.9298,404.4,57.95,46.6,1.6,984.7,3049.24,1033.33,1200.0,RUNNING_OPTIMAL,0,NORMAL,7.5,NORMAL,GOOD
2026-01-02 17:45:00,MOTOR_01,Spinning Motor,35.062,8.7655,409.6,56.16,64.4,1.906,1487.9,2804.18,42.31,48.0,RUNNING_OPTIMAL,0,NORMAL,7.5,NORMAL,GOOD
2026-01-02 17:45:00,PUMP_01,Water Pump,14.04,3.51,407.5,22.6,53.62,1.525,1444.3,2646.95,24.45,28.0,RUNNING_OPTIMAL,0,NORMAL,7.5,NORMAL,GOOD
2026-01-02 18:00:00,COMPRESSOR_01,Air Compressor,29.836,7.459,405.1,48.32,76.35,2.417,2962.0,2728.27,179.14,210.0,RUNNING_OPTIMAL,0,NORMAL,10.0,PEAK,GOOD
2026-01-02 18:00:00,HVAC_01,HVAC System,39.267,9.8168,403.4,63.86,46.9,1.746,973.4,3049.49,1129.64,1200.0,RUNNING_OPTIMAL,0,NORMAL,10.0,PEAK,GOOD
2026-01-02 18:00:00,MOTOR_01,Spinning Motor,38.505,9.6262,404.1,62.52,63.93,1.903,1481.9,2804.43,45.64,48.0,RUNNING_OPTIMAL,0,NORMAL,10.0,PEAK,GOOD
2026-01-02 18:00:00,PUMP_01,Water Pump,13.124,3.281,404.2,21.3,54.5,1.396,1452.5,2647.2,24.72,28.0,RUNNING_OPTIMAL,0,NORMAL,10.0,PEAK,GOOD
2026-01-02 18:15:00,COMPRESSOR_01,Air Compressor,31.179,7.7948,405.6,50.43,77.55,2.314,2949.9,2728.52,202.76,210.0,RUNNING_OPTIMAL,0,NORMAL,10.0,PEAK,GOOD
2026-01-02 18:15:00,HVAC_01,HVAC System,37.504,9.376,408.1,60.29,46.71,1.754,979.0,3049.74,1074.68,1200.0,RUNNING_OPTIMAL,0,NORMAL,10.0,PEAK,GOOD
2026-01-02 18:15:00,MOTOR_01,Spinning Motor,37.377,9.3442,407.0,60.25,64.87,1.919,1488.9,2804.68,45.4,48.0,RUNNING_OPTIMAL,0,NORMAL,10.0,PEAK,GOOD
2026-01-02 18:15:00,PUMP_01,Water Pump,14.751,3.6878,405.9,23.84,53.31,1.506,1455.1,2647.45,23.61,28.0,RUNNING_OPTIMAL,0,NORMAL,10.0,PEAK,GOOD
2026-01-02 18:30:00,COMPRESSOR_01,Air Compressor,28.951,7.2378,410.9,46.23,77.0,2.248,2959.8,2728.77,179.23,210.0,RUNNING_OPTIMAL,0,NORMAL,10.0,PEAK,GOOD
2026-01-02 18:30:00,HVAC_01,HVAC System,38.163,9.5407,408.9,61.23,46.45,1.629,981.0,3049.99,1100.36,1200.0,RUNNING_OPTIMAL,0,NORMAL,10.0,PEAK,GOOD
2026-01-02 18:30:00,MOTOR_01,Spinning Motor,36.528,9.132,412.2,58.14,63.43,1.838,1486.2,2804.93,45.01,48.0,RUNNING_OPTIMAL,0,NORMAL,10.0,PEAK,GOOD
2026-01-02 18:30:00,PUMP_01,Water Pump,15.273,3.8182,406.1,24.67,53.83,1.49,1447.9,2647.7,26.15,28.0,RUNNING_OPTIMAL,0,NORMAL,10.0,PEAK,GOOD
2026-01-02 18:45:00,COMPRESSOR_01,Air Compressor,31.699,7.9248,403.5,51.54,77.43,2.35,2955.4,2729.02,196.33,210.0,RUNNING_OPTIMAL,0,NORMAL,10.0,PEAK,GOOD
2026-01-02 18:45:00,HVAC_01,HVAC System,38.605,9.6512,407.9,62.09,46.92,1.776,984.6,3050.24,1116.74,1200.0,RUNNING_OPTIMAL,0,NORMAL,10.0,PEAK,GOOD
2026-01-02 18:45:00,MOTOR_01,Spinning Motor,34.357,8.5892,401.3,56.17,62.87,1.711,1492.2,2805.18,41.15,48.0,RUNNING_OPTIMAL,0,NORMAL,10.0,PEAK,GOOD
2026-01-02 18:45:00,PUMP_01,Water Pump,14.783,3.6958,407.0,23.83,56.09,1.428,1451.5,2647.95,27.0,28.0,RUNNING_OPTIMAL,0,NORMAL,10.0,PEAK,GOOD
2026-01-02 19:00:00,COMPRESSOR_01,Air Compressor,32.318,8.0795,407.6,52.02,76.56,2.477,2947.0,2729.27,196.73,210.0,RUNNING_OPTIMAL,0,NORMAL,10.0,PEAK,GOOD
2026-01-02 19:00:00,HVAC_01,HVAC System,38.394,9.5985,403.8,62.38,46.49,1.733,974.1,3050.49,1126.96,1200.0,RUNNING_OPTIMAL,0,NORMAL,10.0,PEAK,GOOD
2026-01-02 19:00:00,MOTOR_01,Spinning Motor,36.673,9.1682,409.6,58.74,62.04,1.784,1490.7,2805.43,43.76,48.0,RUNNING_OPTIMAL,0,NORMAL,10.0,PEAK,GOOD
2026-01-02 19:00:00,PUMP_01,Water Pump,13.768,3.442,409.9,22.04,51.46,1.629,1452.8,2648.2,27.64,28.0,RUNNING_OPTIMAL,0,NORMAL,10.0,PEAK,GOOD
2026-01-02 19:15:00,COMPRESSOR_01,Air Compressor,29.383,7.3458,408.1,47.24,74.41,2.21,2955.5,2729.52,187.64,210.0,RUNNING_OPTIMAL,0,NORMAL,10.0,PEAK,GOOD
2026-01-02 19:15:00,HVAC_01,HVAC System,44.281,11.0702,405.1,71.72,46.95,1.679,981.5,3050.74,1226.59,1200.0,RUNNING_OPTIMAL,0,NORMAL,10.0,PEAK,GOOD
2026-01-02 19:15:00,MOTOR_01,Spinning Motor,38.999,9.7498,407.4,62.8,63.79,1.873,1486.3,2805.68,46.3,48.0,RUNNING_OPTIMAL,0,NORMAL,10.0,PEAK,GOOD
2026-01-02 19:15:00,PUMP_01,Water Pump,14.298,3.5745,407.2,23.04,53.2,1.436,1448.9,2648.45,26.2,28.0,RUNNING_OPTIMAL,0,NORMAL,10.0,PEAK,GOOD
2026-01-02 19:30:00,COMPRESSOR_01,Air Compressor,32.725,8.1812,407.0,52.75,75.72,2.419,2951.9,2729.77,204.35,210.0,RUNNING_OPTIMAL,0,NORMAL,10.0,PEAK,GOOD
2026-01-02 19:30:00,HVAC_01,HVAC System,36.243,9.0608,413.9,57.45,45.17,1.732,982.4,3050.99,1062.39,1200.0,RUNNING_OPTIMAL,0,NORMAL,10.0,PEAK,GOOD
2026-01-02 19:30:00,MOTOR_01,Spinning Motor,37.62,9.405,410.5,60.13,62.82,1.929,1485.4,2805.93,43.38,48.0,RUNNING_OPTIMAL,0,NORMAL,10.0,PEAK,GOOD
2026-01-02 19:30:00,PUMP_01,Water Pump,13.692,3.423,405.7,22.14,52.23,1.627,1448.1,2648.7,22.45,28.0,RUNNING_OPTIMAL,0,NORMAL,10.0,PEAK,GOOD
2026-01-02 19:45:00,COMPRESSOR_01,Air Compressor,30.633,7.6582,408.4,49.21,75.95,2.384,2941.8,2730.02,199.14,210.0,RUNNING_OPTIMAL,0,NORMAL,10.0,PEAK,GOOD
2026-01-02 19:45:00,HVAC_01,HVAC System,38.709,9.6773,409.0,62.09,45.99,1.597,982.3,3051.24,1126.62,1200.0,RUNNING_OPTIMAL,0,NORMAL,10.0,PEAK,GOOD
2026-01-02 19:45:00,MOTOR_01,Spinning Motor,33.736,8.434,405.5,54.58,63.18,1.862,1490.0,2806.18,41.66,48.0,RUNNING_OPTIMAL,0,NORMAL,10.0,PEAK,GOOD
2026-01-02 19:45:00,PUMP_01,Water Pump,13.254,3.3135,405.6,21.44,53.57,1.392,1458.2,2648.95,25.03,28.0,RUNNING_OPTIMAL,0,NORMAL,10.0,PEAK,GOOD
2026-01-02 20:00:00,COMPRESSOR_01,Air Compressor,28.304,7.076,405.5,45.79,75.05,2.298,2952.4,2730.27,189.46,210.0,RUNNING_OPTIMAL,0,NORMAL,10.0,PEAK,GOOD
2026-01-02 20:00:00,HVAC_01,HVAC System,38.184,9.546,405.3,61.81,44.99,1.777,982.5,3051.49,1062.53,1200.0,RUNNING_OPTIMAL,0,NORMAL,10.0,PEAK,GOOD
2026-01-02 20:00:00,MOTOR_01,Spinning Motor,36.131,9.0328,405.8,58.42,62.17,1.803,1489.3,2806.43,42.34,48.0,RUNNING_OPTIMAL,0,NORMAL,10.0,PEAK,GOOD
2026-01-02 20:00:00,PUMP_01,Water Pump,15.192,3.798,407.2,24.48,50.33,1.493,1457.3,2649.2,23.36,28.0,RUNNING_OPTIMAL,0,NORMAL,10.0,PEAK,GOOD
2026-01-02 20:15:00,COMPRESSOR_01,Air Compressor,32.827,8.2068,409.2,52.63,73.96,2.34,2950.5,2730.52,195.26,210.0,RUNNING_OPTIMAL,0,NORMAL,10.0,PEAK,GOOD
2026-01-02 20:15:00,HVAC_01,HVAC System,41.653,10.4132,410.2,66.62,44.99,1.692,979.2,3051.74,1206.82,1200.0,RUNNING_OPTIMAL,0,NORMAL,10.0,PEAK,GOOD
2026-01-02 20:15:00,MOTOR_01,Spinning Motor,38.328,9.582,409.6,61.39,61.79,2.035,1483.3,2806.68,47.43,48.0,RUNNING_OPTIMAL,0,NORMAL,10.0,PEAK,GOOD
2026-01-02 20:15:00,PUMP_01,Water Pump,13.958,3.4895,408.7,22.41,53.01,1.463,1453.7,2649.45,25.25,28.0,RUNNING_OPTIMAL,0,NORMAL,10.0,PEAK,GOOD
2026-01-02 20:30:00,COMPRESSOR_01,Air Compressor,32.562,8.1405,407.3,52.45,74.53,2.33,2951.0,2730.77,203.63,210.0,RUNNING_OPTIMAL,0,NORMAL,10.0,PEAK,GOOD
2026-01-02 20:30:00,HVAC_01,HVAC System,39.325,9.8312,409.8,62.96,44.62,1.747,978.7,3051.99,1095.03,1200.0,RUNNING_OPTIMAL,0,NORMAL,10.0,PEAK,GOOD
2026-01-02 20:30:00,MOTOR_01,Spinning Motor,35.617,8.9042,403.2,57.96,61.07,1.855,1489.2,2806.93,41.29,48.0,RUNNING_OPTIMAL,0,NORMAL,10.0,PEAK,GOOD
2026-01-02 20:30:00,PUMP_01,Water Pump,14.118,3.5295,405.7,22.83,50.2,1.441,1451.7,2649.7,23.11,28.0,RUNNING_OPTIMAL,0,NORMAL,10.0,PEAK,GOOD
2026-01-02 20:45:00,COMPRESSOR_01,Air Compressor,30.649,7.6622,410.0,49.04,74.4,2.314,2952.1,2731.02,195.71,210.0,RUNNING_OPTIMAL,0,NORMAL,10.0,PEAK,GOOD
2026-01-02 20:45:00,HVAC_01,HVAC System,38.031,9.5078,410.7,60.75,43.6,1.84,981.3,3052.24,1096.8,1200.0,RUNNING_OPTIMAL,0,NORMAL,10.0,PEAK,GOOD
2026-01-02 20:45:00,MOTOR_01,Spinning Motor,37.383,9.3458,410.4,59.76,61.51,1.935,1483.7,2807.18,44.97,48.0,RUNNING_OPTIMAL,0,NORMAL,10.0,PEAK,GOOD
2026-01-02 20:45:00,PUMP_01,Water Pump,14.343,3.5858,410.0,22.95,50.25,1.574,1449.1,2649.95,25.09,28.0,RUNNING_OPTIMAL,0,NORMAL,10.0,PEAK,GOOD
2026-01-02 21:00:00,COMPRESSOR_01,Air Compressor,15.94,3.985,408.4,25.61,66.86,1.504,2954.0,2731.27,0.0,42.0,IDLE_UNLOADED,0,NORMAL,10.0,PEAK,GOOD
2026-01-02 21:00:00,HVAC_01,HVAC System,14.639,3.6598,410.7,23.39,36.9,1.126,981.5,3052.49,0.0,240.0,IDLE_UNLOADED,0,NORMAL,10.0,PEAK,GOOD
2026-01-02 21:00:00,MOTOR_01,Spinning Motor,12.152,3.038,412.4,19.33,54.67,1.219,1490.8,2807.43,0.0,9.6,IDLE_UNLOADED,0,NORMAL,10.0,PEAK,GOOD
2026-01-02 21:00:00,PUMP_01,Water Pump,4.891,1.2228,409.9,7.83,44.42,0.923,1451.7,2650.2,0.0,5.6,IDLE_UNLOADED,0,NORMAL,10.0,PEAK,GOOD
2026-01-02 21:15:00,COMPRESSOR_01,Air Compressor,17.016,4.254,408.7,27.32,66.78,1.521,2952.3,2731.52,0.0,42.0,IDLE_UNLOADED,0,NORMAL,10.0,PEAK,GOOD
2026-01-02 21:15:00,HVAC_01,HVAC System,14.262,3.5655,411.1,22.76,34.53,1.061,983.6,3052.74,0.0,240.0,IDLE_UNLOADED,0,NORMAL,10.0,PEAK,GOOD
2026-01-02 21:15:00,MOTOR_01,Spinning Motor,11.93,2.9825,410.6,19.06,54.59,1.208,1492.7,2807.68,0.0,9.6,IDLE_UNLOADED,0,NORMAL,10.0,PEAK,GOOD
2026-01-02 21:15:00,PUMP_01,Water Pump,4.108,1.027,414.4,6.5,44.03,0.944,1452.0,2650.45,0.0,5.6,IDLE_UNLOADED,0,NORMAL,10.0,PEAK,GOOD
2026-01-02 21:30:00,COMPRESSOR_01,Air Compressor,31.136,7.784,406.9,50.2,73.99,2.389,2945.3,2731.77,192.64,210.0,RUNNING_OPTIMAL,0,NORMAL,10.0,PEAK,GOOD
2026-01-02 21:30:00,HVAC_01,HVAC System,39.995,9.9988,408.7,64.2,43.75,1.799,978.7,3052.99,1164.01,1200.0,RUNNING_OPTIMAL,0,NORMAL,10.0,PEAK,GOOD
2026-01-02 21:30:00,MOTOR_01,Spinning Motor,37.519,9.3798,405.6,60.69,60.44,1.985,1485.1,2807.93,46.14,48.0,RUNNING_OPTIMAL,0,NORMAL,10.0,PEAK,GOOD
2026-01-02 21:30:00,PUMP_01,Water Pump,13.535,3.3838,405.2,21.92,50.15,1.494,1447.7,2650.7,25.98,28.0,RUNNING_OPTIMAL,0,NORMAL,10.0,PEAK,GOOD
2026-01-02 21:45:00,COMPRESSOR_01,Air Compressor,33.078,8.2695,406.1,53.44,72.03,2.284,2954.2,2732.02,194.7,210.0,RUNNING_OPTIMAL,0,NORMAL,10.0,PEAK,GOOD
2026-01-02 21:45:00,HVAC_01,HVAC System,37.532,9.383,408.5,60.28,43.77,1.704,989.7,3053.24,1064.16,1200.0,RUNNING_OPTIMAL,0,NORMAL,10.0,PEAK,GOOD
2026-01-02 21:45:00,MOTOR_01,Spinning Motor,38.301,9.5752,410.9,61.15,61.32,1.77,1494.6,2808.18,45.82,48.0,RUNNING_OPTIMAL,0,NORMAL,10.0,PEAK,GOOD
2026-01-02 21:45:00,PUMP_01,Water Pump,14.608,3.652,408.5,23.46,51.94,1.435,1451.5,2650.95,26.11,28.0,RUNNING_OPTIMAL,0,NORMAL,10.0,PEAK,GOOD
2026-01-02 22:00:00,COMPRESSOR_01,Air Compressor,31.192,7.798,409.8,49.94,72.51,2.41,2946.4,2732.27,200.5,210.0,RUNNING_OPTIMAL,0,NORMAL,5.5,OFF_PEAK,GOOD
2026-01-02 22:00:00,HVAC_01,HVAC System,40.653,10.1632,408.8,65.24,43.11,14.5,984.2,3053.49,1150.29,1200.0,RUNNING_OPTIMAL,1,SENSOR_GLITCH,5.5,OFF_PEAK,GOOD
2026-01-02 22:00:00,MOTOR_01,Spinning Motor,38.964,9.741,408.7,62.55,59.83,1.906,1482.5,2808.43,46.33,48.0,RUNNING_OPTIMAL,0,NORMAL,5.5,OFF_PEAK,GOOD
2026-01-02 22:00:00,PUMP_01,Water Pump,14.912,3.728,413.3,23.67,50.52,1.556,1447.2,2651.2,27.34,28.0,RUNNING_OPTIMAL,0,NORMAL,5.5,OFF_PEAK,GOOD
2026-01-02 22:15:00,COMPRESSOR_01,Air Compressor,32.982,8.2455,411.8,52.55,72.21,2.319,2949.9,2732.52,205.66,210.0,RUNNING_OPTIMAL,0,NORMAL,5.5,OFF_PEAK,GOOD
2026-01-02 22:15:00,HVAC_01,HVAC System,39.038,9.7595,413.0,62.01,43.45,1.764,980.0,3053.74,1154.67,1200.0,RUNNING_OPTIMAL,0,NORMAL,5.5,OFF_PEAK,GOOD
2026-01-02 22:15:00,MOTOR_01,Spinning Motor,39.201,9.8002,408.2,63.01,58.86,1.994,1485.2,2808.68,49.66,48.0,RUNNING_OPTIMAL,0,NORMAL,5.5,OFF_PEAK,GOOD
2026-01-02 22:15:00,PUMP_01,Water Pump,17.335,4.3338,411.3,27.65,49.48,1.654,1454.4,2651.45,27.35,28.0,RUNNING_OPTIMAL,0,NORMAL,5.5,OFF_PEAK,GOOD
2026-01-02 22:30:00,COMPRESSOR_01,Air Compressor,30.557,7.6392,411.7,48.7,73.68,2.31,2949.7,2732.77,197.17,210.0,RUNNING_OPTIMAL,0,NORMAL,5.5,OFF_PEAK,GOOD
2026-01-02 22:30:00,HVAC_01,HVAC System,40.564,10.141,407.6,65.29,42.54,1.687,977.7,3053.99,1158.92,1200.0,RUNNING_OPTIMAL,0,NORMAL,5.5,OFF_PEAK,GOOD
2026-01-02 22:30:00,MOTOR_01,Spinning Motor,39.339,9.8348,405.8,63.6,58.71,1.889,1479.2,2808.93,45.29,48.0,RUNNING_OPTIMAL,0,NORMAL,5.5,OFF_PEAK,GOOD
2026-01-02 22:30:00,PUMP_01,Water Pump,16.448,4.112,409.1,26.38,50.12,1.55,1448.7,2651.7,28.31,28.0,RUNNING_OPTIMAL,0,NORMAL,5.5,OFF_PEAK,GOOD
2026-01-02 22:45:00,COMPRESSOR_01,Air Compressor,32.365,8.0912,412.1,51.53,73.83,2.439,2946.6,2733.02,207.07,210.0,RUNNING_OPTIMAL,0,NORMAL,5.5,OFF_PEAK,GOOD
2026-01-02 22:45:00,HVAC_01,HVAC System,39.633,9.9082,410.4,63.36,41.15,1.776,981.6,3054.24,1095.72,1200.0,RUNNING_OPTIMAL,0,NORMAL,5.5,OFF_PEAK,GOOD
2026-01-02 22:45:00,MOTOR_01,Spinning Motor,38.866,9.7165,409.6,62.25,60.61,2.063,1478.0,2809.18,45.88,48.0,RUNNING_OPTIMAL,0,NORMAL,5.5,OFF_PEAK,GOOD
2026-01-02 22:45:00,PUMP_01,Water Pump,15.083,3.7708,417.6,23.7,50.15,1.476,1450.2,2651.95,26.58,28.0,RUNNING_OPTIMAL,0,NORMAL,5.5,OFF_PEAK,GOOD
2026-01-02 23:00:00,COMPRESSOR_01,Air Compressor,34.989,8.7472,406.5,56.47,71.29,2.319,2948.2,2733.27,218.06,210.0,RUNNING_OPTIMAL,0,NORMAL,5.5,OFF_PEAK,GOOD
2026-01-02 23:00:00,HVAC_01,HVAC System,41.684,10.421,410.0,66.7,42.64,1.854,984.8,3054.49,1218.45,1200.0,RUNNING_OPTIMAL,0,NORMAL,5.5,OFF_PEAK,GOOD
2026-01-02 23:00:00,MOTOR_01,Spinning Motor,38.244,9.561,417.6,60.08,58.43,1.941,1493.4,2809.43,46.34,48.0,RUNNING_OPTIMAL,0,NORMAL,5.5,OFF_PEAK,GOOD
2026-01-02 23:00:00,PUMP_01,Water Pump,15.751,3.9378,414.6,24.93,48.14,1.386,1449.5,2652.2,28.56,28.0,RUNNING_OPTIMAL,0,NORMAL,5.5,OFF_PEAK,GOOD
2026-01-02 23:15:00,COMPRESSOR_01,Air Compressor,29.8,7.45,415.6,47.04,71.09,2.464,2946.8,2733.52,202.65,210.0,RUNNING_OPTIMAL,0,NORMAL,5.5,OFF_PEAK,GOOD
2026-01-02 23:15:00,HVAC_01,HVAC System,38.97,9.7425,408.5,62.59,41.66,1.705,976.5,3054.74,1146.87,1200.0,RUNNING_OPTIMAL,0,NORMAL,5.5,OFF_PEAK,GOOD
2026-01-02 23:15:00,MOTOR_01,Spinning Motor,41.635,10.4088,411.3,66.41,59.74,1.946,1480.8,2809.68,51.11,48.0,RUNNING_OPTIMAL,0,NORMAL,5.5,OFF_PEAK,GOOD
2026-01-02 23:15:00,PUMP_01,Water Pump,14.144,3.536,411.8,22.53,47.92,1.524,1452.7,2652.45,28.43,28.0,RUNNING_OPTIMAL,0,NORMAL,5.5,OFF_PEAK,GOOD
2026-01-02 23:30:00,COMPRESSOR_01,Air Compressor,32.704,8.176,416.8,51.48,70.89,2.292,2944.6,2733.77,205.24,210.0,RUNNING_OPTIMAL,0,NORMAL,5.5,OFF_PEAK,GOOD
2026-01-02 23:30:00,HVAC_01,HVAC System,41.812,10.453,412.7,66.47,41.27,1.84,975.7,3054.99,1180.61,1200.0,RUNNING_OPTIMAL,0,NORMAL,5.5,OFF_PEAK,GOOD
2026-01-02 23:30:00,MOTOR_01,Spinning Motor,40.493,10.1232,412.6,64.39,59.48,1.905,1472.8,2809.93,47.36,48.0,RUNNING_OPTIMAL,0,NORMAL,5.5,OFF_PEAK,GOOD
2026-01-02 23:30:00,PUMP_01,Water Pump,14.503,3.6258,413.3,23.02,48.07,1.505,1448.6,2652.7,27.35,28.0,RUNNING_OPTIMAL,0,NORMAL,5.5,OFF_PEAK,GOOD
2026-01-02 23:45:00,COMPRESSOR_01,Air Compressor,30.926,7.7315,409.5,49.55,70.7,2.286,2949.8,2734.02,206.84,210.0,RUNNING_OPTIMAL,0,NORMAL,5.5,OFF_PEAK,GOOD
2026-01-02 23:45:00,HVAC_01,HVAC System,43.168,10.792,414.6,68.31,42.86,1.808,977.9,3055.24,1232.41,1200.0,RUNNING_OPTIMAL,0,NORMAL,5.5,OFF_PEAK,GOOD
2026-01-02 23:45:00,MOTOR_01,Spinning Motor,38.224,9.556,413.6,60.63,59.15,2.083,1485.1,2810.18,46.36,48.0,RUNNING_OPTIMAL,0,NORMAL,5.5,OFF_PEAK,GOOD
2026-01-02 23:45:00,PUMP_01,Water Pump,17.604,4.401,411.1,28.09,48.62,1.359,1446.7,2652.95,27.07,28.0,RUNNING_OPTIMAL,0,NORMAL,5.5,OFF_PEAK,GOOD
2026-01-03 00:00:00,COMPRESSOR_01,Air Compressor,32.543,8.1358,414.2,51.55,72.67,2.264,2949.3,2734.27,211.12,210.0,RUNNING_OPTIMAL,0,NORMAL,5.5,OFF_PEAK,GOOD
2026-01-03 00:00:00,HVAC_01,HVAC System,44.353,11.0882,414.3,70.24,42.43,1.9,976.9,3055.49,1263.69,1200.0,RUNNING_OPTIMAL,0,NORMAL,5.5,OFF_PEAK,GOOD
2026-01-03 00:00:00,MOTOR_01,Spinning Motor,40.906,10.2265,412.1,65.12,57.09,1.849,1487.9,2810.43,50.3,48.0,RUNNING_OPTIMAL,0,NORMAL,5.5,OFF_PEAK,GOOD
2026-01-03 00:00:00,PUMP_01,Water Pump,14.118,3.5295,416.2,22.26,48.1,1.435,1450.7,2653.2,24.43,28.0,RUNNING_OPTIMAL,0,NORMAL,5.5,OFF_PEAK,GOOD
2026-01-03 00:15:00,COMPRESSOR_01,Air Compressor,34.749,8.6872,411.4,55.42,71.88,2.579,2947.4,2734.52,216.66,210.0,RUNNING_OPTIMAL,0,NORMAL,5.5,OFF_PEAK,GOOD
2026-01-03 00:15:00,HVAC_01,HVAC System,40.852,10.213,418.9,63.98,40.29,1.768,975.7,3055.74,1158.37,1200.0,RUNNING_OPTIMAL,0,NORMAL,5.5,OFF_PEAK,GOOD
2026-01-03 00:15:00,MOTOR_01,Spinning Motor,39.505,9.8762,416.0,62.3,57.96,2.014,1477.0,2810.68,46.9,48.0,RUNNING_OPTIMAL,0,NORMAL,5.5,OFF_PEAK,GOOD
2026-01-03 00:15:00,PUMP_01,Water Pump,15.387,3.8468,414.4,24.36,47.5,1.453,1446.1,2653.45,27.7,28.0,RUNNING_OPTIMAL,0,NORMAL,5.5,OFF_PEAK,GOOD
2026-01-03 00:30:00,COMPRESSOR_01,Air Compressor,32.219,8.0548,412.6,51.23,70.06,2.356,2950.8,2734.77,208.1,210.0,RUNNING_OPTIMAL,0,NORMAL,5.5,OFF_PEAK,GOOD
2026-01-03 00:30:00,HVAC_01,HVAC System,39.906,9.9765,415.3,63.04,40.18,1.639,975.1,3055.99,1154.49,1200.0,RUNNING_OPTIMAL,0,NORMAL,5.5,OFF_PEAK,GOOD
2026-01-03 00:30:00,MOTOR_01,Spinning Motor,40.453,10.1133,414.6,64.01,57.92,1.951,1479.8,2810.93,47.23,48.0,RUNNING_OPTIMAL,0,NORMAL,5.5,OFF_PEAK,GOOD
2026-01-03 00:30:00,PUMP_01,Water Pump,15.226,3.8065,410.7,24.32,47.44,1.367,1448.5,2653.7,28.76,28.0,RUNNING_OPTIMAL,0,NORMAL,5.5,OFF_PEAK,GOOD
2026-01-03 00:45:00,COMPRESSOR_01,Air Compressor,33.276,8.319,414.9,52.62,71.42,2.384,2944.8,2735.02,218.63,210.0,RUNNING_OPTIMAL,0,NORMAL,5.5,OFF_PEAK,GOOD
2026-01-03 00:45:00,HVAC_01,HVAC System,44.37,11.0925,413.7,70.37,40.77,1.628,981.2,3056.24,1209.38,1200.0,RUNNING_OPTIMAL,0,NORMAL,5.5,OFF_PEAK,GOOD
2026-01-03 00:45:00,MOTOR_01,Spinning Motor,41.438,10.3595,415.3,65.46,57.59,1.978,1484.7,2811.18,48.78,48.0,RUNNING_OPTIMAL,0,NORMAL,5.5,OFF_PEAK,GOOD
2026-01-03 00:45:00,PUMP_01,Water Pump,15.942,3.9855,414.0,25.26,48.52,1.424,1450.5,2653.95,29.65,28.0,RUNNING_OPTIMAL,0,NORMAL,5.5,OFF_PEAK,GOOD
2026-01-03 01:00:00,COMPRESSOR_01,Air Compressor,33.481,8.3702,415.8,52.83,71.2,2.32,2945.2,2735.27,213.32,210.0,RUNNING_OPTIMAL,0,NORMAL,5.5,OFF_PEAK,GOOD
2026-01-03 01:00:00,HVAC_01,HVAC System,44.84,11.21,418.1,70.36,39.48,1.799,977.4,3056.49,1231.11,1200.0,RUNNING_OPTIMAL,0,NORMAL,5.5,OFF_PEAK,GOOD
2026-01-03 01:00:00,MOTOR_01,Spinning Motor,38.5,9.625,421.0,60.0,57.27,1.866,1485.8,2811.43,46.42,48.0,RUNNING_OPTIMAL,0,NORMAL,5.5,OFF_PEAK,GOOD
2026-01-03 01:00:00,PUMP_01,Water Pump,15.341,3.8352,415.9,24.2,47.82,1.396,1453.8,2654.2,26.7,28.0,RUNNING_OPTIMAL,0,NORMAL,5.5,OFF_PEAK,GOOD
2026-01-03 01:15:00,COMPRESSOR_01,Air Compressor,34.35,8.5875,420.0,53.66,71.15,2.337,2948.5,2735.52,220.0,210.0,RUNNING_OPTIMAL,0,NORMAL,5.5,OFF_PEAK,GOOD
2026-01-03 01:15:00,HVAC_01,HVAC System,42.15,10.5375,422.1,65.51,40.3,1.805,987.2,3056.74,1185.94,1200.0,RUNNING_OPTIMAL,0,NORMAL,5.5,OFF_PEAK,GOOD
2026-01-03 01:15:00,MOTOR_01,Spinning Motor,39.81,9.9525,417.3,62.59,56.8,1.798,1484.4,2811.68,47.04,48.0,RUNNING_OPTIMAL,0,NORMAL,5.5,OFF_PEAK,GOOD
2026-01-03 01:15:00,PUMP_01,Water Pump,16.708,4.177,413.1,26.54,48.46,1.442,1442.1,2654.45,28.52,28.0,RUNNING_OPTIMAL,0,NORMAL,5.5,OFF_PEAK,GOOD
2026-01-03 01:30:00,COMPRESSOR_01,Air Compressor,35.721,8.9302,414.1,56.59,72.84,2.277,2940.8,2735.77,223.0,210.0,RUNNING_OPTIMAL,0,NORMAL,5.5,OFF_PEAK,GOOD
2026-01-03 01:30:00,HVAC_01,HVAC System,44.186,11.0465,420.9,68.88,40.52,1.797,983.4,3056.99,1241.64,1200.0,RUNNING_OPTIMAL,0,NORMAL,5.5,OFF_PEAK,GOOD
2026-01-03 01:30:00,MOTOR_01,Spinning Motor,41.557,10.3892,418.5,65.15,57.61,2.023,1482.4,2811.93,49.18,48.0,RUNNING_OPTIMAL,0,NORMAL,5.5,OFF_PEAK,GOOD
2026-01-03 01:30:00,PUMP_01,Water Pump,17.067,4.2668,419.4,26.7,47.03,1.613,1439.0,2654.7,29.31,28.0,RUNNING_OPTIMAL,0,NORMAL,5.5,OFF_PEAK,GOOD
2026-01-03 01:45:00,COMPRESSOR_01,Air Compressor,34.022,8.5055,414.4,53.86,70.23,2.354,2952.5,2736.02,211.25,210.0,RUNNING_OPTIMAL,0,NORMAL,5.5,OFF_PEAK,GOOD
2026-01-03 01:45:00,HVAC_01,HVAC System,44.089,11.0222,416.6,69.43,41.09,1.854,979.0,3057.24,1280.0,1200.0,RUNNING_OPTIMAL,0,NORMAL,5.5,OFF_PEAK,GOOD
2026-01-03 01:45:00,MOTOR_01,Spinning Motor,40.664,10.166,415.7,64.18,57.54,1.865,1485.0,2812.18,46.57,48.0,RUNNING_OPTIMAL,0,NORMAL,5.5,OFF_PEAK,GOOD
2026-01-03 01:45:00,PUMP_01,Water Pump,16.583,4.1457,420.6,25.87,47.67,1.515,1452.6,2654.95,30.1,28.0,RUNNING_OPTIMAL,0,NORMAL,5.5,OFF_PEAK,GOOD
2026-01-03 02:00:00,COMPRESSOR_01,Air Compressor,35.252,8.813,419.8,55.09,71.52,2.523,2944.9,2736.27,222.19,210.0,RUNNING_OPTIMAL,0,NORMAL,5.5,OFF_PEAK,GOOD
2026-01-03 02:00:00,HVAC_01,HVAC System,46.333,11.5832,418.7,72.6,41.03,1.701,977.4,3057.49,1283.69,1200.0,RUNNING_OPTIMAL,0,NORMAL,5.5,OFF_PEAK,GOOD
2026-01-03 02:00:00,MOTOR_01,Spinning Motor,41.895,10.4738,423.5,64.9,59.93,1.934,1486.4,2812.43,51.4,48.0,RUNNING_OPTIMAL,0,NORMAL,5.5,OFF_PEAK,GOOD
2026-01-03 02:00:00,PUMP_01,Water Pump,15.798,3.9495,414.5,25.01,46.97,1.527,1446.9,2655.2,29.1,28.0,RUNNING_OPTIMAL,0,NORMAL,5.5,OFF_PEAK,GOOD
2026-01-03 02:15:00,COMPRESSOR_01,Air Compressor,35.75,8.9375,419.6,55.9,71.98,2.485,2948.4,2736.52,226.04,210.0,RUNNING_OPTIMAL,0,NORMAL,5.5,OFF_PEAK,GOOD
2026-01-03 02:15:00,HVAC_01,HVAC System,43.066,10.7665,416.4,67.85,40.1,1.71,981.2,3057.74,1234.79,1200.0,RUNNING_OPTIMAL,0,NORMAL,5.5,OFF_PEAK,GOOD
2026-01-03 02:15:00,MOTOR_01,Spinning Motor,40.625,10.1562,416.4,64.01,57.77,1.914,1477.9,2812.68,52.46,48.0,RUNNING_OPTIMAL,0,NORMAL,5.5,OFF_PEAK,GOOD
2026-01-03 02:15:00,PUMP_01,Water Pump,15.988,3.997,421.7,24.87,46.56,1.513,1447.2,2655.45,27.33,28.0,RUNNING_OPTIMAL,0,NORMAL,5.5,OFF_PEAK,GOOD
2026-01-03 02:30:00,COMPRESSOR_01,Air Compressor,34.673,8.6682,419.5,54.23,70.55,2.321,2948.2,2736.77,208.14,210.0,RUNNING_OPTIMAL,0,NORMAL,5.5,OFF_PEAK,GOOD
2026-01-03 02:30:00,HVAC_01,HVAC System,44.475,11.1188,420.0,69.47,40.3,1.689,982.6,3057.99,1252.73,1200.0,RUNNING_OPTIMAL,0,NORMAL,5.5,OFF_PEAK,GOOD
2026-01-03 02:30:00,MOTOR_01,Spinning Motor,40.499,10.1248,420.5,63.19,57.62,1.892,1489.1,2812.93,48.95,48.0,RUNNING_OPTIMAL,0,NORMAL,5.5,OFF_PEAK,GOOD
2026-01-03 02:30:00,PUMP_01,Water Pump,17.682,4.4205,417.1,27.81,46.84,1.61,1447.6,2655.7,30.96,28.0,RUNNING_OPTIMAL,0,NORMAL,5.5,OFF_PEAK,GOOD
2026-01-03 02:45:00,COMPRESSOR_01,Air Compressor,35.857,8.9642,421.0,55.88,70.85,2.433,2946.1,2737.02,226.15,210.0,RUNNING_OPTIMAL,0,NORMAL,5.5,OFF_PEAK,GOOD
2026-01-03 02:45:00,HVAC_01,HVAC System,45.857,11.4642,415.8,72.36,40.07,1.794,977.9,3058.24,1279.06,1200.0,RUNNING_OPTIMAL,0,NORMAL,5.5,OFF_PEAK,GOOD
2026-01-03 02:45:00,MOTOR_01,Spinning Motor,40.034,10.0085,420.3,62.49,57.05,1.828,1488.2,2813.18,49.14,48.0,RUNNING_OPTIMAL,0,NORMAL,5.5,OFF_PEAK,GOOD
2026-01-03 02:45:00,PUMP_01,Water Pump,15.613,3.9032,415.9,24.63,46.57,1.573,1459.0,2655.95,27.98,28.0,RUNNING_OPTIMAL,0,NORMAL,5.5,OFF_PEAK,GOOD
2026-01-03 03:00:00,COMPRESSOR_01,Air Compressor,34.722,8.6805,422.5,53.92,71.63,2.395,2940.2,2737.27,226.13,210.0,RUNNING_OPTIMAL,0,NORMAL,5.5,OFF_PEAK,GOOD
2026-01-03 03:00:00,HVAC_01,HVAC System,43.718,10.9295,420.0,68.29,40.84,1.696,980.3,3058.49,1267.28,1200.0,RUNNING_OPTIMAL,0,NORMAL,5.5,OFF_PEAK,GOOD
2026-01-03 03:00:00,MOTOR_01,Spinning Motor,42.549,10.6372,420.6,66.37,57.81,1.967,1481.9,2813.43,52.66,48.0,RUNNING_OPTIMAL,0,NORMAL,5.5,OFF_PEAK,GOOD
2026-01-03 03:00:00,PUMP_01,Water Pump,16.005,4.0012,418.3,25.1,48.64,1.431,1444.3,2656.2,29.91,28.0,RUNNING_OPTIMAL,0,NORMAL,5.5,OFF_PEAK,GOOD
2026-01-03 03:15:00,COMPRESSOR_01,Air Compressor,37.1,9.275,422.0,57.68,71.62,2.344,2939.4,2737.52,234.38,210.0,RUNNING_OPTIMAL,0,NORMAL,5.5,OFF_PEAK,GOOD
2026-01-03 03:15:00,HVAC_01,HVAC System,44.492,11.123,418.9,69.68,40.87,1.711,971.6,3058.74,1281.05,1200.0,RUNNING_OPTIMAL,0,NORMAL,5.5,OFF_PEAK,GOOD
2026-01-03 03:15:00,MOTOR_01,Spinning Motor,43.952,10.988,424.1,67.99,58.19,1.822,1486.7,2813.68,53.03,48.0,RUNNING_OPTIMAL,0,NORMAL,5.5,OFF_PEAK,GOOD
2026-01-03 03:15:00,PUMP_01,Water Pump,16.727,4.1818,424.3,25.86,47.97,1.497,1448.0,2656.45,28.74,28.0,RUNNING_OPTIMAL,0,NORMAL,5.5,OFF_PEAK,GOOD
2026-01-03 03:30:00,COMPRESSOR_01,Air Compressor,35.383,8.8458,421.2,55.11,70.74,2.408,2945.1,2737.77,231.97,210.0,RUNNING_OPTIMAL,0,NORMAL,5.5,OFF_PEAK,GOOD
2026-01-03 03:30:00,HVAC_01,HVAC System,42.829,10.7072,421.2,66.71,41.59,1.737,976.0,3058.99,1216.31,1200.0,RUNNING_OPTIMAL,0,NORMAL,5.5,OFF_PEAK,GOOD
2026-01-03 03:30:00,MOTOR_01,Spinning Motor,44.179,11.0448,422.3,68.64,58.5,1.872,1484.4,2813.93,53.17,48.0,RUNNING_OPTIMAL,0,NORMAL,5.5,OFF_PEAK,GOOD
2026-01-03 03:30:00,PUMP_01,Water Pump,17.039,4.2598,420.6,26.58,48.11,1.453,1442.7,2656.7,29.35,28.0,RUNNING_OPTIMAL,0,NORMAL,5.5,OFF_PEAK,GOOD
2026-01-03 03:45:00,COMPRESSOR_01,Air Compressor,36.642,9.1605,423.4,56.78,71.81,2.279,2945.3,2738.02,232.03,210.0,RUNNING_OPTIMAL,0,NORMAL,5.5,OFF_PEAK,GOOD
2026-01-03 03:45:00,HVAC_01,HVAC System,42.73,10.6825,421.9,66.45,41.29,1.575,978.9,3059.24,1240.1,1200.0,RUNNING_OPTIMAL,0,NORMAL,5.5,OFF_PEAK,GOOD
2026-01-03 03:45:00,MOTOR_01,Spinning Motor,42.929,10.7322,422.6,66.65,58.85,1.922,1480.6,2814.18,51.83,48.0,RUNNING_OPTIMAL,0,NORMAL,5.5,OFF_PEAK,GOOD
2026-01-03 03:45:00,PUMP_01,Water Pump,18.132,4.533,421.1,28.25,49.63,1.517,1448.6,2656.95,31.51,28.0,RUNNING_OPTIMAL,0,NORMAL,5.5,OFF_PEAK,GOOD
2026-01-03 04:00:00,COMPRESSOR_01,Air Compressor,35.667,8.9168,423.8,55.22,73.44,2.413,2942.8,2738.27,229.46,210.0,RUNNING_OPTIMAL,0,NORMAL,5.5,OFF_PEAK,GOOD
2026-01-03 04:00:00,HVAC_01,HVAC System,47.273,11.8183,424.8,73.01,43.09,1.808,975.3,3059.49,1357.27,1200.0,RUNNING_OPTIMAL,0,NORMAL,5.5,OFF_PEAK,GOOD
2026-01-03 04:00:00,MOTOR_01,Spinning Motor,41.518,10.3795,421.9,64.56,58.93,1.975,1479.3,2814.43,51.74,48.0,RUNNING_OPTIMAL,0,NORMAL,5.5,OFF_PEAK,GOOD
2026-01-03 04:00:00,PUMP_01,Water Pump,16.432,4.108,426.8,25.26,48.34,1.754,1451.7,2657.2,30.74,28.0,RUNNING_OPTIMAL,0,NORMAL,5.5,OFF_PEAK,GOOD
2026-01-03 04:15:00,COMPRESSOR_01,Air Compressor,35.955,8.9888,419.9,56.18,72.2,2.405,2943.6,2738.52,223.85,210.0,RUNNING_OPTIMAL,0,NORMAL,5.5,OFF_PEAK,GOOD
2026-01-03 04:15:00,HVAC_01,HVAC System,46.743,11.6858,421.8,72.71,42.14,1.733,982.7,3059.74,1363.96,1200.0,RUNNING_OPTIMAL,0,NORMAL,5.5,OFF_PEAK,GOOD
2026-01-03 04:15:00,MOTOR_01,Spinning Motor,43.039,10.7598,421.3,67.02,59.96,1.869,1486.4,2814.68,51.91,48.0,RUNNING_OPTIMAL,0,NORMAL,5.5,OFF_PEAK,GOOD
2026-01-03 04:15:00,PUMP_01,Water Pump,15.625,3.9062,423.0,24.23,47.91,1.525,1447.4,2657.45,27.77,28.0,RUNNING_OPTIMAL,0,NORMAL,5.5,OFF_PEAK,GOOD
2026-01-03 04:30:00,COMPRESSOR_01,Air Compressor,37.087,9.2718,423.9,57.4,71.99,2.482,2943.6,2738.77,232.57,210.0,RUNNING_OPTIMAL,0,NORMAL,5.5,OFF_PEAK,GOOD
2026-01-03 04:30:00,HVAC_01,HVAC System,43.626,10.9065,422.9,67.68,40.83,1.715,987.9,3059.99,1228.42,1200.0,RUNNING_OPTIMAL,0,NORMAL,5.5,OFF_PEAK,GOOD
2026-01-03 04:30:00,MOTOR_01,Spinning Motor,45.179,11.2948,422.8,70.11,59.89,2.002,1477.3,2814.93,54.91,48.0,RUNNING_OPTIMAL,0,NORMAL,5.5,OFF_PEAK,GOOD
2026-01-03 04:30:00,PUMP_01,Water Pump,17.718,4.4295,416.8,27.89,49.18,1.549,1441.5,2657.7,29.32,28.0,RUNNING_OPTIMAL,0,NORMAL,5.5,OFF_PEAK,GOOD
2026-01-03 04:45:00,COMPRESSOR_01,Air Compressor,36.991,9.2478,423.0,57.37,72.5,2.33,2949.9,2739.02,235.37,210.0,RUNNING_OPTIMAL,0,NORMAL,5.5,OFF_PEAK,GOOD
2026-01-03 04:45:00,HVAC_01,HVAC System,46.486,11.6215,423.8,71.96,39.84,1.806,979.2,3060.24,1330.66,1200.0,RUNNING_OPTIMAL,0,NORMAL,5.5,OFF_PEAK,GOOD
2026-01-03 04:45:00,MOTOR_01,Spinning Motor,40.744,10.186,424.4,62.99,59.67,1.951,1481.7,2815.18,48.59,48.0,RUNNING_OPTIMAL,0,NORMAL,5.5,OFF_PEAK,GOOD
2026-01-03 04:45:00,PUMP_01,Water Pump,17.97,4.4925,418.6,28.16,49.9,1.59,1442.2,2657.95,34.27,28.0,RUNNING_OPTIMAL,0,NORMAL,5.5,OFF_PEAK,GOOD
2026-01-03 05:00:00,COMPRESSOR_01,Air Compressor,36.387,9.0968,426.7,55.95,73.43,2.308,2940.1,2739.27,226.8,210.0,RUNNING_OPTIMAL,0,NORMAL,5.5,OFF_PEAK,GOOD
2026-01-03 05:00:00,HVAC_01,HVAC System,44.609,11.1522,424.2,68.99,43.22,1.659,978.3,3060.49,1240.36,1200.0,RUNNING_OPTIMAL,0,NORMAL,5.5,OFF_PEAK,GOOD
2026-01-03 05:00:00,MOTOR_01,Spinning Motor,43.142,10.7855,425.9,66.46,59.66,1.917,1479.1,2815.43,50.67,48.0,RUNNING_OPTIMAL,0,NORMAL,5.5,OFF_PEAK,GOOD
2026-01-03 05:00:00,PUMP_01,Water Pump,16.357,4.0892,424.8,25.26,50.65,1.42,1450.1,2658.2,30.13,28.0,RUNNING_OPTIMAL,0,NORMAL,5.5,OFF_PEAK,GOOD
2026-01-03 05:15:00,COMPRESSOR_01,Air Compressor,36.535,9.1337,422.1,56.79,73.2,2.372,2948.6,2739.52,224.61,210.0,RUNNING_OPTIMAL,0,NORMAL,5.5,OFF_PEAK,GOOD
2026-01-03 05:15:00,HVAC_01,HVAC System,46.007,11.5018,421.8,71.56,42.77,1.794,971.0,3060.74,1333.38,1200.0,RUNNING_OPTIMAL,0,NORMAL,5.5,OFF_PEAK,GOOD
2026-01-03 05:15:00,MOTOR_01,Spinning Motor,42.023,10.5058,420.8,65.52,60.06,1.951,1482.8,2815.68,49.89,48.0,RUNNING_OPTIMAL,0,NORMAL,5.5,OFF_PEAK,GOOD
2026-01-03 05:15:00,PUMP_01,Water Pump,18.393,4.5982,425.9,28.33,49.82,1.563,1444.8,2658.45,30.52,28.0,RUNNING_OPTIMAL,0,NORMAL,5.5,OFF_PEAK,GOOD
2026-01-03 05:30:00,COMPRESSOR_01,Air Compressor,36.82,9.205,423.2,57.08,72.51,2.425,2944.4,2739.77,237.72,210.0,RUNNING_OPTIMAL,0,NORMAL,5.5,OFF_PEAK,GOOD
2026-01-03 05:30:00,HVAC_01,HVAC System,44.25,11.0625,425.7,68.2,42.29,1.79,979.8,3060.99,1231.42,1200.0,RUNNING_OPTIMAL,0,NORMAL,5.5,OFF_PEAK,GOOD
2026-01-03 05:30:00,MOTOR_01,Spinning Motor,43.793,10.9482,425.3,67.56,60.55,1.937,1479.1,2815.93,55.1,48.0,RUNNING_OPTIMAL,0,NORMAL,5.5,OFF_PEAK,GOOD
2026-01-03 05:30:00,PUMP_01,Water Pump,17.609,4.4023,425.8,27.13,49.91,1.61,1454.2,2658.7,31.22,28.0,RUNNING_OPTIMAL,0,NORMAL,5.5,OFF_PEAK,GOOD
2026-01-03 05:45:00,COMPRESSOR_01,Air Compressor,36.467,9.1168,422.5,56.63,72.64,2.52,2945.3,2740.02,226.26,210.0,RUNNING_OPTIMAL,0,NORMAL,5.5,OFF_PEAK,GOOD
2026-01-03 05:45:00,HVAC_01,HVAC System,46.22,11.555,423.7,71.57,43.38,1.695,976.6,3061.24,1329.02,1200.0,RUNNING_OPTIMAL,0,NORMAL,5.5,OFF_PEAK,GOOD
2026-01-03 05:45:00,MOTOR_01,Spinning Motor,40.564,10.141,424.8,62.65,58.13,2.002,1487.7,2816.18,49.85,48.0,RUNNING_OPTIMAL,0,NORMAL,5.5,OFF_PEAK,GOOD
2026-01-03 05:45:00,PUMP_01,Water Pump,18.232,4.558,421.7,28.37,50.02,1.572,1449.9,2658.95,31.72,28.0,RUNNING_OPTIMAL,0,NORMAL,5.5,OFF_PEAK,GOOD
2026-01-03 06:00:00,COMPRESSOR_01,Air Compressor,36.458,9.1145,422.2,56.65,74.05,2.239,2953.7,2740.27,227.9,210.0,RUNNING_OPTIMAL,0,NORMAL,7.5,NORMAL,GOOD
2026-01-03 06:00:00,HVAC_01,HVAC System,48.285,12.0712,421.5,75.16,44.24,1.749,977.3,3061.49,1364.01,1200.0,RUNNING_OPTIMAL,0,NORMAL,7.5,NORMAL,GOOD
2026-01-03 06:00:00,MOTOR_01,Spinning Motor,44.088,11.022,425.8,67.93,61.02,1.832,1477.6,2816.43,50.08,48.0,RUNNING_OPTIMAL,0,NORMAL,7.5,NORMAL,GOOD
2026-01-03 06:00:00,PUMP_01,Water Pump,18.709,4.6772,423.9,28.96,50.63,1.483,1446.6,2659.2,31.97,28.0,RUNNING_OPTIMAL,0,NORMAL,7.5,NORMAL,GOOD
2026-01-03 06:15:00,COMPRESSOR_01,Air Compressor,33.517,8.3793,419.5,52.42,73.37,2.376,2940.9,2740.52,215.23,210.0,RUNNING_OPTIMAL,0,NORMAL,7.5,NORMAL,GOOD
2026-01-03 06:15:00,HVAC_01,HVAC System,46.118,11.5295,425.8,71.06,43.72,1.693,976.0,3061.74,1278.95,1200.0,RUNNING_OPTIMAL,0,NORMAL,7.5,NORMAL,GOOD
2026-01-03 06:15:00,MOTOR_01,Spinning Motor,43.491,10.8728,424.9,67.15,60.25,1.951,1480.8,2816.68,53.28,48.0,RUNNING_OPTIMAL,0,NORMAL,7.5,NORMAL,GOOD
2026-01-03 06:15:00,PUMP_01,Water Pump,18.064,4.516,422.2,28.07,51.72,1.638,1447.7,2659.45,30.16,28.0,RUNNING_OPTIMAL,0,NORMAL,7.5,NORMAL,GOOD
2026-01-03 06:30:00,COMPRESSOR_01,Air Compressor,38.603,9.6508,425.7,59.49,73.71,2.295,2944.2,2740.77,231.68,210.0,RUNNING_OPTIMAL,0,NORMAL,7.5,NORMAL,GOOD
2026-01-03 06:30:00,HVAC_01,HVAC System,44.805,11.2012,425.9,69.02,43.27,1.537,978.3,3061.99,1306.46,1200.0,RUNNING_OPTIMAL,0,NORMAL,7.5,NORMAL,GOOD
2026-01-03 06:30:00,MOTOR_01,Spinning Motor,43.718,10.9295,421.4,68.06,60.52,2.02,1485.1,2816.93,52.22,48.0,RUNNING_OPTIMAL,0,NORMAL,7.5,NORMAL,GOOD
2026-01-03 06:30:00,PUMP_01,Water Pump,16.8,4.2,420.2,26.23,51.13,1.572,1449.0,2659.7,29.17,28.0,RUNNING_OPTIMAL,0,NORMAL,7.5,NORMAL,GOOD
2026-01-03 06:45:00,COMPRESSOR_01,Air Compressor,37.417,9.3542,423.0,58.03,74.27,2.353,2945.9,2741.02,231.17,210.0,RUNNING_OPTIMAL,0,NORMAL,7.5,NORMAL,GOOD
2026-01-03 06:45:00,HVAC_01,HVAC System,48.521,12.1302,424.7,74.96,43.4,1.89,980.8,3062.24,1365.16,1200.0,RUNNING_OPTIMAL,0,NORMAL,7.5,NORMAL,GOOD
2026-01-03 06:45:00,MOTOR_01,Spinning Motor,42.044,10.511,420.8,65.55,60.28,1.827,1475.0,2817.18,51.81,48.0,RUNNING_OPTIMAL,0,NORMAL,7.5,NORMAL,GOOD
2026-01-03 06:45:00,PUMP_01,Water Pump,18.088,4.522,421.2,28.17,50.72,1.55,1450.9,2659.95,30.18,28.0,RUNNING_OPTIMAL,0,NORMAL,7.5,NORMAL,GOOD
2026-01-03 07:00:00,COMPRESSOR_01,Air Compressor,38.097,9.5242,424.2,58.92,75.45,2.524,2937.8,2741.27,231.72,210.0,RUNNING_OPTIMAL,0,NORMAL,7.5,NORMAL,GOOD
2026-01-03 07:00:00,HVAC_01,HVAC System,47.962,11.9905,415.2,75.79,44.68,1.713,977.0,3062.49,1330.22,1200.0,RUNNING_OPTIMAL,0,NORMAL,7.5,NORMAL,GOOD
2026-01-03 07:00:00,MOTOR_01,Spinning Motor,44.375,11.0938,421.6,69.05,62.3,2.028,1485.0,2817.43,52.14,48.0,RUNNING_OPTIMAL,0,NORMAL,7.5,NORMAL,GOOD
2026-01-03 07:00:00,PUMP_01,Water Pump,17.666,4.4165,425.2,27.26,52.55,1.551,1452.2,2660.2,30.68,28.0,RUNNING_OPTIMAL,0,NORMAL,7.5,NORMAL,GOOD
2026-01-03 07:15:00,COMPRESSOR_01,Air Compressor,36.987,9.2468,421.6,57.56,75.46,2.245,2935.8,2741.52,239.21,210.0,RUNNING_OPTIMAL,0,NORMAL,7.5,NORMAL,GOOD
2026-01-03 07:15:00,HVAC_01,HVAC System,47.457,11.8642,421.3,73.9,44.4,1.618,977.4,3062.74,1341.2,1200.0,RUNNING_OPTIMAL,0,NORMAL,7.5,NORMAL,GOOD
2026-01-03 07:15:00,MOTOR_01,Spinning Motor,42.116,10.529,429.4,64.35,62.54,1.978,1483.9,2817.68,51.78,48.0,RUNNING_OPTIMAL,0,NORMAL,7.5,NORMAL,GOOD
2026-01-03 07:15:00,PUMP_01,Water Pump,17.699,4.4248,423.4,27.43,52.65,1.527,1443.8,2660.45,31.02,28.0,RUNNING_OPTIMAL,0,NORMAL,7.5,NORMAL,GOOD
2026-01-03 07:30:00,COMPRESSOR_01,Air Compressor,35.896,8.974,423.8,55.57,74.95,2.441,2944.5,2741.77,225.58,210.0,RUNNING_OPTIMAL,0,NORMAL,7.5,NORMAL,GOOD
2026-01-03 07:30:00,HVAC_01,HVAC System,46.482,11.6205,420.7,72.49,45.81,1.725,975.3,3062.99,1341.8,1200.0,RUNNING_OPTIMAL,0,NORMAL,7.5,NORMAL,GOOD
2026-01-03 07:30:00,MOTOR_01,Spinning Motor,40.083,10.0208,419.9,62.63,61.1,2.016,1489.3,2817.93,49.53,48.0,RUNNING_OPTIMAL,0,NORMAL,7.5,NORMAL,GOOD
2026-01-03 07:30:00,PUMP_01,Water Pump,18.389,4.5972,420.9,28.66,50.84,1.465,1443.6,2660.7,30.66,28.0,RUNNING_OPTIMAL,0,NORMAL,7.5,NORMAL,GOOD
2026-01-03 07:45:00,COMPRESSOR_01,Air Compressor,36.753,9.1882,424.1,56.86,74.71,2.471,2939.3,2742.02,223.23,210.0,RUNNING_OPTIMAL,0,NORMAL,7.5,NORMAL,GOOD
2026-01-03 07:45:00,HVAC_01,HVAC System,46.846,11.7115,427.4,71.91,44.69,1.734,978.6,3063.24,1321.78,1200.0,RUNNING_OPTIMAL,0,NORMAL,7.5,NORMAL,GOOD
2026-01-03 07:45:00,MOTOR_01,Spinning Motor,46.126,11.5315,416.7,72.62,62.98,1.901,1476.7,2818.18,54.25,48.0,RUNNING_OPTIMAL,0,NORMAL,7.5,NORMAL,GOOD
2026-01-03 07:45:00,PUMP_01,Water Pump,18.146,4.5365,425.8,27.96,51.6,1.425,1446.3,2660.95,29.68,28.0,RUNNING_OPTIMAL,0,NORMAL,7.5,NORMAL,GOOD
2026-01-03 08:00:00,COMPRESSOR_01,Air Compressor,35.034,8.7585,420.9,54.61,75.5,2.57,2945.0,2742.27,219.46,210.0,RUNNING_OPTIMAL,0,NORMAL,7.5,NORMAL,GOOD
2026-01-03 08:00:00,HVAC_01,HVAC System,45.565,11.3912,416.7,71.74,44.78,1.855,981.8,3063.49,1300.78,1200.0,RUNNING_OPTIMAL,0,NORMAL,7.5,NORMAL,GOOD
2026-01-03 08:00:00,MOTOR_01,Spinning Motor,43.405,10.8512,421.5,67.56,63.77,2.15,1487.6,2818.43,52.6,48.0,RUNNING_OPTIMAL,0,NORMAL,7.5,NORMAL,GOOD
2026-01-03 08:00:00,PUMP_01,Water Pump,16.114,4.0285,421.2,25.1,54.19,1.485,1446.0,2661.2,29.12,28.0,RUNNING_OPTIMAL,0,NORMAL,7.5,NORMAL,GOOD
2026-01-03 08:15:00,COMPRESSOR_01,Air Compressor,34.916,8.729,420.3,54.5,76.44,2.508,2948.7,2742.52,222.29,210.0,RUNNING_OPTIMAL,0,NORMAL,7.5,NORMAL,GOOD
2026-01-03 08:15:00,HVAC_01,HVAC System,47.983,11.9957,418.3,75.26,45.48,1.832,983.8,3063.74,1327.89,1200.0,RUNNING_OPTIMAL,0,NORMAL,7.5,NORMAL,GOOD
2026-01-03 08:15:00,MOTOR_01,Spinning Motor,40.358,10.0895,420.3,63.0,61.59,1.993,1481.6,2818.68,49.57,48.0,RUNNING_OPTIMAL,0,NORMAL,7.5,NORMAL,GOOD
2026-01-03 08:15:00,PUMP_01,Water Pump,15.72,3.93,422.4,24.42,52.97,1.489,1447.2,2661.45,31.81,28.0,RUNNING_OPTIMAL,0,NORMAL,7.5,NORMAL,GOOD
2026-01-03 08:30:00,COMPRESSOR_01,Air Compressor,36.376,9.094,420.2,56.8,75.45,2.593,2947.0,2742.77,230.8,210.0,RUNNING_OPTIMAL,0,NORMAL,7.5,NORMAL,GOOD
2026-01-03 08:30:00,HVAC_01,HVAC System,47.602,11.9005,425.8,73.35,45.66,1.83,977.0,3063.99,1327.45,1200.0,RUNNING_OPTIMAL,0,NORMAL,7.5,NORMAL,GOOD
2026-01-03 08:30:00,MOTOR_01,Spinning Motor,42.447,10.6118,421.5,66.07,62.71,1.998,1486.6,2818.93,54.72,48.0,RUNNING_OPTIMAL,0,NORMAL,7.5,NORMAL,GOOD
2026-01-03 08:30:00,PUMP_01,Water Pump,17.811,4.4528,419.0,27.89,53.76,1.587,1449.5,2661.7,29.61,28.0,RUNNING_OPTIMAL,0,NORMAL,7.5,NORMAL,GOOD
2026-01-03 08:45:00,COMPRESSOR_01,Air Compressor,37.944,9.486,420.5,59.2,76.98,2.253,2937.6,2743.02,232.27,210.0,RUNNING_OPTIMAL,0,NORMAL,7.5,NORMAL,GOOD
2026-01-03 08:45:00,HVAC_01,HVAC System,43.903,10.9758,417.5,68.99,45.47,1.769,978.2,3064.24,1225.69,1200.0,RUNNING_OPTIMAL,0,NORMAL,7.5,NORMAL,GOOD
2026-01-03 08:45:00,MOTOR_01,Spinning Motor,41.51,10.3775,424.6,64.14,63.1,1.962,1479.2,2819.18,47.91,48.0,RUNNING_OPTIMAL,0,NORMAL,7.5,NORMAL,GOOD
2026-01-03 08:45:00,PUMP_01,Water Pump,16.742,4.1855,421.6,26.05,52.93,1.519,1439.9,2661.95,32.22,28.0,RUNNING_OPTIMAL,0,NORMAL,7.5,NORMAL,GOOD
2026-01-03 09:00:00,COMPRESSOR_01,Air Compressor,33.989,8.4972,421.1,52.96,77.23,2.301,2945.1,2743.27,211.78,210.0,RUNNING_OPTIMAL,0,NORMAL,7.5,NORMAL,GOOD
2026-01-03 09:00:00,HVAC_01,HVAC System,46.432,11.608,420.1,72.51,47.44,1.659,979.9,3064.49,1328.31,1200.0,RUNNING_OPTIMAL,0,NORMAL,7.5,NORMAL,GOOD
2026-01-03 09:00:00,MOTOR_01,Spinning Motor,41.084,10.271,424.5,63.5,62.89,2.019,1477.3,2819.43,50.21,48.0,RUNNING_OPTIMAL,0,NORMAL,7.5,NORMAL,GOOD
2026-01-03 09:00:00,PUMP_01,Water Pump,15.063,3.7658,417.6,23.67,54.33,1.462,1451.8,2662.2,27.06,28.0,RUNNING_OPTIMAL,0,NORMAL,7.5,NORMAL,GOOD
2026-01-03 09:15:00,COMPRESSOR_01,Air Compressor,34.455,8.6138,417.6,54.13,77.99,2.373,2946.0,2743.52,222.67,210.0,RUNNING_OPTIMAL,0,NORMAL,7.5,NORMAL,GOOD
2026-01-03 09:15:00,HVAC_01,HVAC System,44.622,11.1555,424.6,68.95,48.35,1.803,982.4,3064.74,1289.04,1200.0,RUNNING_OPTIMAL,0,NORMAL,7.5,NORMAL,GOOD
2026-01-03 09:15:00,MOTOR_01,Spinning Motor,42.955,10.7388,415.1,67.89,64.23,1.91,1482.2,2819.68,53.0,48.0,RUNNING_OPTIMAL,0,NORMAL,7.5,NORMAL,GOOD
2026-01-03 09:15:00,PUMP_01,Water Pump,16.997,4.2492,420.8,26.5,54.84,1.709,1439.9,2662.45,29.51,28.0,RUNNING_OPTIMAL,0,NORMAL,7.5,NORMAL,GOOD
2026-01-03 09:30:00,COMPRESSOR_01,Air Compressor,37.557,9.3892,417.1,59.08,78.61,2.408,2943.9,2743.77,238.95,210.0,RUNNING_OPTIMAL,0,NORMAL,7.5,NORMAL,GOOD
2026-01-03 09:30:00,HVAC_01,HVAC System,48.395,12.0988,419.7,75.65,47.18,1.763,974.4,3064.99,1330.04,1200.0,RUNNING_OPTIMAL,0,NORMAL,7.5,NORMAL,GOOD
2026-01-03 09:30:00,MOTOR_01,Spinning Motor,40.701,10.1752,423.5,63.05,63.67,1.989,1489.3,2819.93,49.43,48.0,RUNNING_OPTIMAL,0,NORMAL,7.5,NORMAL,GOOD
2026-01-03 09:30:00,PUMP_01,Water Pump,16.396,4.099,419.6,25.64,54.17,1.536,1442.8,2662.7,28.82,28.0,RUNNING_OPTIMAL,0,NORMAL,7.5,NORMAL,GOOD
2026-01-03 09:45:00,COMPRESSOR_01,Air Compressor,34.721,8.6802,423.8,53.75,76.3,2.478,2943.6,2744.02,223.04,210.0,RUNNING_OPTIMAL,0,NORMAL,7.5,NORMAL,GOOD
2026-01-03 09:45:00,HVAC_01,HVAC System,46.708,11.677,419.9,72.98,47.02,1.772,972.7,3065.24,1332.59,1200.0,RUNNING_OPTIMAL,0,NORMAL,7.5,NORMAL,GOOD
2026-01-03 09:45:00,MOTOR_01,Spinning Motor,42.346,10.5865,418.8,66.34,65.29,2.0,1482.2,2820.18,53.77,48.0,RUNNING_OPTIMAL,0,NORMAL,7.5,NORMAL,GOOD
2026-01-03 09:45:00,PUMP_01,Water Pump,16.676,4.169,420.3,26.03,53.04,1.624,1434.9,2662.95,28.26,28.0,RUNNING_OPTIMAL,0,NORMAL,7.5,NORMAL,GOOD
2026-01-03 10:00:00,COMPRESSOR_01,Air Compressor,34.058,8.5145,420.0,53.2,78.67,2.398,2943.4,2744.27,216.99,210.0,RUNNING_OPTIMAL,0,NORMAL,7.5,NORMAL,GOOD
2026-01-03 10:00:00,HVAC_01,HVAC System,47.235,11.8088,415.2,74.64,50.52,1.681,979.0,3065.49,1352.55,1200.0,RUNNING_OPTIMAL,0,NORMAL,7.5,NORMAL,GOOD
2026-01-03 10:00:00,MOTOR_01,Spinning Motor,38.592,9.648,422.2,59.97,64.39,1.776,1495.1,2820.43,48.28,48.0,RUNNING_OPTIMAL,0,NORMAL,7.5,NORMAL,GOOD
2026-01-03 10:00:00,PUMP_01,Water Pump,17.097,4.2742,417.7,26.85,54.53,1.565,1446.2,2663.2,26.36,28.0,RUNNING_OPTIMAL,0,NORMAL,7.5,NORMAL,GOOD
2026-01-03 10:15:00,COMPRESSOR_01,Air Compressor,33.459,8.3648,420.1,52.25,78.77,2.418,2950.1,2744.52,215.82,210.0,RUNNING_OPTIMAL,0,NORMAL,7.5,NORMAL,GOOD
2026-01-03 10:15:00,HVAC_01,HVAC System,45.952,11.488,420.0,71.78,48.59,1.824,974.2,3065.74,1318.88,1200.0,RUNNING_OPTIMAL,0,NORMAL,7.5,NORMAL,GOOD
2026-01-03 10:15:00,MOTOR_01,Spinning Motor,42.712,10.678,422.6,66.31,64.99,1.881,1489.9,2820.68,49.64,48.0,RUNNING_OPTIMAL,0,NORMAL,7.5,NORMAL,GOOD
2026-01-03 10:15:00,PUMP_01,Water Pump,16.005,4.0012,420.9,24.95,56.0,1.552,1449.7,2663.45,28.58,28.0,RUNNING_OPTIMAL,0,NORMAL,7.5,NORMAL,GOOD
2026-01-03 10:30:00,COMPRESSOR_01,Air Compressor,32.956,8.239,418.4,51.68,78.57,2.52,2945.8,2744.77,214.04,210.0,RUNNING_OPTIMAL,0,NORMAL,7.5,NORMAL,GOOD
2026-01-03 10:30:00,HVAC_01,HVAC System,45.311,11.3278,417.0,71.29,49.34,1.728,977.2,3065.99,1289.72,1200.0,RUNNING_OPTIMAL,0,NORMAL,7.5,NORMAL,GOOD
2026-01-03 10:30:00,MOTOR_01,Spinning Motor,42.504,10.626,420.9,66.25,65.04,1.81,1475.2,2820.93,52.45,48.0,RUNNING_OPTIMAL,0,NORMAL,7.5,NORMAL,GOOD
2026-01-03 10:30:00,PUMP_01,Water Pump,17.594,4.3985,421.3,27.4,55.49,1.545,1438.3,2663.7,27.84,28.0,RUNNING_OPTIMAL,0,NORMAL,7.5,NORMAL,GOOD
2026-01-03 10:45:00,COMPRESSOR_01,Air Compressor,36.329,9.0822,412.9,57.73,78.27,2.469,2936.8,2745.02,224.33,210.0,RUNNING_OPTIMAL,0,NORMAL,7.5,NORMAL,GOOD
2026-01-03 10:45:00,HVAC_01,HVAC System,42.667,10.6668,417.7,67.02,47.09,1.733,979.2,3066.24,1218.25,1200.0,RUNNING_OPTIMAL,0,NORMAL,7.5,NORMAL,GOOD
2026-01-03 10:45:00,MOTOR_01,Spinning Motor,41.253,10.3132,418.6,64.66,64.13,1.863,1482.8,2821.18,48.05,48.0,RUNNING_OPTIMAL,0,NORMAL,7.5,NORMAL,GOOD
2026-01-03 10:45:00,PUMP_01,Water Pump,16.964,4.241,418.0,26.63,56.2,1.609,1452.3,2663.95,30.7,28.0,RUNNING_OPTIMAL,0,NORMAL,7.5,NORMAL,GOOD
2026-01-03 11:00:00,COMPRESSOR_01,Air Compressor,33.753,8.4382,413.8,53.52,79.11,2.412,2944.1,2745.27,213.13,210.0,RUNNING_OPTIMAL,0,NORMAL,7.5,NORMAL,GOOD
2026-01-03 11:00:00,HVAC_01,HVAC System,43.18,10.795,415.8,68.13,50.11,1.877,977.4,3066.49,1251.98,1200.0,RUNNING_OPTIMAL,0,NORMAL,7.5,NORMAL,GOOD
2026-01-03 11:00:00,MOTOR_01,Spinning Motor,39.595,9.8988,420.3,61.81,65.14,2.018,1484.2,2821.43,45.4,48.0,RUNNING_OPTIMAL,0,NORMAL,7.5,NORMAL,GOOD
2026-01-03 11:00:00,PUMP_01,Water Pump,14.025,3.5062,412.0,22.33,54.83,1.523,1455.6,2664.2,26.59,28.0,RUNNING_OPTIMAL,0,NORMAL,7.5,NORMAL,GOOD
2026-01-03 11:15:00,COMPRESSOR_01,Air Compressor,34.337,8.5843,419.0,53.77,79.36,2.342,2949.5,2745.52,212.37,210.0,RUNNING_OPTIMAL,0,NORMAL,7.5,NORMAL,GOOD
2026-01-03 11:15:00,HVAC_01,HVAC System,45.452,11.363,419.5,71.08,50.11,1.688,973.8,3066.74,1264.46,1200.0,RUNNING_OPTIMAL,0,NORMAL,7.5,NORMAL,GOOD
2026-01-03 11:15:00,MOTOR_01,Spinning Motor,42.715,10.6788,418.1,67.03,66.02,1.965,1481.6,2821.68,51.65,48.0,RUNNING_OPTIMAL,0,NORMAL,7.5,NORMAL,GOOD
2026-01-03 11:15:00,PUMP_01,Water Pump,16.672,4.168,414.8,26.37,56.94,1.403,1444.8,2664.45,30.27,28.0,RUNNING_OPTIMAL,0,NORMAL,7.5,NORMAL,GOOD
2026-01-03 11:30:00,COMPRESSOR_01,Air Compressor,33.857,8.4642,416.2,53.37,78.78,2.312,2949.5,2745.77,206.72,210.0,RUNNING_OPTIMAL,0,NORMAL,7.5,NORMAL,GOOD
2026-01-03 11:30:00,HVAC_01,HVAC System,43.905,10.9762,418.7,68.8,49.58,1.722,980.2,3066.99,1241.65,1200.0,RUNNING_OPTIMAL,0,NORMAL,7.5,NORMAL,GOOD
2026-01-03 11:30:00,MOTOR_01,Spinning Motor,38.76,9.69,419.3,60.65,65.5,1.925,1477.3,2821.93,47.61,48.0,RUNNING_OPTIMAL,0,NORMAL,7.5,NORMAL,GOOD
2026-01-03 11:30:00,PUMP_01,Water Pump,16.311,4.0778,415.2,25.77,56.82,1.571,1441.2,2664.7,30.81,28.0,RUNNING_OPTIMAL,0,NORMAL,7.5,NORMAL,GOOD
2026-01-03 11:45:00,COMPRESSOR_01,Air Compressor,31.368,7.842,417.4,49.31,78.69,2.305,2954.9,2746.02,198.04,210.0,RUNNING_OPTIMAL,0,NORMAL,7.5,NORMAL,GOOD
2026-01-03 11:45:00,HVAC_01,HVAC System,45.027,11.2568,422.0,70.0,49.78,1.83,981.5,3067.24,1260.57,1200.0,RUNNING_OPTIMAL,0,NORMAL,7.5,NORMAL,GOOD
2026-01-03 11:45:00,MOTOR_01,Spinning Motor,37.264,9.316,417.7,58.53,64.16,1.942,1487.0,2822.18,45.19,48.0,RUNNING_OPTIMAL,0,NORMAL,7.5,NORMAL,GOOD
2026-01-03 11:45:00,PUMP_01,Water Pump,15.298,3.8245,418.4,23.99,55.79,1.51,1458.2,2664.95,29.29,28.0,RUNNING_OPTIMAL,0,NORMAL,7.5,NORMAL,GOOD
2026-01-03 12:00:00,COMPRESSOR_01,Air Compressor,35.971,8.9927,416.5,56.66,79.9,2.448,2947.6,2746.27,219.0,210.0,RUNNING_OPTIMAL,0,NORMAL,7.5,NORMAL,GOOD
2026-01-03 12:00:00,HVAC_01,HVAC System,40.757,10.1892,417.2,64.09,48.82,1.662,984.9,3067.49,1174.76,1200.0,RUNNING_OPTIMAL,0,NORMAL,7.5,NORMAL,GOOD
2026-01-03 12:00:00,MOTOR_01,Spinning Motor,40.286,10.0715,416.2,63.51,66.0,1.834,1480.1,2822.43,46.6,48.0,RUNNING_OPTIMAL,0,NORMAL,7.5,NORMAL,GOOD
2026-01-03 12:00:00,PUMP_01,Water Pump,16.885,4.2213,419.6,26.4,56.83,1.4,1452.1,2665.2,27.82,28.0,RUNNING_OPTIMAL,0,NORMAL,7.5,NORMAL,GOOD
2026-01-03 12:15:00,COMPRESSOR_01,Air Compressor,34.82,8.705,415.2,55.02,79.82,2.42,2948.1,2746.52,214.16,210.0,RUNNING_OPTIMAL,0,NORMAL,7.5,NORMAL,GOOD
2026-01-03 12:15:00,HVAC_01,HVAC System,41.39,10.3475,417.1,65.1,50.57,1.807,981.0,3067.74,1167.01,1200.0,RUNNING_OPTIMAL,0,NORMAL,7.5,NORMAL,GOOD
2026-01-03 12:15:00,MOTOR_01,Spinning Motor,39.438,9.8595,417.2,62.02,66.26,1.931,1482.6,2822.68,52.37,48.0,RUNNING_OPTIMAL,0,NORMAL,7.5,NORMAL,GOOD
2026-01-03 12:15:00,PUMP_01,Water Pump,14.149,3.5372,412.0,22.53,55.71,1.572,1443.9,2665.45,28.41,28.0,RUNNING_OPTIMAL,0,NORMAL,7.5,NORMAL,GOOD
2026-01-03 12:30:00,COMPRESSOR_01,Air Compressor,32.177,8.0442,414.1,50.98,80.29,2.363,2949.7,2746.77,214.09,210.0,RUNNING_OPTIMAL,0,NORMAL,7.5,NORMAL,GOOD
2026-01-03 12:30:00,HVAC_01,HVAC System,41.031,10.2578,415.5,64.79,49.93,1.664,975.6,3067.99,1173.23,1200.0,RUNNING_OPTIMAL,0,NORMAL,7.5,NORMAL,GOOD
2026-01-03 12:30:00,MOTOR_01,Spinning Motor,43.149,10.7872,415.6,68.12,66.5,1.956,1480.6,2822.93,50.53,48.0,RUNNING_OPTIMAL,0,NORMAL,7.5,NORMAL,GOOD
2026-01-03 12:30:00,PUMP_01,Water Pump,14.394,3.5985,418.4,22.57,55.91,1.536,1449.5,2665.7,24.36,28.0,RUNNING_OPTIMAL,0,NORMAL,7.5,NORMAL,GOOD
2026-01-03 12:45:00,COMPRESSOR_01,Air Compressor,32.929,8.2322,420.5,51.38,78.56,2.318,2947.6,2747.02,207.05,210.0,RUNNING_OPTIMAL,0,NORMAL,7.5,NORMAL,GOOD
2026-01-03 12:45:00,HVAC_01,HVAC System,42.999,10.7498,415.2,67.95,48.63,1.736,976.1,3068.24,1226.88,1200.0,RUNNING_OPTIMAL,0,NORMAL,7.5,NORMAL,GOOD
2026-01-03 12:45:00,MOTOR_01,Spinning Motor,41.374,10.3435,412.1,65.87,66.98,1.886,1482.4,2823.18,49.48,48.0,RUNNING_OPTIMAL,0,NORMAL,7.5,NORMAL,GOOD
2026-01-03 12:45:00,PUMP_01,Water Pump,17.93,4.4825,419.6,28.04,56.74,1.532,1449.5,2665.95,32.37,28.0,RUNNING_OPTIMAL,0,NORMAL,7.5,NORMAL,GOOD
2026-01-03 13:00:00,COMPRESSOR_01,Air Compressor,16.668,4.167,417.4,26.2,66.44,1.532,2952.7,2747.27,0.0,42.0,IDLE_UNLOADED,0,NORMAL,7.5,NORMAL,GOOD
2026-01-03 13:00:00,HVAC_01,HVAC System,15.428,3.857,415.3,24.37,35.77,1.102,988.3,3068.49,0.0,240.0,IDLE_UNLOADED,0,NORMAL,7.5,NORMAL,GOOD
2026-01-03 13:00:00,MOTOR_01,Spinning Motor,11.993,2.9982,409.3,19.22,54.2,1.312,1491.2,2823.43,0.0,9.6,IDLE_UNLOADED,0,NORMAL,7.5,NORMAL,GOOD
2026-01-03 13:00:00,PUMP_01,Water Pump,3.282,0.8205,414.0,5.2,44.52,0.999,1456.7,2666.2,0.0,5.6,IDLE_UNLOADED,0,NORMAL,7.5,NORMAL,GOOD
2026-01-03 13:15:00,COMPRESSOR_01,Air Compressor,15.917,3.9792,414.7,25.18,66.6,1.578,2951.0,2747.52,0.0,42.0,IDLE_UNLOADED,0,NORMAL,7.5,NORMAL,GOOD
2026-01-03 13:15:00,HVAC_01,HVAC System,15.798,3.9495,415.8,24.93,38.1,1.052,982.5,3068.74,0.0,240.0,IDLE_UNLOADED,0,NORMAL,7.5,NORMAL,GOOD
2026-01-03 13:15:00,MOTOR_01,Spinning Motor,11.579,2.8948,406.9,18.67,53.42,1.272,1491.9,2823.68,0.0,9.6,IDLE_UNLOADED,0,NORMAL,7.5,NORMAL,GOOD
2026-01-03 13:15:00,PUMP_01,Water Pump,4.762,1.1905,409.5,7.63,43.74,0.966,1456.7,2666.45,0.0,5.6,IDLE_UNLOADED,0,NORMAL,7.5,NORMAL,GOOD
2026-01-03 13:30:00,COMPRESSOR_01,Air Compressor,32.972,8.243,408.3,52.98,79.94,2.424,2940.7,2747.77,202.63,210.0,RUNNING_OPTIMAL,0,NORMAL,7.5,NORMAL,GOOD
2026-01-03 13:30:00,HVAC_01,HVAC System,42.091,10.5228,414.2,66.67,49.62,1.702,978.1,3068.99,1158.39,1200.0,RUNNING_OPTIMAL,0,NORMAL,7.5,NORMAL,GOOD
2026-01-03 13:30:00,MOTOR_01,Spinning Motor,42.119,10.5298,412.4,67.01,67.68,1.992,1487.1,2823.93,53.11,48.0,RUNNING_OPTIMAL,0,NORMAL,7.5,NORMAL,GOOD
2026-01-03 13:30:00,PUMP_01,Water Pump,16.905,4.2262,414.4,26.76,56.63,1.369,1456.1,2666.7,28.49,28.0,RUNNING_OPTIMAL,0,NORMAL,7.5,NORMAL,GOOD
2026-01-03 13:45:00,COMPRESSOR_01,Air Compressor,33.89,8.4725,413.4,53.78,80.94,2.5,2947.6,2748.02,216.26,210.0,RUNNING_OPTIMAL,0,NORMAL,7.5,NORMAL,GOOD
2026-01-03 13:45:00,HVAC_01,HVAC System,43.156,10.789,413.8,68.42,50.63,1.645,974.2,3069.24,1212.69,1200.0,RUNNING_OPTIMAL,0,NORMAL,7.5,NORMAL,GOOD
2026-01-03 13:45:00,MOTOR_01,Spinning Motor,39.289,9.8222,415.7,62.01,67.03,2.084,1494.2,2824.18,46.36,48.0,RUNNING_OPTIMAL,0,NORMAL,7.5,NORMAL,GOOD
2026-01-03 13:45:00,PUMP_01,Water Pump,15.146,3.7865,414.9,23.95,54.8,1.506,1452.3,2666.95,25.35,28.0,RUNNING_OPTIMAL,0,NORMAL,7.5,NORMAL,GOOD
2026-01-03 14:00:00,COMPRESSOR_01,Air Compressor,33.248,8.312,409.5,53.27,79.26,2.269,2944.5,2748.27,210.68,210.0,RUNNING_OPTIMAL,0,NORMAL,7.5,NORMAL,GOOD
2026-01-03 14:00:00,HVAC_01,HVAC System,42.315,10.5788,410.3,67.66,50.46,1.615,978.5,3069.49,1205.05,1200.0,RUNNING_OPTIMAL,0,NORMAL,7.5,NORMAL,GOOD
2026-01-03 14:00:00,MOTOR_01,Spinning Motor,36.649,9.1622,413.1,58.21,66.36,1.846,1490.2,2824.43,44.33,48.0,RUNNING_OPTIMAL,0,NORMAL,7.5,NORMAL,GOOD
2026-01-03 14:00:00,PUMP_01,Water Pump,13.438,3.3595,410.3,21.49,55.8,1.447,1452.0,2667.2,25.69,28.0,RUNNING_OPTIMAL,0,NORMAL,7.5,NORMAL,GOOD
2026-01-03 14:15:00,COMPRESSOR_01,Air Compressor,31.172,7.793,411.8,49.66,79.43,2.448,2950.9,2748.52,197.17,210.0,RUNNING_OPTIMAL,0,NORMAL,7.5,NORMAL,GOOD
2026-01-03 14:15:00,HVAC_01,HVAC System,39.522,9.8805,411.4,63.03,50.77,1.551,975.5,3069.74,1157.17,1200.0,RUNNING_OPTIMAL,0,NORMAL,7.5,NORMAL,GOOD
2026-01-03 14:15:00,MOTOR_01,Spinning Motor,39.068,9.767,412.1,62.2,66.65,1.984,1486.5,2824.68,48.08,48.0,RUNNING_OPTIMAL,0,NORMAL,7.5,NORMAL,GOOD
2026-01-03 14:15:00,PUMP_01,Water Pump,14.918,3.7295,412.9,23.7,58.3,1.572,1446.6,2667.45,29.18,28.0,RUNNING_OPTIMAL,0,NORMAL,7.5,NORMAL,GOOD
2026-01-03 14:30:00,COMPRESSOR_01,Air Compressor,30.836,7.709,409.4,49.42,79.45,2.358,2953.2,2748.77,195.7,210.0,RUNNING_OPTIMAL,0,NORMAL,7.5,NORMAL,GOOD
2026-01-03 14:30:00,HVAC_01,HVAC System,42.459,10.6148,409.2,68.08,50.48,1.715,981.8,3069.99,1208.92,1200.0,RUNNING_OPTIMAL,0,NORMAL,7.5,NORMAL,GOOD
2026-01-03 14:30:00,MOTOR_01,Spinning Motor,36.934,9.2335,409.6,59.16,66.59,1.783,1482.7,2824.93,42.6,48.0,RUNNING_OPTIMAL,0,NORMAL,7.5,NORMAL,GOOD
2026-01-03 14:30:00,PUMP_01,Water Pump,16.368,4.092,418.0,25.69,56.74,1.643,1452.6,2667.7,25.16,28.0,RUNNING_OPTIMAL,0,NORMAL,7.5,NORMAL,GOOD
2026-01-03 14:45:00,COMPRESSOR_01,Air Compressor,30.051,7.5128,410.7,48.01,81.03,2.278,2948.3,2749.02,194.52,210.0,RUNNING_OPTIMAL,0,NORMAL,7.5,NORMAL,GOOD
2026-01-03 14:45:00,HVAC_01,HVAC System,38.749,9.6872,406.5,62.54,48.2,1.697,981.6,3070.24,1097.67,1200.0,RUNNING_OPTIMAL,0,NORMAL,7.5,NORMAL,GOOD
2026-01-03 14:45:00,MOTOR_01,Spinning Motor,37.836,9.459,411.0,60.4,67.34,1.886,1485.3,2825.18,45.73,48.0,RUNNING_OPTIMAL,0,NORMAL,7.5,NORMAL,GOOD
2026-01-03 14:45:00,PUMP_01,Water Pump,13.376,3.344,416.0,21.1,56.41,1.455,1453.8,2667.95,30.43,28.0,RUNNING_OPTIMAL,0,NORMAL,7.5,NORMAL,GOOD
2026-01-03 15:00:00,COMPRESSOR_01,Air Compressor,32.195,8.0488,408.6,51.69,79.07,2.306,2954.1,2749.27,194.5,210.0,RUNNING_OPTIMAL,0,NORMAL,7.5,NORMAL,GOOD
2026-01-03 15:00:00,HVAC_01,HVAC System,42.026,10.5065,405.7,67.96,50.01,1.766,975.9,3070.49,1202.68,1200.0,RUNNING_OPTIMAL,0,NORMAL,7.5,NORMAL,GOOD
2026-01-03 15:00:00,MOTOR_01,Spinning Motor,36.878,9.2195,407.8,59.33,65.95,1.835,1485.3,2825.43,43.71,48.0,RUNNING_OPTIMAL,0,NORMAL,7.5,NORMAL,GOOD
2026-01-03 15:00:00,PUMP_01,Water Pump,14.261,3.5652,413.1,22.65,56.9,1.458,1452.2,2668.2,27.87,28.0,RUNNING_OPTIMAL,0,NORMAL,7.5,NORMAL,GOOD
2026-01-03 15:15:00,COMPRESSOR_01,Air Compressor,29.208,7.302,408.6,46.9,80.39,2.241,2948.6,2749.52,183.47,210.0,RUNNING_OPTIMAL,0,NORMAL,7.5,NORMAL,GOOD
2026-01-03 15:15:00,HVAC_01,HVAC System,38.008,9.502,412.3,60.48,49.86,1.705,985.2,3070.74,1074.43,1200.0,RUNNING_OPTIMAL,0,NORMAL,7.5,NORMAL,GOOD
2026-01-03 15:15:00,MOTOR_01,Spinning Motor,37.406,9.3515,409.4,59.94,66.9,1.791,1484.8,2825.68,44.5,48.0,RUNNING_OPTIMAL,0,NORMAL,7.5,NORMAL,GOOD
2026-01-03 15:15:00,PUMP_01,Water Pump,14.065,3.5162,411.0,22.45,55.91,1.568,1452.4,2668.45,26.74,28.0,RUNNING_OPTIMAL,0,NORMAL,7.5,NORMAL,GOOD
2026-01-03 15:30:00,COMPRESSOR_01,Air Compressor,31.297,7.8242,409.7,50.12,79.94,2.457,2958.2,2749.77,193.17,210.0,RUNNING_OPTIMAL,0,NORMAL,7.5,NORMAL,GOOD
2026-01-03 15:30:00,HVAC_01,HVAC System,40.207,10.0518,409.1,64.48,50.17,1.764,983.8,3070.99,1162.09,1200.0,RUNNING_OPTIMAL,0,NORMAL,7.5,NORMAL,GOOD
2026-01-03 15:30:00,MOTOR_01,Spinning Motor,35.785,8.9462,406.1,57.81,66.15,1.899,1483.8,2825.93,43.41,48.0,RUNNING_OPTIMAL,0,NORMAL,7.5,NORMAL,GOOD
2026-01-03 15:30:00,PUMP_01,Water Pump,16.76,4.19,411.6,26.72,58.15,1.642,1451.6,2668.7,29.97,28.0,RUNNING_OPTIMAL,0,NORMAL,7.5,NORMAL,GOOD
2026-01-03 15:45:00,COMPRESSOR_01,Air Compressor,32.792,8.198,409.0,52.6,79.35,2.39,2950.1,2750.02,196.88,210.0,RUNNING_OPTIMAL,0,NORMAL,7.5,NORMAL,GOOD
2026-01-03 15:45:00,HVAC_01,HVAC System,37.747,9.4368,409.2,60.52,49.32,1.713,982.0,3071.24,1080.25,1200.0,RUNNING_OPTIMAL,0,NORMAL,7.5,NORMAL,GOOD
2026-01-03 15:45:00,MOTOR_01,Spinning Motor,36.33,9.0825,412.8,57.74,66.82,1.977,1481.9,2826.18,44.52,48.0,RUNNING_OPTIMAL,0,NORMAL,7.5,NORMAL,GOOD
2026-01-03 15:45:00,PUMP_01,Water Pump,14.617,3.6542,411.3,23.32,55.39,1.518,1452.9,2668.95,25.09,28.0,RUNNING_OPTIMAL,0,NORMAL,7.5,NORMAL,GOOD
2026-01-03 16:00:00,COMPRESSOR_01,Air Compressor,30.604,7.651,410.4,48.92,78.43,2.348,2949.7,2750.27,188.5,210.0,RUNNING_OPTIMAL,0,NORMAL,7.5,NORMAL,GOOD
2026-01-03 16:00:00,HVAC_01,HVAC System,38.001,9.5002,409.5,60.88,48.78,1.668,990.3,3071.49,1071.51,1200.0,RUNNING_OPTIMAL,0,NORMAL,7.5,NORMAL,GOOD
2026-01-03 16:00:00,MOTOR_01,Spinning Motor,34.974,8.7435,405.7,56.56,66.07,1.753,1484.2,2826.43,42.3,48.0,RUNNING_OPTIMAL,0,NORMAL,7.5,NORMAL,GOOD
2026-01-03 16:00:00,PUMP_01,Water Pump,14.628,3.657,413.0,23.24,55.33,1.494,1450.4,2669.2,23.91,28.0,RUNNING_OPTIMAL,0,NORMAL,7.5,NORMAL,GOOD
2026-01-03 16:15:00,COMPRESSOR_01,Air Compressor,31.705,7.9262,409.9,50.75,78.11,2.354,2946.7,2750.52,197.83,210.0,RUNNING_OPTIMAL,0,NORMAL,7.5,NORMAL,GOOD
2026-01-03 16:15:00,HVAC_01,HVAC System,41.2,10.3,410.0,65.93,49.51,1.834,985.3,3071.74,1163.14,1200.0,RUNNING_OPTIMAL,0,NORMAL,7.5,NORMAL,GOOD
2026-01-03 16:15:00,MOTOR_01,Spinning Motor,35.649,8.9122,406.1,57.59,64.91,1.836,1490.5,2826.68,44.55,48.0,RUNNING_OPTIMAL,0,NORMAL,7.5,NORMAL,GOOD
2026-01-03 16:15:00,PUMP_01,Water Pump,15.086,3.7715,408.5,24.23,54.88,1.503,1460.5,2669.45,23.09,28.0,RUNNING_OPTIMAL,0,NORMAL,7.5,NORMAL,GOOD
2026-01-03 16:30:00,COMPRESSOR_01,Air Compressor,29.671,7.4178,411.0,47.36,78.08,2.274,2954.7,2750.77,190.97,210.0,RUNNING_OPTIMAL,0,NORMAL,7.5,NORMAL,GOOD
2026-01-03 16:30:00,HVAC_01,HVAC System,43.09,10.7725,413.2,68.42,49.86,1.7,976.0,3071.99,1202.15,1200.0,RUNNING_OPTIMAL,0,NORMAL,7.5,NORMAL,GOOD
2026-01-03 16:30:00,MOTOR_01,Spinning Motor,37.075,9.2688,410.0,59.33,65.66,1.907,1489.6,2826.93,46.55,48.0,RUNNING_OPTIMAL,0,NORMAL,7.5,NORMAL,GOOD
2026-01-03 16:30:00,PUMP_01,Water Pump,14.36,3.59,407.1,23.14,55.46,1.562,1446.3,2669.7,27.26,28.0,RUNNING_OPTIMAL,0,NORMAL,7.5,NORMAL,GOOD
2026-01-03 16:45:00,COMPRESSOR_01,Air Compressor,30.447,7.6118,410.2,48.7,79.24,2.274,2946.2,2751.02,193.57,210.0,RUNNING_OPTIMAL,0,NORMAL,7.5,NORMAL,GOOD
2026-01-03 16:45:00,HVAC_01,HVAC System,38.701,9.6752,408.0,62.23,47.47,1.66,975.8,3072.24,1076.25,1200.0,RUNNING_OPTIMAL,0,NORMAL,7.5,NORMAL,GOOD
2026-01-03 16:45:00,MOTOR_01,Spinning Motor,37.979,9.4948,408.2,61.04,64.91,1.953,1492.5,2827.18,43.13,48.0,RUNNING_OPTIMAL,0,NORMAL,7.5,NORMAL,GOOD
2026-01-03 16:45:00,PUMP_01,Water Pump,15.062,3.7655,413.3,23.91,55.1,1.465,1458.6,2669.95,23.01,28.0,RUNNING_OPTIMAL,0,NORMAL,7.5,NORMAL,GOOD
2026-01-03 17:00:00,COMPRESSOR_01,Air Compressor,30.277,7.5692,406.0,48.93,79.39,2.402,2955.0,2751.27,190.33,210.0,RUNNING_OPTIMAL,0,NORMAL,7.5,NORMAL,GOOD
2026-01-03 17:00:00,HVAC_01,HVAC System,40.92,10.23,404.5,66.37,48.4,1.673,989.1,3072.49,1141.95,1200.0,RUNNING_OPTIMAL,0,NORMAL,7.5,NORMAL,GOOD
2026-01-03 17:00:00,MOTOR_01,Spinning Motor,35.545,8.8862,407.0,57.3,64.39,1.863,1488.2,2827.43,42.23,48.0,RUNNING_OPTIMAL,0,NORMAL,7.5,NORMAL,GOOD
2026-01-03 17:00:00,PUMP_01,Water Pump,16.728,4.182,412.0,26.64,54.39,1.613,1449.0,2670.2,26.65,28.0,RUNNING_OPTIMAL,0,NORMAL,7.5,NORMAL,GOOD
2026-01-03 17:15:00,COMPRESSOR_01,Air Compressor,28.978,7.2445,407.3,46.68,78.08,2.235,2951.4,2751.52,186.36,210.0,RUNNING_OPTIMAL,0,NORMAL,7.5,NORMAL,GOOD
2026-01-03 17:15:00,HVAC_01,HVAC System,37.515,9.3788,405.7,60.67,49.14,1.612,982.2,3072.74,1020.62,1200.0,RUNNING_OPTIMAL,0,NORMAL,7.5,NORMAL,GOOD
2026-01-03 17:15:00,MOTOR_01,Spinning Motor,32.312,8.078,406.5,52.15,63.8,1.766,1483.2,2827.68,37.45,48.0,RUNNING_OPTIMAL,0,NORMAL,7.5,NORMAL,GOOD
2026-01-03 17:15:00,PUMP_01,Water Pump,13.226,3.3065,408.1,21.26,53.84,1.561,1454.3,2670.45,23.58,28.0,RUNNING_OPTIMAL,0,NORMAL,7.5,NORMAL,GOOD
2026-01-03 17:30:00,COMPRESSOR_01,Air Compressor,30.058,7.5145,408.1,48.32,78.73,2.277,2953.9,2751.77,189.72,210.0,RUNNING_OPTIMAL,0,NORMAL,7.5,NORMAL,GOOD
2026-01-03 17:30:00,HVAC_01,HVAC System,40.242,10.0605,407.6,64.77,49.22,1.794,983.9,3072.99,1129.15,1200.0,RUNNING_OPTIMAL,0,NORMAL,7.5,NORMAL,GOOD
2026-01-03 17:30:00,MOTOR_01,Spinning Motor,35.973,8.9932,411.3,57.38,66.3,1.883,1485.3,2827.93,43.57,48.0,RUNNING_OPTIMAL,0,NORMAL,7.5,NORMAL,GOOD
2026-01-03 17:30:00,PUMP_01,Water Pump,13.562,3.3905,404.1,22.02,56.03,1.471,1450.4,2670.7,24.41,28.0,RUNNING_OPTIMAL,0,NORMAL,7.5,NORMAL,GOOD
2026-01-03 17:45:00,COMPRESSOR_01,Air Compressor,28.64,7.16,405.4,46.35,77.06,2.293,2951.3,2752.02,183.22,210.0,RUNNING_OPTIMAL,0,NORMAL,7.5,NORMAL,GOOD
2026-01-03 17:45:00,HVAC_01,HVAC System,44.517,11.1293,407.2,71.73,49.78,1.684,979.2,3073.24,1247.44,1200.0,RUNNING_OPTIMAL,0,NORMAL,7.5,NORMAL,GOOD
2026-01-03 17:45:00,MOTOR_01,Spinning Motor,34.787,8.6968,405.4,56.3,65.27,1.987,1492.2,2828.18,40.93,48.0,RUNNING_OPTIMAL,0,NORMAL,7.5,NORMAL,GOOD
2026-01-03 17:45:00,PUMP_01,Water Pump,13.13,3.2825,412.6,20.88,54.67,1.504,1453.7,2670.95,24.2,28.0,RUNNING_OPTIMAL,0,NORMAL,7.5,NORMAL,GOOD
2026-01-03 18:00:00,COMPRESSOR_01,Air Compressor,30.273,7.5682,408.5,48.62,77.63,2.37,2952.1,2752.27,187.36,210.0,RUNNING_OPTIMAL,0,NORMAL,10.0,PEAK,GOOD
2026-01-03 18:00:00,HVAC_01,HVAC System,37.248,9.312,404.1,60.47,45.68,1.643,980.1,3073.49,1058.29,1200.0,RUNNING_OPTIMAL,0,NORMAL,10.0,PEAK,GOOD
2026-01-03 18:00:00,MOTOR_01,Spinning Motor,36.141,9.0352,404.2,58.66,62.98,1.771,1482.8,2828.43,44.09,48.0,RUNNING_OPTIMAL,0,NORMAL,10.0,PEAK,GOOD
2026-01-03 18:00:00,PUMP_01,Water Pump,13.692,3.423,407.4,22.05,53.32,1.468,1458.8,2671.2,25.14,28.0,RUNNING_OPTIMAL,0,NORMAL,10.0,PEAK,GOOD
2026-01-03 18:15:00,COMPRESSOR_01,Air Compressor,28.708,7.177,406.4,46.35,76.74,2.237,2953.8,2752.52,186.06,210.0,RUNNING_OPTIMAL,0,NORMAL,10.0,PEAK,GOOD
2026-01-03 18:15:00,HVAC_01,HVAC System,40.964,10.241,408.6,65.77,48.35,1.615,974.3,3073.74,1130.81,1200.0,RUNNING_OPTIMAL,0,NORMAL,10.0,PEAK,GOOD
2026-01-03 18:15:00,MOTOR_01,Spinning Motor,33.595,8.3988,406.9,54.17,62.13,1.899,1489.8,2828.68,43.3,48.0,RUNNING_OPTIMAL,0,NORMAL,10.0,PEAK,GOOD
2026-01-03 18:15:00,PUMP_01,Water Pump,13.595,3.3988,406.7,21.93,53.38,1.439,1454.4,2671.45,23.49,28.0,RUNNING_OPTIMAL,0,NORMAL,10.0,PEAK,GOOD
2026-01-03 18:30:00,COMPRESSOR_01,Air Compressor,29.858,7.4645,405.8,48.27,76.45,2.369,2949.3,2752.77,187.5,210.0,RUNNING_OPTIMAL,0,NORMAL,10.0,PEAK,GOOD
2026-01-03 18:30:00,HVAC_01,HVAC System,35.271,8.8178,405.1,57.12,46.78,1.841,978.5,3073.99,1041.98,1200.0,RUNNING_OPTIMAL,0,NORMAL,10.0,PEAK,GOOD
2026-01-03 18:30:00,MOTOR_01,Spinning Motor,38.897,9.7242,407.5,62.62,64.12,1.939,1488.9,2828.93,48.8,48.0,RUNNING_OPTIMAL,0,NORMAL,10.0,PEAK,GOOD
2026-01-03 18:30:00,PUMP_01,Water Pump,14.882,3.7205,407.5,23.96,53.89,1.603,1446.1,2671.7,25.27,28.0,RUNNING_OPTIMAL,0,NORMAL,10.0,PEAK,GOOD
2026-01-03 18:45:00,COMPRESSOR_01,Air Compressor,29.394,7.3485,406.9,47.39,75.35,2.379,2956.1,2753.02,181.91,210.0,RUNNING_OPTIMAL,0,NORMAL,10.0,PEAK,GOOD
2026-01-03 18:45:00,HVAC_01,HVAC System,36.831,9.2078,409.8,58.97,46.91,1.769,987.0,3074.24,1089.93,1200.0,RUNNING_OPTIMAL,0,NORMAL,10.0,PEAK,GOOD
2026-01-03 18:45:00,MOTOR_01,Spinning Motor,36.73,9.1825,408.7,58.96,64.43,1.998,1477.0,2829.18,43.62,48.0,RUNNING_OPTIMAL,0,NORMAL,10.0,PEAK,GOOD
2026-01-03 18:45:00,PUMP_01,Water Pump,15.134,3.7835,405.5,24.49,54.44,1.458,1460.4,2671.95,28.28,28.0,RUNNING_OPTIMAL,0,NORMAL,10.0,PEAK,GOOD
2026-01-03 19:00:00,COMPRESSOR_01,Air Compressor,28.169,7.0422,407.4,45.36,75.0,2.309,2956.4,2753.27,184.57,210.0,RUNNING_OPTIMAL,0,NORMAL,10.0,PEAK,GOOD
2026-01-03 19:00:00,HVAC_01,HVAC System,38.855,9.7137,411.8,61.9,45.4,1.617,977.7,3074.49,1099.13,1200.0,RUNNING_OPTIMAL,0,NORMAL,10.0,PEAK,GOOD
2026-01-03 19:00:00,MOTOR_01,Spinning Motor,32.304,8.076,407.0,52.07,61.78,1.825,1486.8,2829.43,39.11,48.0,RUNNING_OPTIMAL,0,NORMAL,10.0,PEAK,GOOD
2026-01-03 19:00:00,PUMP_01,Water Pump,14.19,3.5475,408.5,22.79,51.75,1.43,1450.6,2672.2,23.97,28.0,RUNNING_OPTIMAL,0,NORMAL,10.0,PEAK,GOOD
2026-01-03 19:15:00,COMPRESSOR_01,Air Compressor,32.339,8.0848,414.7,51.16,76.59,2.259,2943.8,2753.52,203.41,210.0,RUNNING_OPTIMAL,0,NORMAL,10.0,PEAK,GOOD
2026-01-03 19:15:00,HVAC_01,HVAC System,37.051,9.2628,403.4,60.26,46.26,1.696,980.4,3074.74,1043.59,1200.0,RUNNING_OPTIMAL,0,NORMAL,10.0,PEAK,GOOD
2026-01-03 19:15:00,MOTOR_01,Spinning Motor,35.151,8.7878,405.8,56.83,62.51,1.885,1489.2,2829.68,41.87,48.0,RUNNING_OPTIMAL,0,NORMAL,10.0,PEAK,GOOD
2026-01-03 19:15:00,PUMP_01,Water Pump,14.82,3.705,407.7,23.85,52.82,1.43,1451.1,2672.45,24.61,28.0,RUNNING_OPTIMAL,0,NORMAL,10.0,PEAK,GOOD
2026-01-03 19:30:00,COMPRESSOR_01,Air Compressor,31.539,7.8848,407.0,50.84,76.78,2.415,2950.3,2753.77,202.6,210.0,RUNNING_OPTIMAL,0,NORMAL,10.0,PEAK,GOOD
2026-01-03 19:30:00,HVAC_01,HVAC System,39.909,9.9772,404.3,64.76,45.58,1.693,982.0,3074.99,1126.7,1200.0,RUNNING_OPTIMAL,0,NORMAL,10.0,PEAK,GOOD
2026-01-03 19:30:00,MOTOR_01,Spinning Motor,35.785,8.9462,411.2,57.1,63.84,1.939,1487.7,2829.93,43.9,48.0,RUNNING_OPTIMAL,0,NORMAL,10.0,PEAK,GOOD
2026-01-03 19:30:00,PUMP_01,Water Pump,15.395,3.8488,408.4,24.73,52.19,1.564,1448.5,2672.7,26.9,28.0,RUNNING_OPTIMAL,0,NORMAL,10.0,PEAK,GOOD
2026-01-03 19:45:00,COMPRESSOR_01,Air Compressor,29.808,7.452,408.0,47.93,75.85,2.352,2956.9,2754.02,189.89,210.0,RUNNING_OPTIMAL,0,NORMAL,10.0,PEAK,GOOD
2026-01-03 19:45:00,HVAC_01,HVAC System,36.507,9.1268,413.0,57.99,46.12,1.668,982.1,3075.24,1067.92,1200.0,RUNNING_OPTIMAL,0,NORMAL,10.0,PEAK,GOOD
2026-01-03 19:45:00,MOTOR_01,Spinning Motor,35.222,8.8055,408.8,56.53,62.14,1.875,1490.0,2830.18,39.67,48.0,RUNNING_OPTIMAL,0,NORMAL,10.0,PEAK,GOOD
2026-01-03 19:45:00,PUMP_01,Water Pump,15.251,3.8128,402.9,24.83,53.93,1.569,1450.0,2672.95,27.66,28.0,RUNNING_OPTIMAL,0,NORMAL,10.0,PEAK,GOOD
2026-01-03 20:00:00,COMPRESSOR_01,Air Compressor,32.391,8.0978,409.5,51.9,75.7,2.346,2945.8,2754.27,195.62,210.0,RUNNING_OPTIMAL,0,NORMAL,10.0,PEAK,GOOD
2026-01-03 20:00:00,HVAC_01,HVAC System,41.216,10.304,405.7,66.65,44.95,1.638,981.3,3075.49,1153.01,1200.0,RUNNING_OPTIMAL,0,NORMAL,10.0,PEAK,GOOD
2026-01-03 20:00:00,MOTOR_01,Spinning Motor,34.887,8.7218,408.6,56.02,61.55,1.9,1487.3,2830.43,40.49,48.0,RUNNING_OPTIMAL,0,NORMAL,10.0,PEAK,GOOD
2026-01-03 20:00:00,PUMP_01,Water Pump,14.402,3.6005,409.5,23.07,51.37,1.536,1444.0,2673.2,25.36,28.0,RUNNING_OPTIMAL,0,NORMAL,10.0,PEAK,GOOD
2026-01-03 20:15:00,COMPRESSOR_01,Air Compressor,31.458,7.8645,409.1,50.45,74.65,2.285,2949.7,2754.52,196.28,210.0,RUNNING_OPTIMAL,0,NORMAL,10.0,PEAK,GOOD
2026-01-03 20:15:00,HVAC_01,HVAC System,37.958,9.4895,406.2,61.31,43.88,1.733,981.0,3075.74,1080.43,1200.0,RUNNING_OPTIMAL,0,NORMAL,10.0,PEAK,GOOD
2026-01-03 20:15:00,MOTOR_01,Spinning Motor,37.124,9.281,405.0,60.14,60.51,1.876,1494.2,2830.68,45.5,48.0,RUNNING_OPTIMAL,0,NORMAL,10.0,PEAK,GOOD
2026-01-03 20:15:00,PUMP_01,Water Pump,14.25,3.5625,411.5,22.72,50.79,1.421,1449.6,2673.45,25.56,28.0,RUNNING_OPTIMAL,0,NORMAL,10.0,PEAK,GOOD
2026-01-03 20:30:00,COMPRESSOR_01,Air Compressor,30.4,7.6,405.7,49.16,73.48,2.489,2953.4,2754.77,192.47,210.0,RUNNING_OPTIMAL,0,NORMAL,10.0,PEAK,GOOD
2026-01-03 20:30:00,HVAC_01,HVAC System,39.484,9.871,410.4,63.12,44.62,1.699,986.8,3075.99,1134.58,1200.0,RUNNING_OPTIMAL,0,NORMAL,10.0,PEAK,GOOD
2026-01-03 20:30:00,MOTOR_01,Spinning Motor,37.384,9.346,408.5,60.04,61.92,1.883,1486.0,2830.93,43.01,48.0,RUNNING_OPTIMAL,0,NORMAL,10.0,PEAK,GOOD
2026-01-03 20:30:00,PUMP_01,Water Pump,14.644,3.661,406.3,23.65,52.82,1.428,1446.7,2673.7,27.75,28.0,RUNNING_OPTIMAL,0,NORMAL,10.0,PEAK,GOOD
2026-01-03 20:45:00,COMPRESSOR_01,Air Compressor,31.944,7.986,407.6,51.42,75.14,2.381,2956.4,2755.02,193.21,210.0,RUNNING_OPTIMAL,0,NORMAL,10.0,PEAK,GOOD
2026-01-03 20:45:00,HVAC_01,HVAC System,42.001,10.5002,406.0,67.87,44.8,1.706,979.5,3076.24,1179.94,1200.0,RUNNING_OPTIMAL,0,NORMAL,10.0,PEAK,GOOD
2026-01-03 20:45:00,MOTOR_01,Spinning Motor,36.735,9.1838,405.0,59.51,61.18,1.916,1488.2,2831.18,45.17,48.0,RUNNING_OPTIMAL,0,NORMAL,10.0,PEAK,GOOD
2026-01-03 20:45:00,PUMP_01,Water Pump,15.396,3.849,405.6,24.9,50.83,1.581,1450.8,2673.95,27.54,28.0,RUNNING_OPTIMAL,0,NORMAL,10.0,PEAK,GOOD
2026-01-03 21:00:00,COMPRESSOR_01,Air Compressor,15.882,3.9705,412.3,25.27,67.25,1.621,2958.1,2755.27,0.0,42.0,IDLE_UNLOADED,0,NORMAL,10.0,PEAK,GOOD
2026-01-03 21:00:00,HVAC_01,HVAC System,14.891,3.7228,408.6,23.91,36.67,1.21,982.5,3076.49,0.0,240.0,IDLE_UNLOADED,0,NORMAL,10.0,PEAK,GOOD
2026-01-03 21:00:00,MOTOR_01,Spinning Motor,11.519,2.8798,409.9,18.44,55.11,1.319,1492.5,2831.43,0.0,9.6,IDLE_UNLOADED,0,NORMAL,10.0,PEAK,GOOD
2026-01-03 21:00:00,PUMP_01,Water Pump,4.061,1.0152,407.6,6.54,43.53,1.033,1447.9,2674.2,0.0,5.6,IDLE_UNLOADED,0,NORMAL,10.0,PEAK,GOOD
2026-01-03 21:15:00,COMPRESSOR_01,Air Compressor,15.772,3.943,405.9,25.49,68.11,1.608,2949.6,2755.52,0.0,42.0,IDLE_UNLOADED,0,NORMAL,10.0,PEAK,GOOD
2026-01-03 21:15:00,HVAC_01,HVAC System,15.206,3.8015,413.5,24.13,36.12,1.167,980.0,3076.74,0.0,240.0,IDLE_UNLOADED,0,NORMAL,10.0,PEAK,GOOD
2026-01-03 21:15:00,MOTOR_01,Spinning Motor,11.398,2.8495,408.8,18.29,55.25,1.291,1490.0,2831.68,0.0,9.6,IDLE_UNLOADED,0,NORMAL,10.0,PEAK,GOOD
2026-01-03 21:15:00,PUMP_01,Water Pump,4.022,1.0055,410.6,6.43,44.92,0.953,1458.1,2674.45,0.0,5.6,IDLE_UNLOADED,0,NORMAL,10.0,PEAK,GOOD
2026-01-03 21:30:00,COMPRESSOR_01,Air Compressor,33.317,8.3292,410.9,53.2,75.06,2.47,2949.5,2755.77,208.09,210.0,RUNNING_OPTIMAL,0,NORMAL,10.0,PEAK,GOOD
2026-01-03 21:30:00,HVAC_01,HVAC System,39.599,9.8997,403.9,64.32,41.65,1.724,982.4,3076.99,1130.66,1200.0,RUNNING_OPTIMAL,0,NORMAL,10.0,PEAK,GOOD
2026-01-03 21:30:00,MOTOR_01,Spinning Motor,36.888,9.222,407.2,59.43,59.85,1.961,1482.4,2831.93,46.8,48.0,RUNNING_OPTIMAL,0,NORMAL,10.0,PEAK,GOOD
2026-01-03 21:30:00,PUMP_01,Water Pump,14.079,3.5198,408.8,22.6,50.33,1.475,1444.2,2674.7,24.57,28.0,RUNNING_OPTIMAL,0,NORMAL,10.0,PEAK,GOOD
2026-01-03 21:45:00,COMPRESSOR_01,Air Compressor,30.79,7.6975,408.5,49.45,73.01,2.308,2948.7,2756.02,192.87,210.0,RUNNING_OPTIMAL,0,NORMAL,10.0,PEAK,GOOD
2026-01-03 21:45:00,HVAC_01,HVAC System,38.587,9.6468,411.7,61.49,42.9,1.77,977.8,3077.24,1097.13,1200.0,RUNNING_OPTIMAL,0,NORMAL,10.0,PEAK,GOOD
2026-01-03 21:45:00,MOTOR_01,Spinning Motor,36.638,9.1595,405.3,59.31,60.62,1.856,1482.6,2832.18,43.0,48.0,RUNNING_OPTIMAL,0,NORMAL,10.0,PEAK,GOOD
2026-01-03 21:45:00,PUMP_01,Water Pump,14.694,3.6735,407.3,23.67,50.0,1.367,1450.3,2674.95,25.26,28.0,RUNNING_OPTIMAL,0,NORMAL,10.0,PEAK,GOOD
2026-01-03 22:00:00,COMPRESSOR_01,Air Compressor,31.195,7.7988,411.9,49.69,72.65,2.331,2949.2,2756.27,203.84,210.0,RUNNING_OPTIMAL,0,NORMAL,5.5,OFF_PEAK,GOOD
2026-01-03 22:00:00,HVAC_01,HVAC System,40.915,10.2288,408.9,65.65,40.69,1.639,976.5,3077.49,1154.51,1200.0,RUNNING_OPTIMAL,0,NORMAL,5.5,OFF_PEAK,GOOD
2026-01-03 22:00:00,MOTOR_01,Spinning Motor,38.254,9.5635,407.1,61.65,59.88,2.02,1485.5,2832.43,45.51,48.0,RUNNING_OPTIMAL,0,NORMAL,5.5,OFF_PEAK,GOOD
2026-01-03 22:00:00,PUMP_01,Water Pump,13.721,3.4302,412.4,21.83,49.79,1.668,1447.9,2675.2,25.6,28.0,RUNNING_OPTIMAL,0,NORMAL,5.5,OFF_PEAK,GOOD
2026-01-03 22:15:00,COMPRESSOR_01,Air Compressor,33.053,8.2632,407.1,53.27,72.75,2.396,2953.6,2756.52,205.28,210.0,RUNNING_OPTIMAL,0,NORMAL,5.5,OFF_PEAK,GOOD
2026-01-03 22:15:00,HVAC_01,HVAC System,41.187,10.2968,407.0,66.39,43.01,1.638,984.4,3077.74,1150.14,1200.0,RUNNING_OPTIMAL,0,NORMAL,5.5,OFF_PEAK,GOOD
2026-01-03 22:15:00,MOTOR_01,Spinning Motor,38.665,9.6662,410.5,61.8,59.46,1.815,1481.2,2832.68,48.11,48.0,RUNNING_OPTIMAL,0,NORMAL,5.5,OFF_PEAK,GOOD
2026-01-03 22:15:00,PUMP_01,Water Pump,14.168,3.542,409.4,22.7,47.69,1.496,1448.3,2675.45,25.09,28.0,RUNNING_OPTIMAL,0,NORMAL,5.5,OFF_PEAK,GOOD
2026-01-03 22:30:00,COMPRESSOR_01,Air Compressor,32.171,8.0428,411.3,51.32,71.96,2.432,2942.3,2756.77,193.95,210.0,RUNNING_OPTIMAL,0,NORMAL,5.5,OFF_PEAK,GOOD
2026-01-03 22:30:00,HVAC_01,HVAC System,41.465,10.3663,406.9,66.86,43.15,1.737,980.6,3077.99,1203.28,1200.0,RUNNING_OPTIMAL,0,NORMAL,5.5,OFF_PEAK,GOOD
2026-01-03 22:30:00,MOTOR_01,Spinning Motor,37.307,9.3268,410.3,59.65,60.67,1.841,1488.9,2832.93,44.45,48.0,RUNNING_OPTIMAL,0,NORMAL,5.5,OFF_PEAK,GOOD
2026-01-03 22:30:00,PUMP_01,Water Pump,14.85,3.7125,414.6,23.5,49.72,1.468,1452.0,2675.7,25.89,28.0,RUNNING_OPTIMAL,0,NORMAL,5.5,OFF_PEAK,GOOD
2026-01-03 22:45:00,COMPRESSOR_01,Air Compressor,31.542,7.8855,409.7,50.51,73.03,2.459,2948.5,2757.02,197.77,210.0,RUNNING_OPTIMAL,0,NORMAL,5.5,OFF_PEAK,GOOD
2026-01-03 22:45:00,HVAC_01,HVAC System,40.697,10.1742,415.5,64.26,43.13,1.71,982.2,3078.24,1160.56,1200.0,RUNNING_OPTIMAL,0,NORMAL,5.5,OFF_PEAK,GOOD
2026-01-03 22:45:00,MOTOR_01,Spinning Motor,39.381,9.8452,408.4,63.26,57.46,1.97,1482.6,2833.18,46.54,48.0,RUNNING_OPTIMAL,0,NORMAL,5.5,OFF_PEAK,GOOD
2026-01-03 22:45:00,PUMP_01,Water Pump,15.195,3.7988,406.2,24.54,49.32,1.468,1454.0,2675.95,25.4,28.0,RUNNING_OPTIMAL,0,NORMAL,5.5,OFF_PEAK,GOOD
2026-01-03 23:00:00,COMPRESSOR_01,Air Compressor,32.848,8.212,409.6,52.61,70.97,2.397,2945.7,2757.27,204.87,210.0,RUNNING_OPTIMAL,0,NORMAL,5.5,OFF_PEAK,GOOD
2026-01-03 23:00:00,HVAC_01,HVAC System,40.163,10.0407,419.0,62.89,40.79,1.743,983.6,3078.49,1156.4,1200.0,RUNNING_OPTIMAL,0,NORMAL,5.5,OFF_PEAK,GOOD
2026-01-03 23:00:00,MOTOR_01,Spinning Motor,38.529,9.6323,415.3,60.87,58.94,2.027,1485.1,2833.43,45.83,48.0,RUNNING_OPTIMAL,0,NORMAL,5.5,OFF_PEAK,GOOD
2026-01-03 23:00:00,PUMP_01,Water Pump,16.642,4.1605,415.1,26.3,48.54,1.418,1448.8,2676.2,27.54,28.0,RUNNING_OPTIMAL,0,NORMAL,5.5,OFF_PEAK,GOOD
2026-01-03 23:15:00,COMPRESSOR_01,Air Compressor,37.024,9.256,413.2,58.79,73.37,2.391,2942.6,2757.52,229.61,210.0,RUNNING_OPTIMAL,0,NORMAL,5.5,OFF_PEAK,GOOD
2026-01-03 23:15:00,HVAC_01,HVAC System,43.84,10.96,413.2,69.61,41.54,1.748,981.2,3078.74,1222.95,1200.0,RUNNING_OPTIMAL,0,NORMAL,5.5,OFF_PEAK,GOOD
2026-01-03 23:15:00,MOTOR_01,Spinning Motor,40.661,10.1652,408.8,65.26,59.25,1.949,1480.0,2833.68,49.83,48.0,RUNNING_OPTIMAL,0,NORMAL,5.5,OFF_PEAK,GOOD
2026-01-03 23:15:00,PUMP_01,Water Pump,17.171,4.2928,414.0,27.21,49.49,1.562,1443.0,2676.45,27.93,28.0,RUNNING_OPTIMAL,0,NORMAL,5.5,OFF_PEAK,GOOD
2026-01-03 23:30:00,COMPRESSOR_01,Air Compressor,31.366,7.8415,412.8,49.85,70.88,2.248,2957.4,2757.77,203.99,210.0,RUNNING_OPTIMAL,0,NORMAL,5.5,OFF_PEAK,GOOD
2026-01-03 23:30:00,HVAC_01,HVAC System,40.893,10.2232,410.3,65.39,41.93,1.55,977.9,3078.99,1157.14,1200.0,RUNNING_OPTIMAL,0,NORMAL,5.5,OFF_PEAK,GOOD
2026-01-03 23:30:00,MOTOR_01,Spinning Motor,37.553,9.3882,415.0,59.37,58.11,1.854,1481.2,2833.93,47.1,48.0,RUNNING_OPTIMAL,0,NORMAL,5.5,OFF_PEAK,GOOD
2026-01-03 23:30:00,PUMP_01,Water Pump,15.195,3.7988,417.4,23.88,49.14,1.606,1445.7,2676.7,29.2,28.0,RUNNING_OPTIMAL,0,NORMAL,5.5,OFF_PEAK,GOOD
2026-01-03 23:45:00,COMPRESSOR_01,Air Compressor,34.233,8.5582,414.4,54.2,71.61,2.371,2951.5,2758.02,210.47,210.0,RUNNING_OPTIMAL,0,NORMAL,5.5,OFF_PEAK,GOOD
2026-01-03 23:45:00,HVAC_01,HVAC System,42.267,10.5668,419.0,66.18,41.93,1.716,987.9,3079.24,1188.72,1200.0,RUNNING_OPTIMAL,0,NORMAL,5.5,OFF_PEAK,GOOD
2026-01-03 23:45:00,MOTOR_01,Spinning Motor,39.235,9.8088,410.1,62.77,57.65,1.996,1480.7,2834.18,47.15,48.0,RUNNING_OPTIMAL,0,NORMAL,5.5,OFF_PEAK,GOOD
2026-01-03 23:45:00,PUMP_01,Water Pump,14.575,3.6438,413.7,23.11,47.54,1.318,1446.9,2676.95,26.92,28.0,RUNNING_OPTIMAL,0,NORMAL,5.5,OFF_PEAK,GOOD
2026-01-04 00:00:00,COMPRESSOR_01,Air Compressor,33.411,8.3528,417.4,52.52,70.38,2.286,2949.2,2758.27,198.81,210.0,RUNNING_OPTIMAL,0,NORMAL,5.5,OFF_PEAK,GOOD
2026-01-04 00:00:00,HVAC_01,HVAC System,42.408,10.602,415.8,66.91,40.9,1.87,979.2,3079.49,1191.33,1200.0,RUNNING_OPTIMAL,0,NORMAL,5.5,OFF_PEAK,GOOD
2026-01-04 00:00:00,MOTOR_01,Spinning Motor,40.195,10.0488,413.6,63.76,58.72,2.097,1480.4,2834.43,50.85,48.0,RUNNING_OPTIMAL,0,NORMAL,5.5,OFF_PEAK,GOOD
2026-01-04 00:00:00,PUMP_01,Water Pump,16.673,4.1682,411.7,26.57,47.31,1.582,1448.4,2677.2,31.28,28.0,RUNNING_OPTIMAL,0,NORMAL,5.5,OFF_PEAK,GOOD
2026-01-04 00:15:00,COMPRESSOR_01,Air Compressor,32.877,8.2192,413.0,52.23,70.28,2.371,2955.7,2758.52,198.89,210.0,RUNNING_OPTIMAL,0,NORMAL,5.5,OFF_PEAK,GOOD
2026-01-04 00:15:00,HVAC_01,HVAC System,44.145,11.0363,410.1,70.62,41.99,1.742,980.7,3079.74,1249.8,1200.0,RUNNING_OPTIMAL,0,NORMAL,5.5,OFF_PEAK,GOOD
2026-01-04 00:15:00,MOTOR_01,Spinning Motor,40.452,10.113,412.6,64.32,58.79,2.021,1477.2,2834.68,49.89,48.0,RUNNING_OPTIMAL,0,NORMAL,5.5,OFF_PEAK,GOOD
2026-01-04 00:15:00,PUMP_01,Water Pump,15.572,3.893,415.7,24.58,48.02,1.679,1447.6,2677.45,28.05,28.0,RUNNING_OPTIMAL,0,NORMAL,5.5,OFF_PEAK,GOOD
2026-01-04 00:30:00,COMPRESSOR_01,Air Compressor,33.264,8.316,414.0,52.71,72.62,2.275,2942.2,2758.77,211.31,210.0,RUNNING_OPTIMAL,0,NORMAL,5.5,OFF_PEAK,GOOD
2026-01-04 00:30:00,HVAC_01,HVAC System,41.146,10.2865,414.5,65.13,40.72,1.805,979.2,3079.99,1204.95,1200.0,RUNNING_OPTIMAL,0,NORMAL,5.5,OFF_PEAK,GOOD
2026-01-04 00:30:00,MOTOR_01,Spinning Motor,36.608,9.152,417.3,57.56,57.9,1.977,1490.5,2834.93,44.13,48.0,RUNNING_OPTIMAL,0,NORMAL,5.5,OFF_PEAK,GOOD
2026-01-04 00:30:00,PUMP_01,Water Pump,14.558,3.6395,411.0,23.24,47.69,1.664,1454.2,2677.7,27.07,28.0,RUNNING_OPTIMAL,0,NORMAL,5.5,OFF_PEAK,GOOD
2026-01-04 00:45:00,COMPRESSOR_01,Air Compressor,33.261,8.3152,415.2,52.56,70.99,2.466,2949.8,2759.02,214.66,210.0,RUNNING_OPTIMAL,0,NORMAL,5.5,OFF_PEAK,GOOD
2026-01-04 00:45:00,HVAC_01,HVAC System,42.477,10.6192,417.7,66.72,42.31,1.697,975.2,3080.24,1240.47,1200.0,RUNNING_OPTIMAL,0,NORMAL,5.5,OFF_PEAK,GOOD
2026-01-04 00:45:00,MOTOR_01,Spinning Motor,39.571,9.8928,417.3,62.21,58.26,1.828,1482.3,2835.18,45.84,48.0,RUNNING_OPTIMAL,0,NORMAL,5.5,OFF_PEAK,GOOD
2026-01-04 00:45:00,PUMP_01,Water Pump,15.548,3.887,418.0,24.4,48.03,1.595,1443.7,2677.95,28.51,28.0,RUNNING_OPTIMAL,0,NORMAL,5.5,OFF_PEAK,GOOD
2026-01-04 01:00:00,COMPRESSOR_01,Air Compressor,34.931,8.7328,418.7,54.73,70.98,2.359,2946.7,2759.27,216.39,210.0,RUNNING_OPTIMAL,0,NORMAL,5.5,OFF_PEAK,GOOD
2026-01-04 01:00:00,HVAC_01,HVAC System,44.333,11.0832,416.1,69.9,41.92,1.859,985.2,3080.49,1258.15,1200.0,RUNNING_OPTIMAL,0,NORMAL,5.5,OFF_PEAK,GOOD
2026-01-04 01:00:00,MOTOR_01,Spinning Motor,41.457,10.3642,420.7,64.65,57.95,1.987,1473.4,2835.43,49.52,48.0,RUNNING_OPTIMAL,0,NORMAL,5.5,OFF_PEAK,GOOD
2026-01-04 01:00:00,PUMP_01,Water Pump,18.109,4.5273,421.7,28.17,48.9,1.461,1453.0,2678.2,30.44,28.0,RUNNING_OPTIMAL,0,NORMAL,5.5,OFF_PEAK,GOOD
2026-01-04 01:15:00,COMPRESSOR_01,Air Compressor,35.605,8.9012,416.9,56.03,71.25,2.299,2945.2,2759.52,221.48,210.0,RUNNING_OPTIMAL,0,NORMAL,5.5,OFF_PEAK,GOOD
2026-01-04 01:15:00,HVAC_01,HVAC System,41.808,10.452,414.9,66.11,40.08,1.765,982.1,3080.74,1175.93,1200.0,RUNNING_OPTIMAL,0,NORMAL,5.5,OFF_PEAK,GOOD
2026-01-04 01:15:00,MOTOR_01,Spinning Motor,40.814,10.2035,417.2,64.18,57.06,1.959,1486.6,2835.68,50.61,48.0,RUNNING_OPTIMAL,0,NORMAL,5.5,OFF_PEAK,GOOD
2026-01-04 01:15:00,PUMP_01,Water Pump,15.912,3.978,416.7,25.05,48.53,1.46,1444.8,2678.45,28.95,28.0,RUNNING_OPTIMAL,0,NORMAL,5.5,OFF_PEAK,GOOD
2026-01-04 01:30:00,COMPRESSOR_01,Air Compressor,34.436,8.609,412.0,54.84,70.71,2.362,2946.6,2759.77,224.24,210.0,RUNNING_OPTIMAL,0,NORMAL,5.5,OFF_PEAK,GOOD
2026-01-04 01:30:00,HVAC_01,HVAC System,41.522,10.3805,413.5,65.88,39.59,1.802,982.9,3080.99,1183.1,1200.0,RUNNING_OPTIMAL,0,NORMAL,5.5,OFF_PEAK,GOOD
2026-01-04 01:30:00,MOTOR_01,Spinning Motor,40.426,10.1065,414.5,63.99,58.66,1.862,1484.7,2835.93,48.4,48.0,RUNNING_OPTIMAL,0,NORMAL,5.5,OFF_PEAK,GOOD
2026-01-04 01:30:00,PUMP_01,Water Pump,16.665,4.1662,415.2,26.33,46.98,1.507,1451.1,2678.7,28.51,28.0,RUNNING_OPTIMAL,0,NORMAL,5.5,OFF_PEAK,GOOD
2026-01-04 01:45:00,COMPRESSOR_01,Air Compressor,33.894,8.4735,417.1,53.31,71.65,2.498,2950.5,2760.02,207.54,210.0,RUNNING_OPTIMAL,0,NORMAL,5.5,OFF_PEAK,GOOD
2026-01-04 01:45:00,HVAC_01,HVAC System,39.769,9.9422,416.6,62.63,38.86,1.662,979.8,3081.24,1122.0,1200.0,RUNNING_OPTIMAL,0,NORMAL,5.5,OFF_PEAK,GOOD
2026-01-04 01:45:00,MOTOR_01,Spinning Motor,41.688,10.422,415.5,65.83,58.45,2.037,1480.6,2836.18,52.07,48.0,RUNNING_OPTIMAL,0,NORMAL,5.5,OFF_PEAK,GOOD
2026-01-04 01:45:00,PUMP_01,Water Pump,16.01,4.0025,418.8,25.08,48.07,1.531,1450.9,2678.95,28.0,28.0,RUNNING_OPTIMAL,0,NORMAL,5.5,OFF_PEAK,GOOD
2026-01-04 02:00:00,COMPRESSOR_01,Air Compressor,33.356,8.339,419.2,52.2,71.62,2.5,2938.5,2760.27,211.44,210.0,RUNNING_OPTIMAL,0,NORMAL,5.5,OFF_PEAK,GOOD
2026-01-04 02:00:00,HVAC_01,HVAC System,43.12,10.78,417.4,67.78,40.26,1.67,976.5,3081.49,1237.02,1200.0,RUNNING_OPTIMAL,0,NORMAL,5.5,OFF_PEAK,GOOD
2026-01-04 02:00:00,MOTOR_01,Spinning Motor,39.165,9.7912,418.6,61.38,56.42,2.038,1488.8,2836.43,47.5,48.0,RUNNING_OPTIMAL,0,NORMAL,5.5,OFF_PEAK,GOOD
2026-01-04 02:00:00,PUMP_01,Water Pump,15.375,3.8438,415.5,24.28,48.33,1.411,1451.1,2679.2,25.89,28.0,RUNNING_OPTIMAL,0,NORMAL,5.5,OFF_PEAK,GOOD
2026-01-04 02:15:00,COMPRESSOR_01,Air Compressor,32.461,8.1152,418.2,50.93,70.27,2.341,2946.7,2760.52,212.94,210.0,RUNNING_OPTIMAL,0,NORMAL,5.5,OFF_PEAK,GOOD
2026-01-04 02:15:00,HVAC_01,HVAC System,43.23,10.8075,423.3,67.0,40.45,1.729,984.2,3081.74,1209.87,1200.0,RUNNING_OPTIMAL,0,NORMAL,5.5,OFF_PEAK,GOOD
2026-01-04 02:15:00,MOTOR_01,Spinning Motor,41.196,10.299,418.6,64.57,57.13,1.909,1490.8,2836.68,48.83,48.0,RUNNING_OPTIMAL,0,NORMAL,5.5,OFF_PEAK,GOOD
2026-01-04 02:15:00,PUMP_01,Water Pump,15.899,3.9748,420.0,24.84,47.8,1.563,1445.1,2679.45,29.14,28.0,RUNNING_OPTIMAL,0,NORMAL,5.5,OFF_PEAK,GOOD
2026-01-04 02:30:00,COMPRESSOR_01,Air Compressor,35.736,8.934,422.2,55.53,70.47,2.395,2947.8,2760.77,221.42,210.0,RUNNING_OPTIMAL,0,NORMAL,5.5,OFF_PEAK,GOOD
2026-01-04 02:30:00,HVAC_01,HVAC System,43.507,10.8768,417.0,68.45,40.87,1.693,980.1,3081.99,1248.41,1200.0,RUNNING_OPTIMAL,0,NORMAL,5.5,OFF_PEAK,GOOD
2026-01-04 02:30:00,MOTOR_01,Spinning Motor,44.19,11.0475,417.7,69.41,58.7,2.088,1476.9,2836.93,51.86,48.0,RUNNING_OPTIMAL,0,NORMAL,5.5,OFF_PEAK,GOOD
2026-01-04 02:30:00,PUMP_01,Water Pump,15.674,3.9185,423.0,24.31,47.18,1.455,1449.3,2679.7,27.28,28.0,RUNNING_OPTIMAL,0,NORMAL,5.5,OFF_PEAK,GOOD
2026-01-04 02:45:00,COMPRESSOR_01,Air Compressor,36.014,9.0035,415.3,56.89,71.8,2.36,2944.1,2761.02,230.37,210.0,RUNNING_OPTIMAL,0,NORMAL,5.5,OFF_PEAK,GOOD
2026-01-04 02:45:00,HVAC_01,HVAC System,46.594,11.6485,420.4,72.71,41.92,1.939,973.7,3082.24,1357.86,1200.0,RUNNING_OPTIMAL,0,NORMAL,5.5,OFF_PEAK,GOOD
2026-01-04 02:45:00,MOTOR_01,Spinning Motor,39.381,9.8452,423.3,61.04,57.71,2.067,1478.1,2837.18,48.62,48.0,RUNNING_OPTIMAL,0,NORMAL,5.5,OFF_PEAK,GOOD
2026-01-04 02:45:00,PUMP_01,Water Pump,16.104,4.026,424.4,24.9,46.34,1.489,1454.3,2679.95,27.99,28.0,RUNNING_OPTIMAL,0,NORMAL,5.5,OFF_PEAK,GOOD
2026-01-04 03:00:00,COMPRESSOR_01,Air Compressor,35.233,8.8082,418.0,55.3,70.9,2.385,2947.8,2761.27,228.43,210.0,RUNNING_OPTIMAL,0,NORMAL,5.5,OFF_PEAK,GOOD
2026-01-04 03:00:00,HVAC_01,HVAC System,45.13,11.2825,423.0,70.0,40.52,1.925,978.2,3082.49,1263.42,1200.0,RUNNING_OPTIMAL,0,NORMAL,5.5,OFF_PEAK,GOOD
2026-01-04 03:00:00,MOTOR_01,Spinning Motor,39.32,9.83,417.4,61.8,57.35,1.805,1480.1,2837.43,49.12,48.0,RUNNING_OPTIMAL,0,NORMAL,5.5,OFF_PEAK,GOOD
2026-01-04 03:00:00,PUMP_01,Water Pump,15.93,3.9825,416.8,25.08,48.14,1.528,1449.4,2680.2,27.45,28.0,RUNNING_OPTIMAL,0,NORMAL,5.5,OFF_PEAK,GOOD
2026-01-04 03:15:00,COMPRESSOR_01,Air Compressor,33.953,8.4883,420.2,53.01,71.09,2.311,2948.3,2761.52,214.83,210.0,RUNNING_OPTIMAL,0,NORMAL,5.5,OFF_PEAK,GOOD
2026-01-04 03:15:00,HVAC_01,HVAC System,45.38,11.345,418.8,71.09,41.65,1.566,973.3,3082.74,1245.26,1200.0,RUNNING_OPTIMAL,0,NORMAL,5.5,OFF_PEAK,GOOD
2026-01-04 03:15:00,MOTOR_01,Spinning Motor,42.581,10.6453,423.8,65.92,58.37,1.974,1482.0,2837.68,50.25,48.0,RUNNING_OPTIMAL,0,NORMAL,5.5,OFF_PEAK,GOOD
2026-01-04 03:15:00,PUMP_01,Water Pump,14.516,3.629,420.0,22.68,47.98,1.55,1453.9,2680.45,27.6,28.0,RUNNING_OPTIMAL,0,NORMAL,5.5,OFF_PEAK,GOOD
2026-01-04 03:30:00,COMPRESSOR_01,Air Compressor,38.029,9.5073,425.0,58.71,71.15,2.294,2948.4,2761.77,237.29,210.0,RUNNING_OPTIMAL,0,NORMAL,5.5,OFF_PEAK,GOOD
2026-01-04 03:30:00,HVAC_01,HVAC System,44.311,11.0778,423.0,68.73,41.54,1.744,970.2,3082.99,1278.1,1200.0,RUNNING_OPTIMAL,0,NORMAL,5.5,OFF_PEAK,GOOD
2026-01-04 03:30:00,MOTOR_01,Spinning Motor,44.563,11.1408,421.3,69.4,59.29,2.022,1475.1,2837.93,51.19,48.0,RUNNING_OPTIMAL,0,NORMAL,5.5,OFF_PEAK,GOOD
2026-01-04 03:30:00,PUMP_01,Water Pump,16.519,4.1297,422.5,25.65,46.83,1.417,1452.3,2680.7,28.71,28.0,RUNNING_OPTIMAL,0,NORMAL,5.5,OFF_PEAK,GOOD
2026-01-04 03:45:00,COMPRESSOR_01,Air Compressor,34.329,8.5822,417.2,53.99,69.66,2.439,2941.6,2762.02,218.17,210.0,RUNNING_OPTIMAL,0,NORMAL,5.5,OFF_PEAK,GOOD
2026-01-04 03:45:00,HVAC_01,HVAC System,45.657,11.4142,418.4,71.59,40.68,1.849,975.2,3083.24,1275.68,1200.0,RUNNING_OPTIMAL,0,NORMAL,5.5,OFF_PEAK,GOOD
2026-01-04 03:45:00,MOTOR_01,Spinning Motor,44.972,11.243,416.6,70.82,60.0,1.979,1477.5,2838.18,53.5,48.0,RUNNING_OPTIMAL,0,NORMAL,5.5,OFF_PEAK,GOOD
2026-01-04 03:45:00,PUMP_01,Water Pump,16.775,4.1938,423.4,25.99,48.02,1.46,1445.9,2680.95,30.63,28.0,RUNNING_OPTIMAL,0,NORMAL,5.5,OFF_PEAK,GOOD
2026-01-04 04:00:00,COMPRESSOR_01,Air Compressor,37.54,9.385,422.3,58.32,71.43,2.404,2943.4,2762.27,238.62,210.0,RUNNING_OPTIMAL,0,NORMAL,5.5,OFF_PEAK,GOOD
2026-01-04 04:00:00,HVAC_01,HVAC System,45.232,11.308,421.2,70.46,41.47,1.922,983.7,3083.49,1255.36,1200.0,RUNNING_OPTIMAL,0,NORMAL,5.5,OFF_PEAK,GOOD
2026-01-04 04:00:00,MOTOR_01,Spinning Motor,42.967,10.7418,422.4,66.74,59.12,1.891,1480.6,2838.43,51.43,48.0,RUNNING_OPTIMAL,0,NORMAL,5.5,OFF_PEAK,GOOD
2026-01-04 04:00:00,PUMP_01,Water Pump,15.322,3.8305,424.0,23.71,49.09,1.45,1448.8,2681.2,31.13,28.0,RUNNING_OPTIMAL,0,NORMAL,5.5,OFF_PEAK,GOOD
2026-01-04 04:15:00,COMPRESSOR_01,Air Compressor,35.732,8.933,418.6,56.0,72.12,2.423,2944.1,2762.52,230.16,210.0,RUNNING_OPTIMAL,0,NORMAL,5.5,OFF_PEAK,GOOD
2026-01-04 04:15:00,HVAC_01,HVAC System,45.643,11.4108,428.0,69.97,41.19,1.637,983.1,3083.74,1295.42,1200.0,RUNNING_OPTIMAL,0,NORMAL,5.5,OFF_PEAK,GOOD
2026-01-04 04:15:00,MOTOR_01,Spinning Motor,40.199,10.0498,425.2,62.03,57.94,1.946,1490.2,2838.68,49.05,48.0,RUNNING_OPTIMAL,0,NORMAL,5.5,OFF_PEAK,GOOD
2026-01-04 04:15:00,PUMP_01,Water Pump,16.049,4.0122,421.3,24.99,49.05,1.552,1445.5,2681.45,31.67,28.0,RUNNING_OPTIMAL,0,NORMAL,5.5,OFF_PEAK,GOOD
2026-01-04 04:30:00,COMPRESSOR_01,Air Compressor,34.202,8.5505,422.4,53.12,71.65,2.393,2951.4,2762.77,208.12,210.0,RUNNING_OPTIMAL,0,NORMAL,5.5,OFF_PEAK,GOOD
2026-01-04 04:30:00,HVAC_01,HVAC System,46.503,11.6258,416.7,73.22,42.71,1.804,982.4,3083.99,1332.92,1200.0,RUNNING_OPTIMAL,0,NORMAL,5.5,OFF_PEAK,GOOD
2026-01-04 04:30:00,MOTOR_01,Spinning Motor,43.029,10.7573,421.2,67.02,59.55,1.915,1482.8,2838.93,52.06,48.0,RUNNING_OPTIMAL,0,NORMAL,5.5,OFF_PEAK,GOOD
2026-01-04 04:30:00,PUMP_01,Water Pump,18.675,4.6688,416.6,29.41,48.64,1.398,1442.6,2681.7,29.98,28.0,RUNNING_OPTIMAL,0,NORMAL,5.5,OFF_PEAK,GOOD
2026-01-04 04:45:00,COMPRESSOR_01,Air Compressor,36.049,9.0122,420.9,56.19,71.92,2.409,2945.4,2763.02,226.74,210.0,RUNNING_OPTIMAL,0,NORMAL,5.5,OFF_PEAK,GOOD
2026-01-04 04:45:00,HVAC_01,HVAC System,44.713,11.1782,415.0,70.69,41.22,1.716,975.5,3084.24,1348.27,1200.0,RUNNING_OPTIMAL,0,NORMAL,5.5,OFF_PEAK,GOOD
2026-01-04 04:45:00,MOTOR_01,Spinning Motor,45.696,11.424,423.6,70.77,59.76,1.867,1482.2,2839.18,54.67,48.0,RUNNING_OPTIMAL,0,NORMAL,5.5,OFF_PEAK,GOOD
2026-01-04 04:45:00,PUMP_01,Water Pump,16.945,4.2362,416.4,26.7,48.2,1.521,1446.5,2681.95,32.64,28.0,RUNNING_OPTIMAL,0,NORMAL,5.5,OFF_PEAK,GOOD
2026-01-04 05:00:00,COMPRESSOR_01,Air Compressor,34.243,8.5608,424.7,52.9,72.97,2.38,2944.6,2763.27,218.69,210.0,RUNNING_OPTIMAL,0,NORMAL,5.5,OFF_PEAK,GOOD
2026-01-04 05:00:00,HVAC_01,HVAC System,47.916,11.979,419.5,74.94,43.5,1.869,976.4,3084.49,1311.56,1200.0,RUNNING_OPTIMAL,0,NORMAL,5.5,OFF_PEAK,GOOD
2026-01-04 05:00:00,MOTOR_01,Spinning Motor,44.655,11.1638,423.4,69.2,59.37,1.979,1480.9,2839.43,53.39,48.0,RUNNING_OPTIMAL,0,NORMAL,5.5,OFF_PEAK,GOOD
2026-01-04 05:00:00,PUMP_01,Water Pump,18.32,4.58,421.6,28.51,50.59,1.545,1446.2,2682.2,33.59,28.0,RUNNING_OPTIMAL,0,NORMAL,5.5,OFF_PEAK,GOOD
2026-01-04 05:15:00,COMPRESSOR_01,Air Compressor,35.553,8.8882,419.7,55.58,72.87,2.262,2950.7,2763.52,221.65,210.0,RUNNING_OPTIMAL,0,NORMAL,5.5,OFF_PEAK,GOOD
2026-01-04 05:15:00,HVAC_01,HVAC System,46.15,11.5375,425.9,71.09,43.01,1.735,979.3,3084.74,1270.94,1200.0,RUNNING_OPTIMAL,0,NORMAL,5.5,OFF_PEAK,GOOD
2026-01-04 05:15:00,MOTOR_01,Spinning Motor,43.956,10.989,420.2,68.63,60.49,2.145,1485.5,2839.68,52.64,48.0,RUNNING_OPTIMAL,0,NORMAL,5.5,OFF_PEAK,GOOD
2026-01-04 05:15:00,PUMP_01,Water Pump,19.456,4.864,422.7,30.2,50.55,1.472,1449.3,2682.45,32.64,28.0,RUNNING_OPTIMAL,0,NORMAL,5.5,OFF_PEAK,GOOD
2026-01-04 05:30:00,COMPRESSOR_01,Air Compressor,37.15,9.2875,423.6,57.54,72.49,2.549,2943.2,2763.77,236.49,210.0,RUNNING_OPTIMAL,0,NORMAL,5.5,OFF_PEAK,GOOD
2026-01-04 05:30:00,HVAC_01,HVAC System,46.797,11.6992,426.8,71.94,43.36,1.857,972.8,3084.99,1318.84,1200.0,RUNNING_OPTIMAL,0,NORMAL,5.5,OFF_PEAK,GOOD
2026-01-04 05:30:00,MOTOR_01,Spinning Motor,39.268,9.817,422.7,60.95,59.3,1.909,1485.4,2839.93,47.44,48.0,RUNNING_OPTIMAL,0,NORMAL,5.5,OFF_PEAK,GOOD
2026-01-04 05:30:00,PUMP_01,Water Pump,17.678,4.4195,427.6,27.12,50.73,1.427,1448.5,2682.7,29.9,28.0,RUNNING_OPTIMAL,0,NORMAL,5.5,OFF_PEAK,GOOD
2026-01-04 05:45:00,COMPRESSOR_01,Air Compressor,36.28,9.07,416.3,57.18,72.03,2.312,2940.2,2764.02,229.62,210.0,RUNNING_OPTIMAL,0,NORMAL,5.5,OFF_PEAK,GOOD
2026-01-04 05:45:00,HVAC_01,HVAC System,44.899,11.2248,426.3,69.1,43.17,1.593,982.3,3085.24,1266.86,1200.0,RUNNING_OPTIMAL,0,NORMAL,5.5,OFF_PEAK,GOOD
2026-01-04 05:45:00,MOTOR_01,Spinning Motor,44.135,11.0338,421.5,68.7,59.77,2.113,1482.1,2840.18,52.29,48.0,RUNNING_OPTIMAL,0,NORMAL,5.5,OFF_PEAK,GOOD
2026-01-04 05:45:00,PUMP_01,Water Pump,18.154,4.5385,422.2,28.21,49.25,1.37,1450.9,2682.95,30.99,28.0,RUNNING_OPTIMAL,0,NORMAL,5.5,OFF_PEAK,GOOD
2026-01-04 06:00:00,COMPRESSOR_01,Air Compressor,36.957,9.2392,421.4,57.54,74.24,2.29,2948.1,2764.27,229.6,210.0,RUNNING_OPTIMAL,0,NORMAL,7.5,NORMAL,GOOD
2026-01-04 06:00:00,HVAC_01,HVAC System,47.899,11.9748,425.3,73.89,43.93,1.767,979.7,3085.49,1329.69,1200.0,RUNNING_OPTIMAL,0,NORMAL,7.5,NORMAL,GOOD
2026-01-04 06:00:00,MOTOR_01,Spinning Motor,43.102,10.7755,420.2,67.3,61.13,1.916,1481.8,2840.43,53.65,48.0,RUNNING_OPTIMAL,0,NORMAL,7.5,NORMAL,GOOD
2026-01-04 06:00:00,PUMP_01,Water Pump,15.816,3.954,424.6,24.44,49.9,1.425,1443.3,2683.2,29.41,28.0,RUNNING_OPTIMAL,0,NORMAL,7.5,NORMAL,GOOD
2026-01-04 06:15:00,COMPRESSOR_01,Air Compressor,37.548,9.387,426.3,57.79,73.23,2.492,2946.4,2764.52,236.71,210.0,RUNNING_OPTIMAL,0,NORMAL,7.5,NORMAL,GOOD
2026-01-04 06:15:00,HVAC_01,HVAC System,44.502,11.1255,424.2,68.83,42.98,1.771,982.3,3085.74,1282.83,1200.0,RUNNING_OPTIMAL,0,NORMAL,7.5,NORMAL,GOOD
2026-01-04 06:15:00,MOTOR_01,Spinning Motor,42.007,10.5018,425.5,64.77,61.23,2.051,1473.1,2840.68,51.97,48.0,RUNNING_OPTIMAL,0,NORMAL,7.5,NORMAL,GOOD
2026-01-04 06:15:00,PUMP_01,Water Pump,16.957,4.2392,424.4,26.21,50.75,1.564,1447.5,2683.45,30.39,28.0,RUNNING_OPTIMAL,0,NORMAL,7.5,NORMAL,GOOD
2026-01-04 06:30:00,COMPRESSOR_01,Air Compressor,36.9,9.225,420.6,57.56,74.75,2.309,2939.9,2764.77,230.76,210.0,RUNNING_OPTIMAL,0,NORMAL,7.5,NORMAL,GOOD
2026-01-04 06:30:00,HVAC_01,HVAC System,44.734,11.1835,425.5,68.98,42.6,1.807,975.0,3085.99,1315.92,1200.0,RUNNING_OPTIMAL,0,NORMAL,7.5,NORMAL,GOOD
2026-01-04 06:30:00,MOTOR_01,Spinning Motor,40.563,10.1408,423.0,62.91,60.41,2.038,1485.6,2840.93,47.92,48.0,RUNNING_OPTIMAL,0,NORMAL,7.5,NORMAL,GOOD
2026-01-04 06:30:00,PUMP_01,Water Pump,16.907,4.2268,422.2,26.27,50.44,1.508,1450.0,2683.7,29.8,28.0,RUNNING_OPTIMAL,0,NORMAL,7.5,NORMAL,GOOD
2026-01-04 06:45:00,COMPRESSOR_01,Air Compressor,38.185,9.5462,420.5,59.58,73.23,2.589,2943.8,2765.02,237.17,210.0,RUNNING_OPTIMAL,0,NORMAL,7.5,NORMAL,GOOD
2026-01-04 06:45:00,HVAC_01,HVAC System,45.772,11.443,419.5,71.59,43.76,1.819,978.1,3086.24,1289.32,1200.0,RUNNING_OPTIMAL,0,NORMAL,7.5,NORMAL,GOOD
2026-01-04 06:45:00,MOTOR_01,Spinning Motor,44.441,11.1102,423.9,68.78,61.09,1.939,1482.1,2841.18,54.96,48.0,RUNNING_OPTIMAL,0,NORMAL,7.5,NORMAL,GOOD
2026-01-04 06:45:00,PUMP_01,Water Pump,16.503,4.1258,423.3,25.58,50.85,1.483,1447.1,2683.95,33.07,28.0,RUNNING_OPTIMAL,0,NORMAL,7.5,NORMAL,GOOD
2026-01-04 07:00:00,COMPRESSOR_01,Air Compressor,36.302,9.0755,426.7,55.82,73.88,2.48,2948.9,2765.27,225.26,210.0,RUNNING_OPTIMAL,0,NORMAL,7.5,NORMAL,GOOD
2026-01-04 07:00:00,HVAC_01,HVAC System,45.504,11.376,425.9,70.1,45.51,1.591,979.1,3086.49,1296.9,1200.0,RUNNING_OPTIMAL,0,NORMAL,7.5,NORMAL,GOOD
2026-01-04 07:00:00,MOTOR_01,Spinning Motor,42.172,10.543,423.8,65.29,62.16,1.963,1478.5,2841.43,52.69,48.0,RUNNING_OPTIMAL,0,NORMAL,7.5,NORMAL,GOOD
2026-01-04 07:00:00,PUMP_01,Water Pump,16.976,4.244,424.5,26.24,51.75,1.636,1448.4,2684.2,27.77,28.0,RUNNING_OPTIMAL,0,NORMAL,7.5,NORMAL,GOOD
2026-01-04 07:15:00,COMPRESSOR_01,Air Compressor,34.216,8.554,424.8,52.84,73.87,2.403,2948.2,2765.52,218.3,210.0,RUNNING_OPTIMAL,0,NORMAL,7.5,NORMAL,GOOD
2026-01-04 07:15:00,HVAC_01,HVAC System,45.239,11.3098,421.7,70.38,44.5,1.743,980.2,3086.74,1299.03,1200.0,RUNNING_OPTIMAL,0,NORMAL,7.5,NORMAL,GOOD
2026-01-04 07:15:00,MOTOR_01,Spinning Motor,41.794,10.4485,421.2,65.1,60.64,1.843,1482.9,2841.68,51.66,48.0,RUNNING_OPTIMAL,0,NORMAL,7.5,NORMAL,GOOD
2026-01-04 07:15:00,PUMP_01,Water Pump,15.509,3.8772,421.3,24.15,52.4,1.451,1445.6,2684.45,29.18,28.0,RUNNING_OPTIMAL,0,NORMAL,7.5,NORMAL,GOOD
2026-01-04 07:30:00,COMPRESSOR_01,Air Compressor,36.301,9.0752,420.5,56.64,75.46,2.461,2948.7,2765.77,225.43,210.0,RUNNING_OPTIMAL,0,NORMAL,7.5,NORMAL,GOOD
2026-01-04 07:30:00,HVAC_01,HVAC System,45.191,11.2978,422.0,70.26,45.65,1.938,970.3,3086.99,1297.38,1200.0,RUNNING_OPTIMAL,0,NORMAL,7.5,NORMAL,GOOD
2026-01-04 07:30:00,MOTOR_01,Spinning Motor,41.524,10.381,416.9,65.35,62.04,1.789,1482.9,2841.93,52.7,48.0,RUNNING_OPTIMAL,0,NORMAL,7.5,NORMAL,GOOD
2026-01-04 07:30:00,PUMP_01,Water Pump,16.472,4.118,425.9,25.37,51.02,1.504,1445.0,2684.7,31.32,28.0,RUNNING_OPTIMAL,0,NORMAL,7.5,NORMAL,GOOD
2026-01-04 07:45:00,COMPRESSOR_01,Air Compressor,34.858,8.7145,419.1,54.57,75.09,2.449,2942.3,2766.02,216.98,210.0,RUNNING_OPTIMAL,0,NORMAL,7.5,NORMAL,GOOD
2026-01-04 07:45:00,HVAC_01,HVAC System,45.163,11.2907,420.0,70.55,45.73,1.757,976.0,3087.24,1310.38,1200.0,RUNNING_OPTIMAL,0,NORMAL,7.5,NORMAL,GOOD
2026-01-04 07:45:00,MOTOR_01,Spinning Motor,45.388,11.347,428.3,69.53,61.48,2.058,1480.8,2842.18,53.7,48.0,RUNNING_OPTIMAL,0,NORMAL,7.5,NORMAL,GOOD
2026-01-04 07:45:00,PUMP_01,Water Pump,18.632,4.658,420.5,29.07,52.17,1.45,1456.0,2684.95,32.16,28.0,RUNNING_OPTIMAL,0,NORMAL,7.5,NORMAL,GOOD
2026-01-04 08:00:00,COMPRESSOR_01,Air Compressor,0.0,0.0,423.1,0.0,27.77,0.05,0.0,2766.02,0.0,0.0,MAINTENANCE,0,NORMAL,7.5,NORMAL,IN_PROGRESS
2026-01-04 08:00:00,HVAC_01,HVAC System,0.0,0.0,422.5,0.0,27.71,0.05,0.0,3087.24,0.0,0.0,MAINTENANCE,0,NORMAL,7.5,NORMAL,IN_PROGRESS
2026-01-04 08:00:00,MOTOR_01,Spinning Motor,0.0,0.0,419.6,0.0,28.13,0.05,0.0,2842.18,0.0,0.0,MAINTENANCE,0,NORMAL,7.5,NORMAL,IN_PROGRESS
2026-01-04 08:00:00,PUMP_01,Water Pump,0.0,0.0,423.7,0.0,26.96,0.05,0.0,2684.95,0.0,0.0,MAINTENANCE,0,NORMAL,7.5,NORMAL,IN_PROGRESS
2026-01-04 08:15:00,COMPRESSOR_01,Air Compressor,0.0,0.0,420.5,0.0,27.88,0.05,0.0,2766.02,0.0,0.0,MAINTENANCE,0,NORMAL,7.5,NORMAL,IN_PROGRESS
2026-01-04 08:15:00,HVAC_01,HVAC System,0.0,0.0,418.8,0.0,27.44,0.05,0.0,3087.24,0.0,0.0,MAINTENANCE,0,NORMAL,7.5,NORMAL,IN_PROGRESS
2026-01-04 08:15:00,MOTOR_01,Spinning Motor,0.0,0.0,420.0,0.0,27.83,0.05,0.0,2842.18,0.0,0.0,MAINTENANCE,0,NORMAL,7.5,NORMAL,IN_PROGRESS
2026-01-04 08:15:00,PUMP_01,Water Pump,0.0,0.0,424.4,0.0,26.84,0.05,0.0,2684.95,0.0,0.0,MAINTENANCE,0,NORMAL,7.5,NORMAL,IN_PROGRESS
2026-01-04 08:30:00,COMPRESSOR_01,Air Compressor,0.0,0.0,416.2,0.0,28.65,0.05,0.0,2766.02,0.0,0.0,MAINTENANCE,0,NORMAL,7.5,NORMAL,IN_PROGRESS
2026-01-04 08:30:00,HVAC_01,HVAC System,0.0,0.0,423.2,0.0,27.4,0.05,0.0,3087.24,0.0,0.0,MAINTENANCE,0,NORMAL,7.5,NORMAL,IN_PROGRESS
2026-01-04 08:30:00,MOTOR_01,Spinning Motor,0.0,0.0,419.9,0.0,28.22,0.05,0.0,2842.18,0.0,0.0,MAINTENANCE,0,NORMAL,7.5,NORMAL,IN_PROGRESS
2026-01-04 08:30:00,PUMP_01,Water Pump,0.0,0.0,426.2,0.0,28.9,0.05,0.0,2684.95,0.0,0.0,MAINTENANCE,0,NORMAL,7.5,NORMAL,IN_PROGRESS
2026-01-04 08:45:00,COMPRESSOR_01,Air Compressor,0.0,0.0,420.6,0.0,28.62,0.05,0.0,2766.02,0.0,0.0,MAINTENANCE,0,NORMAL,7.5,NORMAL,IN_PROGRESS
2026-01-04 08:45:00,HVAC_01,HVAC System,0.0,0.0,424.9,0.0,27.82,0.05,0.0,3087.24,0.0,0.0,MAINTENANCE,0,NORMAL,7.5,NORMAL,IN_PROGRESS
2026-01-04 08:45:00,MOTOR_01,Spinning Motor,0.0,0.0,418.7,0.0,27.76,0.05,0.0,2842.18,0.0,0.0,MAINTENANCE,0,NORMAL,7.5,NORMAL,IN_PROGRESS
2026-01-04 08:45:00,PUMP_01,Water Pump,0.0,0.0,417.3,0.0,27.37,0.05,0.0,2684.95,0.0,0.0,MAINTENANCE,0,NORMAL,7.5,NORMAL,IN_PROGRESS
2026-01-04 09:00:00,COMPRESSOR_01,Air Compressor,0.0,0.0,419.3,0.0,27.96,0.05,0.0,2766.02,0.0,0.0,MAINTENANCE,0,NORMAL,7.5,NORMAL,IN_PROGRESS
2026-01-04 09:00:00,HVAC_01,HVAC System,0.0,0.0,414.5,0.0,27.55,0.05,0.0,3087.24,0.0,0.0,MAINTENANCE,0,NORMAL,7.5,NORMAL,IN_PROGRESS
2026-01-04 09:00:00,MOTOR_01,Spinning Motor,0.0,0.0,421.1,0.0,27.93,0.05,0.0,2842.18,0.0,0.0,MAINTENANCE,0,NORMAL,7.5,NORMAL,IN_PROGRESS
2026-01-04 09:00:00,PUMP_01,Water Pump,0.0,0.0,422.9,0.0,27.68,0.05,0.0,2684.95,0.0,0.0,MAINTENANCE,0,NORMAL,7.5,NORMAL,IN_PROGRESS
2026-01-04 09:15:00,COMPRESSOR_01,Air Compressor,0.0,0.0,417.6,0.0,28.77,0.05,0.0,2766.02,0.0,0.0,MAINTENANCE,0,NORMAL,7.5,NORMAL,IN_PROGRESS
2026-01-04 09:15:00,HVAC_01,HVAC System,0.0,0.0,424.8,0.0,27.93,0.05,0.0,3087.24,0.0,0.0,MAINTENANCE,0,NORMAL,7.5,NORMAL,IN_PROGRESS
2026-01-04 09:15:00,MOTOR_01,Spinning Motor,0.0,0.0,421.3,0.0,26.66,0.05,0.0,2842.18,0.0,0.0,MAINTENANCE,0,NORMAL,7.5,NORMAL,IN_PROGRESS
2026-01-04 09:15:00,PUMP_01,Water Pump,0.0,0.0,422.3,0.0,28.6,0.05,0.0,2684.95,0.0,0.0,MAINTENANCE,0,NORMAL,7.5,NORMAL,IN_PROGRESS
2026-01-04 09:30:00,COMPRESSOR_01,Air Compressor,0.0,0.0,422.0,0.0,28.01,0.05,0.0,2766.02,0.0,0.0,MAINTENANCE,0,NORMAL,7.5,NORMAL,IN_PROGRESS
2026-01-04 09:30:00,HVAC_01,HVAC System,0.0,0.0,417.2,0.0,28.02,0.05,0.0,3087.24,0.0,0.0,MAINTENANCE,0,NORMAL,7.5,NORMAL,IN_PROGRESS
2026-01-04 09:30:00,MOTOR_01,Spinning Motor,0.0,0.0,418.7,0.0,27.98,0.05,0.0,2842.18,0.0,0.0,MAINTENANCE,0,NORMAL,7.5,NORMAL,IN_PROGRESS
2026-01-04 09:30:00,PUMP_01,Water Pump,0.0,0.0,426.6,0.0,28.26,0.05,0.0,2684.95,0.0,0.0,MAINTENANCE,0,NORMAL,7.5,NORMAL,IN_PROGRESS
2026-01-04 09:45:00,COMPRESSOR_01,Air Compressor,0.0,0.0,418.4,0.0,27.19,0.05,0.0,2766.02,0.0,0.0,MAINTENANCE,0,NORMAL,7.5,NORMAL,IN_PROGRESS
2026-01-04 09:45:00,HVAC_01,HVAC System,0.0,0.0,423.7,0.0,27.19,0.05,0.0,3087.24,0.0,0.0,MAINTENANCE,0,NORMAL,7.5,NORMAL,IN_PROGRESS
2026-01-04 09:45:00,MOTOR_01,Spinning Motor,0.0,0.0,423.1,0.0,29.01,0.05,0.0,2842.18,0.0,0.0,MAINTENANCE,0,NORMAL,7.5,NORMAL,IN_PROGRESS
2026-01-04 09:45:00,PUMP_01,Water Pump,0.0,0.0,418.7,0.0,27.76,0.05,0.0,2684.95,0.0,0.0,MAINTENANCE,0,NORMAL,7.5,NORMAL,IN_PROGRESS
2026-01-04 10:00:00,COMPRESSOR_01,Air Compressor,0.0,0.0,416.8,0.0,27.93,0.05,0.0,2766.02,0.0,0.0,MAINTENANCE,0,NORMAL,7.5,NORMAL,IN_PROGRESS
2026-01-04 10:00:00,HVAC_01,HVAC System,0.0,0.0,422.9,0.0,27.6,0.05,0.0,3087.24,0.0,0.0,MAINTENANCE,0,NORMAL,7.5,NORMAL,IN_PROGRESS
2026-01-04 10:00:00,MOTOR_01,Spinning Motor,0.0,0.0,421.1,0.0,27.45,0.05,0.0,2842.18,0.0,0.0,MAINTENANCE,0,NORMAL,7.5,NORMAL,IN_PROGRESS
2026-01-04 10:00:00,PUMP_01,Water Pump,0.0,0.0,420.1,0.0,27.41,0.05,0.0,2684.95,0.0,0.0,MAINTENANCE,0,NORMAL,7.5,NORMAL,IN_PROGRESS
2026-01-04 10:15:00,COMPRESSOR_01,Air Compressor,0.0,0.0,418.1,0.0,27.59,0.05,0.0,2766.02,0.0,0.0,MAINTENANCE,0,NORMAL,7.5,NORMAL,IN_PROGRESS
2026-01-04 10:15:00,HVAC_01,HVAC System,0.0,0.0,417.1,0.0,28.33,0.05,0.0,3087.24,0.0,0.0,MAINTENANCE,0,NORMAL,7.5,NORMAL,IN_PROGRESS
2026-01-04 10:15:00,MOTOR_01,Spinning Motor,0.0,0.0,419.3,0.0,28.62,0.05,0.0,2842.18,0.0,0.0,MAINTENANCE,0,NORMAL,7.5,NORMAL,IN_PROGRESS
2026-01-04 10:15:00,PUMP_01,Water Pump,0.0,0.0,421.1,0.0,27.91,0.05,0.0,2684.95,0.0,0.0,MAINTENANCE,0,NORMAL,7.5,NORMAL,IN_PROGRESS
2026-01-04 10:30:00,COMPRESSOR_01,Air Compressor,0.0,0.0,418.1,0.0,28.32,0.05,0.0,2766.02,0.0,0.0,MAINTENANCE,0,NORMAL,7.5,NORMAL,IN_PROGRESS
2026-01-04 10:30:00,HVAC_01,HVAC System,0.0,0.0,416.7,0.0,28.58,0.05,0.0,3087.24,0.0,0.0,MAINTENANCE,0,NORMAL,7.5,NORMAL,IN_PROGRESS
2026-01-04 10:30:00,MOTOR_01,Spinning Motor,0.0,0.0,419.8,0.0,28.18,0.05,0.0,2842.18,0.0,0.0,MAINTENANCE,0,NORMAL,7.5,NORMAL,IN_PROGRESS
2026-01-04 10:30:00,PUMP_01,Water Pump,0.0,0.0,420.6,0.0,27.77,0.05,0.0,2684.95,0.0,0.0,MAINTENANCE,0,NORMAL,7.5,NORMAL,IN_PROGRESS
2026-01-04 10:45:00,COMPRESSOR_01,Air Compressor,0.0,0.0,416.5,0.0,28.54,0.05,0.0,2766.02,0.0,0.0,MAINTENANCE,0,NORMAL,7.5,NORMAL,IN_PROGRESS
2026-01-04 10:45:00,HVAC_01,HVAC System,0.0,0.0,416.8,0.0,27.28,0.05,0.0,3087.24,0.0,0.0,MAINTENANCE,0,NORMAL,7.5,NORMAL,IN_PROGRESS
2026-01-04 10:45:00,MOTOR_01,Spinning Motor,0.0,0.0,418.5,0.0,26.96,0.05,0.0,2842.18,0.0,0.0,MAINTENANCE,0,NORMAL,7.5,NORMAL,IN_PROGRESS
2026-01-04 10:45:00,PUMP_01,Water Pump,0.0,0.0,418.6,0.0,27.81,0.05,0.0,2684.95,0.0,0.0,MAINTENANCE,0,NORMAL,7.5,NORMAL,IN_PROGRESS
2026-01-04 11:00:00,COMPRESSOR_01,Air Compressor,0.0,0.0,421.9,0.0,27.37,0.05,0.0,2766.02,0.0,0.0,MAINTENANCE,0,NORMAL,7.5,NORMAL,IN_PROGRESS
2026-01-04 11:00:00,HVAC_01,HVAC System,0.0,0.0,419.9,0.0,28.38,0.05,0.0,3087.24,0.0,0.0,MAINTENANCE,0,NORMAL,7.5,NORMAL,IN_PROGRESS
2026-01-04 11:00:00,MOTOR_01,Spinning Motor,0.0,0.0,420.6,0.0,27.88,0.05,0.0,2842.18,0.0,0.0,MAINTENANCE,0,NORMAL,7.5,NORMAL,IN_PROGRESS
2026-01-04 11:00:00,PUMP_01,Water Pump,0.0,0.0,412.8,0.0,27.97,0.05,0.0,2684.95,0.0,0.0,MAINTENANCE,0,NORMAL,7.5,NORMAL,IN_PROGRESS
2026-01-04 11:15:00,COMPRESSOR_01,Air Compressor,0.0,0.0,413.8,0.0,27.67,0.05,0.0,2766.02,0.0,0.0,MAINTENANCE,0,NORMAL,7.5,NORMAL,IN_PROGRESS
2026-01-04 11:15:00,HVAC_01,HVAC System,0.0,0.0,412.4,0.0,27.8,0.05,0.0,3087.24,0.0,0.0,MAINTENANCE,0,NORMAL,7.5,NORMAL,IN_PROGRESS
2026-01-04 11:15:00,MOTOR_01,Spinning Motor,0.0,0.0,416.3,0.0,28.17,0.05,0.0,2842.18,0.0,0.0,MAINTENANCE,0,NORMAL,7.5,NORMAL,IN_PROGRESS
2026-01-04 11:15:00,PUMP_01,Water Pump,0.0,0.0,418.5,0.0,27.93,0.05,0.0,2684.95,0.0,0.0,MAINTENANCE,0,NORMAL,7.5,NORMAL,IN_PROGRESS
2026-01-04 11:30:00,COMPRESSOR_01,Air Compressor,0.0,0.0,419.8,0.0,27.13,0.05,0.0,2766.02,0.0,0.0,MAINTENANCE,0,NORMAL,7.5,NORMAL,IN_PROGRESS
2026-01-04 11:30:00,HVAC_01,HVAC System,0.0,0.0,414.4,0.0,27.22,0.05,0.0,3087.24,0.0,0.0,MAINTENANCE,0,NORMAL,7.5,NORMAL,IN_PROGRESS
2026-01-04 11:30:00,MOTOR_01,Spinning Motor,0.0,0.0,419.6,0.0,27.95,0.05,0.0,2842.18,0.0,0.0,MAINTENANCE,0,NORMAL,7.5,NORMAL,IN_PROGRESS
2026-01-04 11:30:00,PUMP_01,Water Pump,0.0,0.0,421.8,0.0,27.51,0.05,0.0,2684.95,0.0,0.0,MAINTENANCE,0,NORMAL,7.5,NORMAL,IN_PROGRESS
2026-01-04 11:45:00,COMPRESSOR_01,Air Compressor,0.0,0.0,416.4,0.0,27.83,0.05,0.0,2766.02,0.0,0.0,MAINTENANCE,0,NORMAL,7.5,NORMAL,IN_PROGRESS
2026-01-04 11:45:00,HVAC_01,HVAC System,0.0,0.0,417.7,0.0,27.35,0.05,0.0,3087.24,0.0,0.0,MAINTENANCE,0,NORMAL,7.5,NORMAL,IN_PROGRESS
2026-01-04 11:45:00,MOTOR_01,Spinning Motor,0.0,0.0,415.3,0.0,27.91,0.05,0.0,2842.18,0.0,0.0,MAINTENANCE,0,NORMAL,7.5,NORMAL,IN_PROGRESS
2026-01-04 11:45:00,PUMP_01,Water Pump,0.0,0.0,415.5,0.0,28.0,0.05,0.0,2684.95,0.0,0.0,MAINTENANCE,0,NORMAL,7.5,NORMAL,IN_PROGRESS
2026-01-04 12:00:00,COMPRESSOR_01,Air Compressor,34.069,8.5172,414.9,53.87,81.27,2.376,2947.8,2766.27,210.13,210.0,RUNNING_OPTIMAL,0,NORMAL,7.5,NORMAL,GOOD
2026-01-04 12:00:00,HVAC_01,HVAC System,45.668,11.417,413.8,72.41,49.9,1.7,973.8,3087.49,1279.75,1200.0,RUNNING_OPTIMAL,0,NORMAL,7.5,NORMAL,GOOD
2026-01-04 12:00:00,MOTOR_01,Spinning Motor,39.98,9.995,413.3,63.46,66.62,1.949,1486.3,2842.43,46.88,48.0,RUNNING_OPTIMAL,0,NORMAL,7.5,NORMAL,GOOD
2026-01-04 12:00:00,PUMP_01,Water Pump,16.581,4.1452,417.1,26.08,56.66,1.572,1446.4,2685.2,28.04,28.0,RUNNING_OPTIMAL,0,NORMAL,7.5,NORMAL,GOOD
2026-01-04 12:15:00,COMPRESSOR_01,Air Compressor,33.036,8.259,417.1,51.96,79.08,2.373,2951.3,2766.52,207.28,210.0,RUNNING_OPTIMAL,0,NORMAL,7.5,NORMAL,GOOD
2026-01-04 12:15:00,HVAC_01,HVAC System,46.139,11.5348,417.2,72.56,49.98,1.708,977.1,3087.74,1263.02,1200.0,RUNNING_OPTIMAL,0,NORMAL,7.5,NORMAL,GOOD
2026-01-04 12:15:00,MOTOR_01,Spinning Motor,40.279,10.0698,413.5,63.91,66.1,1.833,1480.1,2842.68,45.75,48.0,RUNNING_OPTIMAL,0,NORMAL,7.5,NORMAL,GOOD
2026-01-04 12:15:00,PUMP_01,Water Pump,14.548,3.637,416.9,22.89,56.32,1.494,1453.9,2685.45,28.52,28.0,RUNNING_OPTIMAL,0,NORMAL,7.5,NORMAL,GOOD
2026-01-04 12:30:00,COMPRESSOR_01,Air Compressor,35.06,8.765,412.6,55.75,81.3,2.32,2947.7,2766.77,222.75,210.0,RUNNING_OPTIMAL,0,NORMAL,7.5,NORMAL,GOOD
2026-01-04 12:30:00,HVAC_01,HVAC System,39.582,9.8955,409.3,63.45,49.74,1.882,981.6,3087.99,1135.09,1200.0,RUNNING_OPTIMAL,0,NORMAL,7.5,NORMAL,GOOD
2026-01-04 12:30:00,MOTOR_01,Spinning Motor,41.752,10.438,418.8,65.41,68.0,1.939,1487.7,2842.93,53.41,48.0,RUNNING_OPTIMAL,0,NORMAL,7.5,NORMAL,GOOD
2026-01-04 12:30:00,PUMP_01,Water Pump,14.784,3.696,411.0,23.6,56.31,1.413,1455.0,2685.7,27.04,28.0,RUNNING_OPTIMAL,0,NORMAL,7.5,NORMAL,GOOD
2026-01-04 12:45:00,COMPRESSOR_01,Air Compressor,33.133,8.2832,418.9,51.89,79.51,2.346,2955.4,2767.02,199.87,210.0,RUNNING_OPTIMAL,0,NORMAL,7.5,NORMAL,GOOD
2026-01-04 12:45:00,HVAC_01,HVAC System,39.227,9.8067,415.3,61.97,49.13,1.749,978.0,3088.24,1154.24,1200.0,RUNNING_OPTIMAL,0,NORMAL,7.5,NORMAL,GOOD
2026-01-04 12:45:00,MOTOR_01,Spinning Motor,41.817,10.4542,418.8,65.51,67.63,1.86,1485.9,2843.18,50.35,48.0,RUNNING_OPTIMAL,0,NORMAL,7.5,NORMAL,GOOD
2026-01-04 12:45:00,PUMP_01,Water Pump,18.165,4.5412,415.6,28.68,57.15,1.522,1448.2,2685.95,30.65,28.0,RUNNING_OPTIMAL,0,NORMAL,7.5,NORMAL,GOOD
2026-01-04 13:00:00,COMPRESSOR_01,Air Compressor,16.119,4.0298,412.0,25.67,66.28,1.539,2961.5,2767.27,0.0,42.0,IDLE_UNLOADED,0,NORMAL,7.5,NORMAL,GOOD
2026-01-04 13:00:00,HVAC_01,HVAC System,14.483,3.6208,419.3,22.66,37.47,1.202,979.9,3088.49,0.0,240.0,IDLE_UNLOADED,0,NORMAL,7.5,NORMAL,GOOD
2026-01-04 13:00:00,MOTOR_01,Spinning Motor,11.64,2.91,413.8,18.46,54.12,1.254,1491.6,2843.43,0.0,9.6,IDLE_UNLOADED,0,NORMAL,7.5,NORMAL,GOOD
2026-01-04 13:00:00,PUMP_01,Water Pump,5.191,1.2978,415.8,8.19,43.23,1.024,1458.4,2686.2,0.0,5.6,IDLE_UNLOADED,0,NORMAL,7.5,NORMAL,GOOD
2026-01-04 13:15:00,COMPRESSOR_01,Air Compressor,15.457,3.8642,418.4,24.24,67.33,1.566,2954.5,2767.52,0.0,42.0,IDLE_UNLOADED,0,NORMAL,7.5,NORMAL,GOOD
2026-01-04 13:15:00,HVAC_01,HVAC System,15.468,3.867,413.2,24.56,37.37,1.135,989.4,3088.74,0.0,240.0,IDLE_UNLOADED,0,NORMAL,7.5,NORMAL,GOOD
2026-01-04 13:15:00,MOTOR_01,Spinning Motor,12.109,3.0272,413.7,19.2,55.15,1.299,1491.6,2843.68,0.0,9.6,IDLE_UNLOADED,0,NORMAL,7.5,NORMAL,GOOD
2026-01-04 13:15:00,PUMP_01,Water Pump,4.639,1.1598,417.6,7.29,43.75,0.92,1456.8,2686.45,0.0,5.6,IDLE_UNLOADED,0,NORMAL,7.5,NORMAL,GOOD
2026-01-04 13:30:00,COMPRESSOR_01,Air Compressor,34.103,8.5258,411.6,54.36,81.28,2.556,2948.9,2767.77,209.02,210.0,RUNNING_OPTIMAL,0,NORMAL,7.5,NORMAL,GOOD
2026-01-04 13:30:00,HVAC_01,HVAC System,41.579,10.3948,413.0,66.05,49.8,1.62,977.8,3088.99,1168.01,1200.0,RUNNING_OPTIMAL,0,NORMAL,7.5,NORMAL,GOOD
2026-01-04 13:30:00,MOTOR_01,Spinning Motor,42.073,10.5182,410.4,67.26,66.76,1.87,1482.7,2843.93,51.04,48.0,RUNNING_OPTIMAL,0,NORMAL,7.5,NORMAL,GOOD
2026-01-04 13:30:00,PUMP_01,Water Pump,16.089,4.0222,411.3,25.66,57.33,1.491,1450.6,2686.7,27.19,28.0,RUNNING_OPTIMAL,0,NORMAL,7.5,NORMAL,GOOD
2026-01-04 13:45:00,COMPRESSOR_01,Air Compressor,33.34,8.335,417.6,52.38,80.36,2.362,2951.7,2768.02,206.31,210.0,RUNNING_OPTIMAL,0,NORMAL,7.5,NORMAL,GOOD
2026-01-04 13:45:00,HVAC_01,HVAC System,42.436,10.609,414.3,67.2,49.97,1.759,982.6,3089.24,1191.66,1200.0,RUNNING_OPTIMAL,0,NORMAL,7.5,NORMAL,GOOD
2026-01-04 13:45:00,MOTOR_01,Spinning Motor,37.095,9.2738,411.7,59.11,66.56,1.811,1488.8,2844.18,45.67,48.0,RUNNING_OPTIMAL,0,NORMAL,7.5,NORMAL,GOOD
2026-01-04 13:45:00,PUMP_01,Water Pump,15.425,3.8562,413.1,24.5,57.09,1.525,1452.2,2686.95,26.24,28.0,RUNNING_OPTIMAL,0,NORMAL,7.5,NORMAL,GOOD
2026-01-04 14:00:00,COMPRESSOR_01,Air Compressor,33.51,8.3775,409.9,53.64,79.99,2.322,2952.9,2768.27,206.86,210.0,RUNNING_OPTIMAL,0,NORMAL,7.5,NORMAL,GOOD
2026-01-04 14:00:00,HVAC_01,HVAC System,41.56,10.39,410.6,66.41,48.87,1.704,979.9,3089.49,1158.73,1200.0,RUNNING_OPTIMAL,0,NORMAL,7.5,NORMAL,GOOD
2026-01-04 14:00:00,MOTOR_01,Spinning Motor,39.024,9.756,410.9,62.31,67.71,2.009,1488.7,2844.43,46.39,48.0,RUNNING_OPTIMAL,0,NORMAL,7.5,NORMAL,GOOD
2026-01-04 14:00:00,PUMP_01,Water Pump,14.377,3.5942,407.8,23.13,57.38,1.509,1452.4,2687.2,26.92,28.0,RUNNING_OPTIMAL,0,NORMAL,7.5,NORMAL,GOOD
2026-01-04 14:15:00,COMPRESSOR_01,Air Compressor,32.917,8.2292,408.2,52.91,81.67,2.329,2945.2,2768.52,209.29,210.0,RUNNING_OPTIMAL,0,NORMAL,7.5,NORMAL,GOOD
2026-01-04 14:15:00,HVAC_01,HVAC System,37.104,9.276,412.5,59.01,48.12,1.667,983.1,3089.74,1077.45,1200.0,RUNNING_OPTIMAL,0,NORMAL,7.5,NORMAL,GOOD
2026-01-04 14:15:00,MOTOR_01,Spinning Motor,36.764,9.191,412.5,58.47,65.94,1.826,1483.3,2844.68,44.33,48.0,RUNNING_OPTIMAL,0,NORMAL,7.5,NORMAL,GOOD
2026-01-04 14:15:00,PUMP_01,Water Pump,14.671,3.6678,410.8,23.43,57.22,1.662,1446.9,2687.45,26.63,28.0,RUNNING_OPTIMAL,0,NORMAL,7.5,NORMAL,GOOD
2026-01-04 14:30:00,COMPRESSOR_01,Air Compressor,33.838,8.4595,407.4,54.49,79.85,2.374,2954.6,2768.77,209.35,210.0,RUNNING_OPTIMAL,0,NORMAL,7.5,NORMAL,GOOD
2026-01-04 14:30:00,HVAC_01,HVAC System,41.948,10.487,410.0,67.12,49.8,1.643,976.2,3089.99,1185.55,1200.0,RUNNING_OPTIMAL,0,NORMAL,7.5,NORMAL,GOOD
2026-01-04 14:30:00,MOTOR_01,Spinning Motor,39.64,9.91,410.8,63.31,67.79,1.858,1487.2,2844.93,49.25,48.0,RUNNING_OPTIMAL,0,NORMAL,7.5,NORMAL,GOOD
2026-01-04 14:30:00,PUMP_01,Water Pump,16.192,4.048,409.9,25.92,57.32,1.482,1453.9,2687.7,28.26,28.0,RUNNING_OPTIMAL,0,NORMAL,7.5,NORMAL,GOOD
2026-01-04 14:45:00,COMPRESSOR_01,Air Compressor,30.905,7.7262,408.5,49.64,78.43,2.203,2951.8,2769.02,202.23,210.0,RUNNING_OPTIMAL,0,NORMAL,7.5,NORMAL,GOOD
2026-01-04 14:45:00,HVAC_01,HVAC System,41.665,10.4162,407.0,67.16,49.35,1.721,982.8,3090.24,1148.36,1200.0,RUNNING_OPTIMAL,0,NORMAL,7.5,NORMAL,GOOD
2026-01-04 14:45:00,MOTOR_01,Spinning Motor,37.744,9.436,410.3,60.35,66.81,1.82,1483.4,2845.18,46.67,48.0,RUNNING_OPTIMAL,0,NORMAL,7.5,NORMAL,GOOD
2026-01-04 14:45:00,PUMP_01,Water Pump,16.247,4.0618,411.9,25.88,56.78,1.664,1446.1,2687.95,27.48,28.0,RUNNING_OPTIMAL,0,NORMAL,7.5,NORMAL,GOOD
2026-01-04 15:00:00,COMPRESSOR_01,Air Compressor,33.001,8.2502,409.2,52.91,79.85,2.573,2952.8,2769.27,204.87,210.0,RUNNING_OPTIMAL,0,NORMAL,7.5,NORMAL,GOOD
2026-01-04 15:00:00,HVAC_01,HVAC System,37.413,9.3532,409.5,59.94,50.06,1.645,986.8,3090.49,1084.64,1200.0,RUNNING_OPTIMAL,0,NORMAL,7.5,NORMAL,GOOD
2026-01-04 15:00:00,MOTOR_01,Spinning Motor,36.937,9.2342,410.1,59.09,66.43,2.004,1483.4,2845.43,43.17,48.0,RUNNING_OPTIMAL,0,NORMAL,7.5,NORMAL,GOOD
2026-01-04 15:00:00,PUMP_01,Water Pump,16.739,4.1848,409.2,26.84,57.35,1.481,1454.1,2688.2,26.09,28.0,RUNNING_OPTIMAL,0,NORMAL,7.5,NORMAL,GOOD
2026-01-04 15:15:00,COMPRESSOR_01,Air Compressor,29.791,7.4478,403.2,48.48,78.18,2.247,2955.8,2769.52,184.63,210.0,RUNNING_OPTIMAL,0,NORMAL,7.5,NORMAL,GOOD
2026-01-04 15:15:00,HVAC_01,HVAC System,37.94,9.485,406.3,61.26,50.05,1.553,975.3,3090.74,1081.37,1200.0,RUNNING_OPTIMAL,0,NORMAL,7.5,NORMAL,GOOD
2026-01-04 15:15:00,MOTOR_01,Spinning Motor,36.52,9.13,411.1,58.28,66.06,1.77,1490.7,2845.68,45.52,48.0,RUNNING_OPTIMAL,0,NORMAL,7.5,NORMAL,GOOD
2026-01-04 15:15:00,PUMP_01,Water Pump,14.995,3.7488,409.4,24.03,57.59,1.533,1451.6,2688.45,24.53,28.0,RUNNING_OPTIMAL,0,NORMAL,7.5,NORMAL,GOOD
2026-01-04 15:30:00,COMPRESSOR_01,Air Compressor,32.095,8.0238,409.3,51.45,80.55,2.354,2944.4,2769.77,205.5,210.0,RUNNING_OPTIMAL,0,NORMAL,7.5,NORMAL,GOOD
2026-01-04 15:30:00,HVAC_01,HVAC System,38.854,9.7135,410.0,62.17,49.18,1.841,983.5,3090.99,1102.37,1200.0,RUNNING_OPTIMAL,0,NORMAL,7.5,NORMAL,GOOD
2026-01-04 15:30:00,MOTOR_01,Spinning Motor,39.36,9.84,413.7,62.42,68.41,2.008,1488.9,2845.93,47.5,48.0,RUNNING_OPTIMAL,0,NORMAL,7.5,NORMAL,GOOD
2026-01-04 15:30:00,PUMP_01,Water Pump,14.159,3.5398,407.3,22.81,57.39,1.57,1451.9,2688.7,27.08,28.0,RUNNING_OPTIMAL,0,NORMAL,7.5,NORMAL,GOOD
2026-01-04 15:45:00,COMPRESSOR_01,Air Compressor,31.502,7.8755,412.1,50.15,78.86,2.389,2950.2,2770.02,195.23,210.0,RUNNING_OPTIMAL,0,NORMAL,7.5,NORMAL,GOOD
2026-01-04 15:45:00,HVAC_01,HVAC System,43.44,10.86,407.3,69.97,50.72,1.703,979.4,3091.24,1209.72,1200.0,RUNNING_OPTIMAL,0,NORMAL,7.5,NORMAL,GOOD
2026-01-04 15:45:00,MOTOR_01,Spinning Motor,39.049,9.7622,410.7,62.38,66.76,1.992,1478.8,2846.18,48.0,48.0,RUNNING_OPTIMAL,0,NORMAL,7.5,NORMAL,GOOD
2026-01-04 15:45:00,PUMP_01,Water Pump,15.283,3.8208,411.5,24.37,56.87,1.551,1450.1,2688.95,25.78,28.0,RUNNING_OPTIMAL,0,NORMAL,7.5,NORMAL,GOOD
2026-01-04 16:00:00,COMPRESSOR_01,Air Compressor,30.689,7.6722,406.9,49.48,79.12,2.363,2950.1,2770.27,193.73,210.0,RUNNING_OPTIMAL,0,NORMAL,7.5,NORMAL,GOOD
2026-01-04 16:00:00,HVAC_01,HVAC System,40.919,10.2297,409.2,65.61,49.54,1.714,976.9,3091.49,1190.3,1200.0,RUNNING_OPTIMAL,0,NORMAL,7.5,NORMAL,GOOD
2026-01-04 16:00:00,MOTOR_01,Spinning Motor,34.61,8.6525,406.4,55.87,65.71,1.951,1492.0,2846.43,43.73,48.0,RUNNING_OPTIMAL,0,NORMAL,7.5,NORMAL,GOOD
2026-01-04 16:00:00,PUMP_01,Water Pump,14.432,3.608,404.9,23.38,54.94,1.5,1448.0,2689.2,25.75,28.0,RUNNING_OPTIMAL,0,NORMAL,7.5,NORMAL,GOOD
2026-01-04 16:15:00,COMPRESSOR_01,Air Compressor,31.912,7.978,412.8,50.72,80.06,2.211,2947.3,2770.52,200.08,210.0,RUNNING_OPTIMAL,0,NORMAL,7.5,NORMAL,GOOD
2026-01-04 16:15:00,HVAC_01,HVAC System,41.573,10.3932,408.0,66.85,49.7,1.619,979.0,3091.74,1151.39,1200.0,RUNNING_OPTIMAL,0,NORMAL,7.5,NORMAL,GOOD
2026-01-04 16:15:00,MOTOR_01,Spinning Motor,39.025,9.7562,410.8,62.33,66.17,1.925,1487.3,2846.68,44.64,48.0,RUNNING_OPTIMAL,0,NORMAL,7.5,NORMAL,GOOD
2026-01-04 16:15:00,PUMP_01,Water Pump,14.551,3.6378,404.5,23.6,56.92,1.413,1447.7,2689.45,26.91,28.0,RUNNING_OPTIMAL,0,NORMAL,7.5,NORMAL,GOOD
2026-01-04 16:30:00,COMPRESSOR_01,Air Compressor,29.968,7.492,406.0,48.43,78.05,2.331,2954.7,2770.77,183.17,210.0,RUNNING_OPTIMAL,0,NORMAL,7.5,NORMAL,GOOD
2026-01-04 16:30:00,HVAC_01,HVAC System,36.461,9.1152,406.8,58.8,47.34,1.797,979.7,3091.99,1069.71,1200.0,RUNNING_OPTIMAL,0,NORMAL,7.5,NORMAL,GOOD
2026-01-04 16:30:00,MOTOR_01,Spinning Motor,35.406,8.8515,412.6,56.3,64.67,1.801,1489.0,2846.93,42.52,48.0,RUNNING_OPTIMAL,0,NORMAL,7.5,NORMAL,GOOD
2026-01-04 16:30:00,PUMP_01,Water Pump,14.585,3.6462,405.4,23.6,56.7,1.521,1446.0,2689.7,23.7,28.0,RUNNING_OPTIMAL,0,NORMAL,7.5,NORMAL,GOOD
2026-01-04 16:45:00,COMPRESSOR_01,Air Compressor,30.182,7.5455,409.3,48.38,81.22,2.268,2948.8,2771.02,199.49,210.0,RUNNING_OPTIMAL,0,NORMAL,7.5,NORMAL,GOOD
2026-01-04 16:45:00,HVAC_01,HVAC System,38.134,9.5335,410.6,60.93,49.75,1.651,981.8,3092.24,1056.11,1200.0,RUNNING_OPTIMAL,0,NORMAL,7.5,NORMAL,GOOD
2026-01-04 16:45:00,MOTOR_01,Spinning Motor,38.147,9.5368,415.7,60.21,67.13,1.99,1487.4,2847.18,46.38,48.0,RUNNING_OPTIMAL,0,NORMAL,7.5,NORMAL,GOOD
2026-01-04 16:45:00,PUMP_01,Water Pump,13.014,3.2535,406.3,21.01,55.3,1.342,1452.5,2689.95,22.47,28.0,RUNNING_OPTIMAL,0,NORMAL,7.5,NORMAL,GOOD
2026-01-04 17:00:00,COMPRESSOR_01,Air Compressor,32.153,8.0382,404.5,52.15,79.6,2.295,2950.8,2771.27,196.53,210.0,RUNNING_OPTIMAL,0,NORMAL,7.5,NORMAL,GOOD
2026-01-04 17:00:00,HVAC_01,HVAC System,41.42,10.355,406.8,66.8,47.13,1.618,979.7,3092.49,1100.57,1200.0,RUNNING_OPTIMAL,0,NORMAL,7.5,NORMAL,GOOD
2026-01-04 17:00:00,MOTOR_01,Spinning Motor,34.383,8.5958,410.1,55.01,64.95,1.909,1480.8,2847.43,42.9,48.0,RUNNING_OPTIMAL,0,NORMAL,7.5,NORMAL,GOOD
2026-01-04 17:00:00,PUMP_01,Water Pump,14.53,3.6325,406.9,23.43,56.01,1.536,1453.7,2690.2,22.58,28.0,RUNNING_OPTIMAL,0,NORMAL,7.5,NORMAL,GOOD
2026-01-04 17:15:00,COMPRESSOR_01,Air Compressor,30.307,7.5768,407.2,48.83,79.57,2.262,2951.6,2771.52,190.93,210.0,RUNNING_OPTIMAL,0,NORMAL,7.5,NORMAL,GOOD
2026-01-04 17:15:00,HVAC_01,HVAC System,41.133,10.2832,405.9,66.49,48.8,1.742,984.3,3092.74,1159.6,1200.0,RUNNING_OPTIMAL,0,NORMAL,7.5,NORMAL,GOOD
2026-01-04 17:15:00,MOTOR_01,Spinning Motor,34.913,8.7282,406.4,56.36,64.86,1.927,1490.8,2847.68,43.42,48.0,RUNNING_OPTIMAL,0,NORMAL,7.5,NORMAL,GOOD
2026-01-04 17:15:00,PUMP_01,Water Pump,12.754,3.1885,405.1,20.66,54.0,1.41,1448.4,2690.45,25.18,28.0,RUNNING_OPTIMAL,0,NORMAL,7.5,NORMAL,GOOD
2026-01-04 17:30:00,COMPRESSOR_01,Air Compressor,28.903,7.2258,408.8,46.39,76.41,2.242,2952.2,2771.77,183.59,210.0,RUNNING_OPTIMAL,0,NORMAL,7.5,NORMAL,GOOD
2026-01-04 17:30:00,HVAC_01,HVAC System,40.587,10.1468,404.3,65.86,46.67,1.679,974.6,3092.99,1110.16,1200.0,RUNNING_OPTIMAL,0,NORMAL,7.5,NORMAL,GOOD
2026-01-04 17:30:00,MOTOR_01,Spinning Motor,36.067,9.0168,407.0,58.14,65.61,1.93,1483.0,2847.93,43.6,48.0,RUNNING_OPTIMAL,0,NORMAL,7.5,NORMAL,GOOD
2026-01-04 17:30:00,PUMP_01,Water Pump,13.948,3.487,406.2,22.53,54.6,1.358,1452.3,2690.7,24.12,28.0,RUNNING_OPTIMAL,0,NORMAL,7.5,NORMAL,GOOD
2026-01-04 17:45:00,COMPRESSOR_01,Air Compressor,31.871,7.9678,404.0,51.76,79.27,2.295,2952.1,2772.02,197.31,210.0,RUNNING_OPTIMAL,0,NORMAL,7.5,NORMAL,GOOD
2026-01-04 17:45:00,HVAC_01,HVAC System,37.258,9.3145,405.9,60.22,47.78,1.691,983.4,3093.24,1098.37,1200.0,RUNNING_OPTIMAL,0,NORMAL,7.5,NORMAL,GOOD
2026-01-04 17:45:00,MOTOR_01,Spinning Motor,35.489,8.8722,405.5,57.42,65.12,1.854,1487.9,2848.18,43.27,48.0,RUNNING_OPTIMAL,0,NORMAL,7.5,NORMAL,GOOD
2026-01-04 17:45:00,PUMP_01,Water Pump,14.227,3.5568,412.4,22.63,54.04,1.46,1453.8,2690.95,22.91,28.0,RUNNING_OPTIMAL,0,NORMAL,7.5,NORMAL,GOOD
2026-01-04 18:00:00,COMPRESSOR_01,Air Compressor,33.953,8.4883,403.2,55.25,78.89,2.446,2948.0,2772.27,213.12,210.0,RUNNING_OPTIMAL,0,NORMAL,10.0,PEAK,GOOD
2026-01-04 18:00:00,HVAC_01,HVAC System,40.526,10.1315,406.0,65.49,47.11,1.619,973.3,3093.49,1131.67,1200.0,RUNNING_OPTIMAL,0,NORMAL,10.0,PEAK,GOOD
2026-01-04 18:00:00,MOTOR_01,Spinning Motor,33.48,8.37,405.1,54.22,62.95,1.84,1481.2,2848.43,42.07,48.0,RUNNING_OPTIMAL,0,NORMAL,10.0,PEAK,GOOD
2026-01-04 18:00:00,PUMP_01,Water Pump,15.031,3.7578,406.3,24.27,53.3,1.593,1448.6,2691.2,24.7,28.0,RUNNING_OPTIMAL,0,NORMAL,10.0,PEAK,GOOD
2026-01-04 18:15:00,COMPRESSOR_01,Air Compressor,30.179,7.5448,410.6,48.22,77.55,2.315,2955.7,2772.52,185.26,210.0,RUNNING_OPTIMAL,0,NORMAL,10.0,PEAK,GOOD
2026-01-04 18:15:00,HVAC_01,HVAC System,37.659,9.4148,405.7,60.9,47.32,1.868,982.5,3093.74,1084.85,1200.0,RUNNING_OPTIMAL,0,NORMAL,10.0,PEAK,GOOD
2026-01-04 18:15:00,MOTOR_01,Spinning Motor,35.021,8.7552,406.0,56.59,62.97,1.874,1492.3,2848.68,43.41,48.0,RUNNING_OPTIMAL,0,NORMAL,10.0,PEAK,GOOD
2026-01-04 18:15:00,PUMP_01,Water Pump,15.296,3.824,403.1,24.9,53.36,1.41,1452.2,2691.45,24.67,28.0,RUNNING_OPTIMAL,0,NORMAL,10.0,PEAK,GOOD
2026-01-04 18:30:00,COMPRESSOR_01,Air Compressor,31.293,7.8232,408.6,50.25,79.62,2.353,2955.5,2772.77,195.77,210.0,RUNNING_OPTIMAL,0,NORMAL,10.0,PEAK,GOOD
2026-01-04 18:30:00,HVAC_01,HVAC System,39.002,9.7505,406.8,62.9,46.68,1.661,974.6,3093.99,1124.26,1200.0,RUNNING_OPTIMAL,0,NORMAL,10.0,PEAK,GOOD
2026-01-04 18:30:00,MOTOR_01,Spinning Motor,33.29,8.3225,407.0,53.66,63.41,1.906,1493.6,2848.93,39.22,48.0,RUNNING_OPTIMAL,0,NORMAL,10.0,PEAK,GOOD
2026-01-04 18:30:00,PUMP_01,Water Pump,15.194,3.7985,406.2,24.54,54.41,1.544,1456.1,2691.7,24.97,28.0,RUNNING_OPTIMAL,0,NORMAL,10.0,PEAK,GOOD
2026-01-04 18:45:00,COMPRESSOR_01,Air Compressor,28.706,7.1765,409.3,46.01,77.4,2.416,2957.3,2773.02,180.46,210.0,RUNNING_OPTIMAL,0,NORMAL,10.0,PEAK,GOOD
2026-01-04 18:45:00,HVAC_01,HVAC System,39.18,9.795,411.5,62.47,46.84,1.613,982.7,3094.24,1122.56,1200.0,RUNNING_OPTIMAL,0,NORMAL,10.0,PEAK,GOOD
2026-01-04 18:45:00,MOTOR_01,Spinning Motor,34.699,8.6748,401.2,56.74,63.37,1.742,1484.4,2849.18,40.83,48.0,RUNNING_OPTIMAL,0,NORMAL,10.0,PEAK,GOOD
2026-01-04 18:45:00,PUMP_01,Water Pump,13.133,3.2832,409.5,21.04,52.79,1.516,1449.5,2691.95,23.04,28.0,RUNNING_OPTIMAL,0,NORMAL,10.0,PEAK,GOOD
2026-01-04 19:00:00,COMPRESSOR_01,Air Compressor,31.513,7.8782,405.3,51.01,75.44,2.249,2944.6,2773.27,194.19,210.0,RUNNING_OPTIMAL,0,NORMAL,10.0,PEAK,GOOD
2026-01-04 19:00:00,HVAC_01,HVAC System,38.1,9.525,408.1,61.25,44.06,1.813,979.3,3094.49,1102.06,1200.0,RUNNING_OPTIMAL,0,NORMAL,10.0,PEAK,GOOD
2026-01-04 19:00:00,MOTOR_01,Spinning Motor,38.167,9.5418,407.6,61.43,63.4,1.882,1490.4,2849.43,45.64,48.0,RUNNING_OPTIMAL,0,NORMAL,10.0,PEAK,GOOD
2026-01-04 19:00:00,PUMP_01,Water Pump,14.54,3.635,405.7,23.51,52.42,1.512,1451.1,2692.2,24.56,28.0,RUNNING_OPTIMAL,0,NORMAL,10.0,PEAK,GOOD
2026-01-04 19:15:00,COMPRESSOR_01,Air Compressor,33.361,8.3402,406.2,53.88,75.57,2.325,2953.3,2773.52,210.47,210.0,RUNNING_OPTIMAL,0,NORMAL,10.0,PEAK,GOOD
2026-01-04 19:15:00,HVAC_01,HVAC System,35.749,8.9372,409.7,57.25,45.16,1.77,974.9,3094.74,1042.31,1200.0,RUNNING_OPTIMAL,0,NORMAL,10.0,PEAK,GOOD
2026-01-04 19:15:00,MOTOR_01,Spinning Motor,34.124,8.531,409.9,54.62,62.25,1.63,1494.3,2849.68,40.08,48.0,RUNNING_OPTIMAL,0,NORMAL,10.0,PEAK,GOOD
2026-01-04 19:15:00,PUMP_01,Water Pump,15.003,3.7508,408.8,24.08,52.28,1.478,1448.9,2692.45,26.79,28.0,RUNNING_OPTIMAL,0,NORMAL,10.0,PEAK,GOOD
2026-01-04 19:30:00,COMPRESSOR_01,Air Compressor,30.068,7.517,407.1,48.46,75.91,2.369,2960.6,2773.77,190.65,210.0,RUNNING_OPTIMAL,0,NORMAL,10.0,PEAK,GOOD
2026-01-04 19:30:00,HVAC_01,HVAC System,37.669,9.4172,410.8,60.16,45.5,1.755,986.5,3094.99,1029.35,1200.0,RUNNING_OPTIMAL,0,NORMAL,10.0,PEAK,GOOD
2026-01-04 19:30:00,MOTOR_01,Spinning Motor,36.597,9.1492,404.1,59.42,61.25,1.867,1484.5,2849.93,43.75,48.0,RUNNING_OPTIMAL,0,NORMAL,10.0,PEAK,GOOD
2026-01-04 19:30:00,PUMP_01,Water Pump,14.724,3.681,407.9,23.68,53.11,1.583,1450.2,2692.7,25.89,28.0,RUNNING_OPTIMAL,0,NORMAL,10.0,PEAK,GOOD
2026-01-04 19:45:00,COMPRESSOR_01,Air Compressor,30.271,7.5678,407.4,48.75,76.4,2.31,2958.0,2774.02,190.18,210.0,RUNNING_OPTIMAL,0,NORMAL,10.0,PEAK,GOOD
2026-01-04 19:45:00,HVAC_01,HVAC System,38.248,9.562,408.0,61.5,43.68,1.728,986.5,3095.24,1076.98,1200.0,RUNNING_OPTIMAL,0,NORMAL,10.0,PEAK,GOOD
2026-01-04 19:45:00,MOTOR_01,Spinning Motor,37.796,9.449,408.3,60.73,63.06,1.737,1481.8,2850.18,44.25,48.0,RUNNING_OPTIMAL,0,NORMAL,10.0,PEAK,GOOD
2026-01-04 19:45:00,PUMP_01,Water Pump,14.018,3.5045,407.4,22.57,51.52,1.527,1447.5,2692.95,25.8,28.0,RUNNING_OPTIMAL,0,NORMAL,10.0,PEAK,GOOD
2026-01-04 20:00:00,COMPRESSOR_01,Air Compressor,30.122,7.5305,407.5,48.5,74.42,2.341,2958.5,2774.27,188.34,210.0,RUNNING_OPTIMAL,0,NORMAL,10.0,PEAK,GOOD
2026-01-04 20:00:00,HVAC_01,HVAC System,38.089,9.5222,411.4,60.74,43.58,1.781,980.9,3095.49,1072.55,1200.0,RUNNING_OPTIMAL,0,NORMAL,10.0,PEAK,GOOD
2026-01-04 20:00:00,MOTOR_01,Spinning Motor,34.971,8.7427,407.6,56.29,60.56,1.933,1483.7,2850.43,41.59,48.0,RUNNING_OPTIMAL,0,NORMAL,10.0,PEAK,GOOD
2026-01-04 20:00:00,PUMP_01,Water Pump,14.417,3.6042,404.5,23.38,52.03,1.476,1459.6,2693.2,25.05,28.0,RUNNING_OPTIMAL,0,NORMAL,10.0,PEAK,GOOD
2026-01-04 20:15:00,COMPRESSOR_01,Air Compressor,29.879,7.4698,408.3,48.01,74.29,2.335,2952.1,2774.52,186.38,210.0,RUNNING_OPTIMAL,0,NORMAL,10.0,PEAK,GOOD
2026-01-04 20:15:00,HVAC_01,HVAC System,37.601,9.4002,409.4,60.26,44.01,1.863,979.3,3095.74,1068.57,1200.0,RUNNING_OPTIMAL,0,NORMAL,10.0,PEAK,GOOD
2026-01-04 20:15:00,MOTOR_01,Spinning Motor,36.929,9.2322,406.0,59.68,60.86,1.87,1484.7,2850.68,45.77,48.0,RUNNING_OPTIMAL,0,NORMAL,10.0,PEAK,GOOD
2026-01-04 20:15:00,PUMP_01,Water Pump,14.872,3.718,409.6,23.82,51.16,1.393,1447.8,2693.45,26.28,28.0,RUNNING_OPTIMAL,0,NORMAL,10.0,PEAK,GOOD
2026-01-04 20:30:00,COMPRESSOR_01,Air Compressor,32.363,8.0908,409.9,51.8,75.23,2.489,2947.6,2774.77,203.05,210.0,RUNNING_OPTIMAL,0,NORMAL,10.0,PEAK,GOOD
2026-01-04 20:30:00,HVAC_01,HVAC System,38.073,9.5182,407.3,61.33,43.66,1.842,989.7,3095.99,1123.87,1200.0,RUNNING_OPTIMAL,0,NORMAL,10.0,PEAK,GOOD
2026-01-04 20:30:00,MOTOR_01,Spinning Motor,37.399,9.3498,409.4,59.93,60.99,1.862,1487.9,2850.93,44.07,48.0,RUNNING_OPTIMAL,0,NORMAL,10.0,PEAK,GOOD
2026-01-04 20:30:00,PUMP_01,Water Pump,14.89,3.7225,405.9,24.07,52.23,1.624,1447.5,2693.7,28.39,28.0,RUNNING_OPTIMAL,0,NORMAL,10.0,PEAK,GOOD
2026-01-04 20:45:00,COMPRESSOR_01,Air Compressor,33.309,8.3272,408.2,53.54,75.8,2.269,2952.0,2775.02,201.97,210.0,RUNNING_OPTIMAL,0,NORMAL,10.0,PEAK,GOOD
2026-01-04 20:45:00,HVAC_01,HVAC System,43.149,10.7872,409.8,69.08,45.09,1.672,979.3,3096.24,1212.16,1200.0,RUNNING_OPTIMAL,0,NORMAL,10.0,PEAK,GOOD
2026-01-04 20:45:00,MOTOR_01,Spinning Motor,37.182,9.2955,407.4,59.88,62.12,1.904,1491.3,2851.18,43.28,48.0,RUNNING_OPTIMAL,0,NORMAL,10.0,PEAK,GOOD
2026-01-04 20:45:00,PUMP_01,Water Pump,13.116,3.279,407.4,21.12,51.76,1.456,1449.1,2693.95,24.85,28.0,RUNNING_OPTIMAL,0,NORMAL,10.0,PEAK,GOOD
2026-01-04 21:00:00,COMPRESSOR_01,Air Compressor,15.728,3.932,408.1,25.29,65.51,1.513,2957.5,2775.27,0.0,42.0,IDLE_UNLOADED,0,NORMAL,10.0,PEAK,GOOD
2026-01-04 21:00:00,HVAC_01,HVAC System,14.677,3.6692,410.8,23.44,37.79,1.117,988.0,3096.49,0.0,240.0,IDLE_UNLOADED,0,NORMAL,10.0,PEAK,GOOD
2026-01-04 21:00:00,MOTOR_01,Spinning Motor,12.415,3.1037,409.2,19.91,53.48,1.223,1489.9,2851.43,0.0,9.6,IDLE_UNLOADED,0,NORMAL,10.0,PEAK,GOOD
2026-01-04 21:00:00,PUMP_01,Water Pump,4.878,1.2195,410.4,7.8,44.42,0.978,1451.0,2694.2,0.0,5.6,IDLE_UNLOADED,0,NORMAL,10.0,PEAK,GOOD
2026-01-04 21:15:00,COMPRESSOR_01,Air Compressor,15.182,3.7955,411.6,24.2,65.91,1.511,2959.5,2775.52,0.0,42.0,IDLE_UNLOADED,0,NORMAL,10.0,PEAK,GOOD
2026-01-04 21:15:00,HVAC_01,HVAC System,15.315,3.8288,411.1,24.44,38.39,1.107,980.6,3096.74,0.0,240.0,IDLE_UNLOADED,0,NORMAL,10.0,PEAK,GOOD
2026-01-04 21:15:00,MOTOR_01,Spinning Motor,12.445,3.1112,406.3,20.1,53.84,1.258,1494.8,2851.68,0.0,9.6,IDLE_UNLOADED,0,NORMAL,10.0,PEAK,GOOD
2026-01-04 21:15:00,PUMP_01,Water Pump,3.805,0.9512,407.3,6.13,44.43,1.064,1457.6,2694.45,0.0,5.6,IDLE_UNLOADED,0,NORMAL,10.0,PEAK,GOOD
2026-01-04 21:30:00,COMPRESSOR_01,Air Compressor,31.14,7.785,407.2,50.17,73.82,2.537,2953.2,2775.77,201.61,210.0,RUNNING_OPTIMAL,0,NORMAL,10.0,PEAK,GOOD
2026-01-04 21:30:00,HVAC_01,HVAC System,38.575,9.6438,412.4,61.37,44.24,1.715,977.5,3096.99,1153.29,1200.0,RUNNING_OPTIMAL,0,NORMAL,10.0,PEAK,GOOD
2026-01-04 21:30:00,MOTOR_01,Spinning Motor,38.552,9.638,409.9,61.71,60.83,1.889,1488.7,2851.93,46.76,48.0,RUNNING_OPTIMAL,0,NORMAL,10.0,PEAK,GOOD
2026-01-04 21:30:00,PUMP_01,Water Pump,13.079,3.2698,409.2,20.97,51.18,1.509,1448.0,2694.7,24.77,28.0,RUNNING_OPTIMAL,0,NORMAL,10.0,PEAK,GOOD
2026-01-04 21:45:00,COMPRESSOR_01,Air Compressor,29.781,7.4452,412.5,47.37,73.13,2.378,2958.4,2776.02,192.99,210.0,RUNNING_OPTIMAL,0,NORMAL,10.0,PEAK,GOOD
2026-01-04 21:45:00,HVAC_01,HVAC System,40.828,10.207,408.8,65.52,43.34,1.657,976.5,3097.24,1127.99,1200.0,RUNNING_OPTIMAL,0,NORMAL,10.0,PEAK,GOOD
2026-01-04 21:45:00,MOTOR_01,Spinning Motor,37.793,9.4482,408.8,60.65,60.4,1.921,1483.2,2852.18,44.33,48.0,RUNNING_OPTIMAL,0,NORMAL,10.0,PEAK,GOOD
2026-01-04 21:45:00,PUMP_01,Water Pump,12.408,3.102,412.1,19.75,50.22,1.356,1456.9,2694.95,24.23,28.0,RUNNING_OPTIMAL,0,NORMAL,10.0,PEAK,GOOD
2026-01-04 22:00:00,COMPRESSOR_01,Air Compressor,32.331,8.0828,414.2,51.21,71.87,2.389,2947.2,2776.27,203.71,210.0,RUNNING_OPTIMAL,0,NORMAL,5.5,OFF_PEAK,GOOD
2026-01-04 22:00:00,HVAC_01,HVAC System,38.937,9.7342,410.5,62.23,40.71,1.518,980.6,3097.49,1116.69,1200.0,RUNNING_OPTIMAL,0,NORMAL,5.5,OFF_PEAK,GOOD
2026-01-04 22:00:00,MOTOR_01,Spinning Motor,35.462,8.8655,409.8,56.77,58.2,1.84,1487.7,2852.43,42.62,48.0,RUNNING_OPTIMAL,0,NORMAL,5.5,OFF_PEAK,GOOD
2026-01-04 22:00:00,PUMP_01,Water Pump,14.478,3.6195,408.9,23.23,49.51,1.496,1450.4,2695.2,26.54,28.0,RUNNING_OPTIMAL,0,NORMAL,5.5,OFF_PEAK,GOOD
2026-01-04 22:15:00,COMPRESSOR_01,Air Compressor,31.221,7.8052,410.6,49.89,71.97,2.183,2947.8,2776.52,198.21,210.0,RUNNING_OPTIMAL,0,NORMAL,5.5,OFF_PEAK,GOOD
2026-01-04 22:15:00,HVAC_01,HVAC System,40.211,10.0528,414.8,63.6,43.34,1.773,977.7,3097.74,1128.21,1200.0,RUNNING_OPTIMAL,0,NORMAL,5.5,OFF_PEAK,GOOD
2026-01-04 22:15:00,MOTOR_01,Spinning Motor,39.237,9.8092,411.3,62.59,59.58,1.998,1485.3,2852.68,46.81,48.0,RUNNING_OPTIMAL,0,NORMAL,5.5,OFF_PEAK,GOOD
2026-01-04 22:15:00,PUMP_01,Water Pump,13.481,3.3702,412.8,21.43,49.25,1.521,1447.1,2695.45,27.35,28.0,RUNNING_OPTIMAL,0,NORMAL,5.5,OFF_PEAK,GOOD
2026-01-04 22:30:00,COMPRESSOR_01,Air Compressor,32.36,8.09,412.2,51.51,72.02,2.194,2950.3,2776.77,200.71,210.0,RUNNING_OPTIMAL,0,NORMAL,5.5,OFF_PEAK,GOOD
2026-01-04 22:30:00,HVAC_01,HVAC System,39.273,9.8183,414.1,62.22,41.75,1.792,986.2,3097.99,1115.82,1200.0,RUNNING_OPTIMAL,0,NORMAL,5.5,OFF_PEAK,GOOD
2026-01-04 22:30:00,MOTOR_01,Spinning Motor,36.803,9.2008,411.5,58.68,59.25,1.859,1492.0,2852.93,43.33,48.0,RUNNING_OPTIMAL,0,NORMAL,5.5,OFF_PEAK,GOOD
2026-01-04 22:30:00,PUMP_01,Water Pump,15.385,3.8462,414.4,24.36,49.8,1.504,1453.5,2695.7,26.04,28.0,RUNNING_OPTIMAL,0,NORMAL,5.5,OFF_PEAK,GOOD
2026-01-04 22:45:00,COMPRESSOR_01,Air Compressor,33.707,8.4268,413.5,53.48,72.61,2.32,2952.0,2777.02,206.07,210.0,RUNNING_OPTIMAL,0,NORMAL,5.5,OFF_PEAK,GOOD
2026-01-04 22:45:00,HVAC_01,HVAC System,41.355,10.3387,411.6,65.92,41.83,1.805,975.6,3098.24,1163.69,1200.0,RUNNING_OPTIMAL,0,NORMAL,5.5,OFF_PEAK,GOOD
2026-01-04 22:45:00,MOTOR_01,Spinning Motor,37.568,9.392,408.5,60.34,60.43,1.956,1480.0,2853.18,47.6,48.0,RUNNING_OPTIMAL,0,NORMAL,5.5,OFF_PEAK,GOOD
2026-01-04 22:45:00,PUMP_01,Water Pump,14.898,3.7245,414.1,23.6,48.47,1.468,1453.4,2695.95,25.72,28.0,RUNNING_OPTIMAL,0,NORMAL,5.5,OFF_PEAK,GOOD
2026-01-04 23:00:00,COMPRESSOR_01,Air Compressor,31.457,7.8642,407.3,50.67,70.91,2.359,2946.5,2777.27,205.09,210.0,RUNNING_OPTIMAL,0,NORMAL,5.5,OFF_PEAK,GOOD
2026-01-04 23:00:00,HVAC_01,HVAC System,43.997,10.9992,416.2,69.35,41.14,1.777,977.0,3098.49,1232.37,1200.0,RUNNING_OPTIMAL,0,NORMAL,5.5,OFF_PEAK,GOOD
2026-01-04 23:00:00,MOTOR_01,Spinning Motor,40.837,10.2093,409.8,65.38,58.04,1.931,1479.5,2853.43,47.53,48.0,RUNNING_OPTIMAL,0,NORMAL,5.5,OFF_PEAK,GOOD
2026-01-04 23:00:00,PUMP_01,Water Pump,14.319,3.5798,413.2,22.74,47.76,1.591,1446.7,2696.2,27.25,28.0,RUNNING_OPTIMAL,0,NORMAL,5.5,OFF_PEAK,GOOD
2026-01-04 23:15:00,COMPRESSOR_01,Air Compressor,32.313,8.0782,414.0,51.21,71.07,2.373,2948.9,2777.52,203.78,210.0,RUNNING_OPTIMAL,0,NORMAL,5.5,OFF_PEAK,GOOD
2026-01-04 23:15:00,HVAC_01,HVAC System,42.811,10.7028,413.1,67.99,43.14,1.806,974.4,3098.74,1207.09,1200.0,RUNNING_OPTIMAL,0,NORMAL,5.5,OFF_PEAK,GOOD
2026-01-04 23:15:00,MOTOR_01,Spinning Motor,37.112,9.278,413.0,58.96,58.62,1.92,1480.8,2853.68,46.69,48.0,RUNNING_OPTIMAL,0,NORMAL,5.5,OFF_PEAK,GOOD
2026-01-04 23:15:00,PUMP_01,Water Pump,13.264,3.316,411.1,21.17,48.27,1.57,1451.0,2696.45,27.78,28.0,RUNNING_OPTIMAL,0,NORMAL,5.5,OFF_PEAK,GOOD
2026-01-04 23:30:00,COMPRESSOR_01,Air Compressor,31.774,7.9435,415.3,50.2,71.81,2.419,2955.7,2777.77,203.45,210.0,RUNNING_OPTIMAL,0,NORMAL,5.5,OFF_PEAK,GOOD
2026-01-04 23:30:00,HVAC_01,HVAC System,42.327,10.5818,414.6,66.98,40.66,1.837,978.6,3098.99,1151.51,1200.0,RUNNING_OPTIMAL,0,NORMAL,5.5,OFF_PEAK,GOOD
2026-01-04 23:30:00,MOTOR_01,Spinning Motor,41.173,10.2932,414.7,65.14,59.89,2.021,1486.2,2853.93,50.47,48.0,RUNNING_OPTIMAL,0,NORMAL,5.5,OFF_PEAK,GOOD
2026-01-04 23:30:00,PUMP_01,Water Pump,15.57,3.8925,415.6,24.58,48.33,1.509,1453.0,2696.7,26.77,28.0,RUNNING_OPTIMAL,0,NORMAL,5.5,OFF_PEAK,GOOD
2026-01-04 23:45:00,COMPRESSOR_01,Air Compressor,31.016,7.754,413.3,49.24,72.18,2.411,2951.5,2778.02,193.0,210.0,RUNNING_OPTIMAL,0,NORMAL,5.5,OFF_PEAK,GOOD
2026-01-04 23:45:00,HVAC_01,HVAC System,40.383,10.0958,410.2,64.59,40.74,1.713,979.7,3099.24,1170.3,1200.0,RUNNING_OPTIMAL,0,NORMAL,5.5,OFF_PEAK,GOOD
2026-01-04 23:45:00,MOTOR_01,Spinning Motor,38.632,9.658,415.2,61.04,57.72,1.915,1477.3,2854.18,48.62,48.0,RUNNING_OPTIMAL,0,NORMAL,5.5,OFF_PEAK,GOOD
2026-01-04 23:45:00,PUMP_01,Water Pump,15.284,3.821,410.9,24.4,46.79,1.545,1448.2,2696.95,26.0,28.0,RUNNING_OPTIMAL,0,NORMAL,5.5,OFF_PEAK,GOOD
2026-01-05 00:00:00,COMPRESSOR_01,Air Compressor,33.143,8.2858,417.9,52.03,71.03,2.396,2948.9,2778.27,212.38,210.0,RUNNING_OPTIMAL,0,NORMAL,5.5,OFF_PEAK,GOOD
2026-01-05 00:00:00,HVAC_01,HVAC System,41.459,10.3648,413.3,65.81,39.87,1.645,980.7,3099.49,1187.72,1200.0,RUNNING_OPTIMAL,0,NORMAL,5.5,OFF_PEAK,GOOD
2026-01-05 00:00:00,MOTOR_01,Spinning Motor,38.528,9.632,410.4,61.59,56.53,1.95,1481.2,2854.43,49.23,48.0,RUNNING_OPTIMAL,0,NORMAL,5.5,OFF_PEAK,GOOD
2026-01-05 00:00:00,PUMP_01,Water Pump,15.335,3.8338,413.0,24.36,47.75,1.465,1446.1,2697.2,26.42,28.0,RUNNING_OPTIMAL,0,NORMAL,5.5,OFF_PEAK,GOOD
2026-01-05 00:15:00,COMPRESSOR_01,Air Compressor,31.459,7.8648,412.5,50.04,70.11,2.283,2949.9,2778.52,202.6,210.0,RUNNING_OPTIMAL,0,NORMAL,5.5,OFF_PEAK,GOOD
2026-01-05 00:15:00,HVAC_01,HVAC System,44.924,11.231,413.4,71.3,42.57,1.768,978.7,3099.74,1268.93,1200.0,RUNNING_OPTIMAL,0,NORMAL,5.5,OFF_PEAK,GOOD
2026-01-05 00:15:00,MOTOR_01,Spinning Motor,39.354,9.8385,416.8,61.95,58.14,1.955,1478.6,2854.68,48.07,48.0,RUNNING_OPTIMAL,0,NORMAL,5.5,OFF_PEAK,GOOD
2026-01-05 00:15:00,PUMP_01,Water Pump,16.678,4.1695,414.4,26.4,47.85,1.495,1452.3,2697.45,28.34,28.0,RUNNING_OPTIMAL,0,NORMAL,5.5,OFF_PEAK,GOOD
2026-01-05 00:30:00,COMPRESSOR_01,Air Compressor,36.149,9.0372,417.4,56.82,72.06,2.44,2941.6,2778.77,225.9,210.0,RUNNING_OPTIMAL,0,NORMAL,5.5,OFF_PEAK,GOOD
2026-01-05 00:30:00,HVAC_01,HVAC System,39.871,9.9678,416.0,62.88,40.8,1.706,979.1,3099.99,1145.92,1200.0,RUNNING_OPTIMAL,0,NORMAL,5.5,OFF_PEAK,GOOD
2026-01-05 00:30:00,MOTOR_01,Spinning Motor,41.752,10.438,416.3,65.8,58.9,1.929,1491.0,2854.93,50.43,48.0,RUNNING_OPTIMAL,0,NORMAL,5.5,OFF_PEAK,GOOD
2026-01-05 00:30:00,PUMP_01,Water Pump,15.883,3.9708,413.5,25.2,48.19,1.5,1453.2,2697.7,28.85,28.0,RUNNING_OPTIMAL,0,NORMAL,5.5,OFF_PEAK,GOOD
2026-01-05 00:45:00,COMPRESSOR_01,Air Compressor,30.271,7.5678,414.3,47.94,70.53,2.267,2952.5,2779.02,195.72,210.0,RUNNING_OPTIMAL,0,NORMAL,5.5,OFF_PEAK,GOOD
2026-01-05 00:45:00,HVAC_01,HVAC System,41.806,10.4515,417.3,65.73,41.09,1.777,972.1,3100.24,1180.38,1200.0,RUNNING_OPTIMAL,0,NORMAL,5.5,OFF_PEAK,GOOD
2026-01-05 00:45:00,MOTOR_01,Spinning Motor,39.11,9.7775,420.2,61.06,58.03,1.951,1479.8,2855.18,47.47,48.0,RUNNING_OPTIMAL,0,NORMAL,5.5,OFF_PEAK,GOOD
2026-01-05 00:45:00,PUMP_01,Water Pump,15.747,3.9368,413.8,24.97,47.85,1.485,1448.4,2697.95,28.18,28.0,RUNNING_OPTIMAL,0,NORMAL,5.5,OFF_PEAK,GOOD
2026-01-05 01:00:00,COMPRESSOR_01,Air Compressor,36.122,9.0305,419.7,56.47,70.41,2.357,2941.2,2779.27,222.25,210.0,RUNNING_OPTIMAL,0,NORMAL,5.5,OFF_PEAK,GOOD
2026-01-05 01:00:00,HVAC_01,HVAC System,41.329,10.3322,411.0,65.97,41.05,1.554,979.0,3100.49,1174.89,1200.0,RUNNING_OPTIMAL,0,NORMAL,5.5,OFF_PEAK,GOOD
2026-01-05 01:00:00,MOTOR_01,Spinning Motor,38.643,9.6608,416.3,60.9,57.47,1.891,1484.8,2855.43,46.1,48.0,RUNNING_OPTIMAL,0,NORMAL,5.5,OFF_PEAK,GOOD
2026-01-05 01:00:00,PUMP_01,Water Pump,16.078,4.0195,417.0,25.3,48.99,1.457,1448.0,2698.2,28.29,28.0,RUNNING_OPTIMAL,0,NORMAL,5.5,OFF_PEAK,GOOD
2026-01-05 01:15:00,COMPRESSOR_01,Air Compressor,34.948,8.737,416.0,55.12,71.72,2.155,2941.3,2779.52,218.43,210.0,RUNNING_OPTIMAL,0,NORMAL,5.5,OFF_PEAK,GOOD
2026-01-05 01:15:00,HVAC_01,HVAC System,43.846,10.9615,416.2,69.12,42.06,1.76,979.5,3100.74,1263.27,1200.0,RUNNING_OPTIMAL,0,NORMAL,5.5,OFF_PEAK,GOOD
2026-01-05 01:15:00,MOTOR_01,Spinning Motor,38.292,9.573,418.2,60.07,57.69,1.779,1479.2,2855.68,47.88,48.0,RUNNING_OPTIMAL,0,NORMAL,5.5,OFF_PEAK,GOOD
2026-01-05 01:15:00,PUMP_01,Water Pump,16.582,4.1455,416.2,26.14,47.19,1.542,1449.0,2698.45,29.65,28.0,RUNNING_OPTIMAL,0,NORMAL,5.5,OFF_PEAK,GOOD
2026-01-05 01:30:00,COMPRESSOR_01,Air Compressor,35.627,8.9068,414.8,56.35,71.47,2.648,2945.0,2779.77,225.67,210.0,RUNNING_OPTIMAL,0,NORMAL,5.5,OFF_PEAK,GOOD
2026-01-05 01:30:00,HVAC_01,HVAC System,44.015,11.0038,417.8,69.12,41.89,1.805,980.9,3100.99,1258.53,1200.0,RUNNING_OPTIMAL,0,NORMAL,5.5,OFF_PEAK,GOOD
2026-01-05 01:30:00,MOTOR_01,Spinning Motor,37.347,9.3368,414.9,59.06,56.64,1.835,1490.0,2855.93,44.82,48.0,RUNNING_OPTIMAL,0,NORMAL,5.5,OFF_PEAK,GOOD
2026-01-05 01:30:00,PUMP_01,Water Pump,16.774,4.1935,422.1,26.07,46.52,1.423,1444.3,2698.7,27.89,28.0,RUNNING_OPTIMAL,0,NORMAL,5.5,OFF_PEAK,GOOD
2026-01-05 01:45:00,COMPRESSOR_01,Air Compressor,33.74,8.435,417.4,53.03,70.93,2.288,2950.0,2780.02,216.07,210.0,RUNNING_OPTIMAL,0,NORMAL,5.5,OFF_PEAK,GOOD
2026-01-05 01:45:00,HVAC_01,HVAC System,42.946,10.7365,413.3,68.17,40.32,1.71,980.3,3101.24,1216.84,1200.0,RUNNING_OPTIMAL,0,NORMAL,5.5,OFF_PEAK,GOOD
2026-01-05 01:45:00,MOTOR_01,Spinning Motor,42.146,10.5365,411.5,67.2,57.31,1.996,1480.2,2856.18,51.7,48.0,RUNNING_OPTIMAL,0,NORMAL,5.5,OFF_PEAK,GOOD
2026-01-05 01:45:00,PUMP_01,Water Pump,15.654,3.9135,416.7,24.65,47.79,1.527,1447.2,2698.95,26.74,28.0,RUNNING_OPTIMAL,0,NORMAL,5.5,OFF_PEAK,GOOD
2026-01-05 02:00:00,COMPRESSOR_01,Air Compressor,34.003,8.5008,416.2,53.6,70.49,2.342,2950.4,2780.27,213.64,210.0,RUNNING_OPTIMAL,0,NORMAL,5.5,OFF_PEAK,GOOD
2026-01-05 02:00:00,HVAC_01,HVAC System,44.173,11.0432,418.0,69.33,42.13,1.716,974.9,3101.49,1259.66,1200.0,RUNNING_OPTIMAL,0,NORMAL,5.5,OFF_PEAK,GOOD
2026-01-05 02:00:00,MOTOR_01,Spinning Motor,41.805,10.4512,418.2,65.58,59.36,1.953,1483.9,2856.43,50.24,48.0,RUNNING_OPTIMAL,0,NORMAL,5.5,OFF_PEAK,GOOD
2026-01-05 02:00:00,PUMP_01,Water Pump,16.701,4.1752,421.0,26.03,49.2,1.568,1440.7,2699.2,29.05,28.0,RUNNING_OPTIMAL,0,NORMAL,5.5,OFF_PEAK,GOOD
2026-01-05 02:15:00,COMPRESSOR_01,Air Compressor,36.311,9.0778,413.9,57.56,70.97,2.439,2947.7,2780.52,221.95,210.0,RUNNING_OPTIMAL,0,NORMAL,5.5,OFF_PEAK,GOOD
2026-01-05 02:15:00,HVAC_01,HVAC System,44.361,11.0902,422.6,68.87,41.52,1.696,978.5,3101.74,1266.22,1200.0,RUNNING_OPTIMAL,0,NORMAL,5.5,OFF_PEAK,GOOD
2026-01-05 02:15:00,MOTOR_01,Spinning Motor,41.659,10.4148,416.7,65.59,58.25,1.942,1489.7,2856.68,49.6,48.0,RUNNING_OPTIMAL,0,NORMAL,5.5,OFF_PEAK,GOOD
2026-01-05 02:15:00,PUMP_01,Water Pump,17.701,4.4252,418.6,27.74,48.09,1.535,1450.1,2699.45,29.53,28.0,RUNNING_OPTIMAL,0,NORMAL,5.5,OFF_PEAK,GOOD
2026-01-05 02:30:00,COMPRESSOR_01,Air Compressor,33.993,8.4982,419.5,53.16,70.56,2.336,2942.6,2780.77,207.23,210.0,RUNNING_OPTIMAL,0,NORMAL,5.5,OFF_PEAK,GOOD
2026-01-05 02:30:00,HVAC_01,HVAC System,46.025,11.5062,415.3,72.71,40.24,1.721,976.3,3101.99,1292.53,1200.0,RUNNING_OPTIMAL,0,NORMAL,5.5,OFF_PEAK,GOOD
2026-01-05 02:30:00,MOTOR_01,Spinning Motor,42.033,10.5082,420.1,65.64,57.46,1.778,1481.9,2856.93,51.85,48.0,RUNNING_OPTIMAL,0,NORMAL,5.5,OFF_PEAK,GOOD
2026-01-05 02:30:00,PUMP_01,Water Pump,17.322,4.3305,420.3,27.04,47.97,1.502,1447.6,2699.7,30.56,28.0,RUNNING_OPTIMAL,0,NORMAL,5.5,OFF_PEAK,GOOD
2026-01-05 02:45:00,COMPRESSOR_01,Air Compressor,36.866,9.2165,419.1,57.71,71.85,2.36,2947.9,2781.02,235.61,210.0,RUNNING_OPTIMAL,0,NORMAL,5.5,OFF_PEAK,GOOD
2026-01-05 02:45:00,HVAC_01,HVAC System,42.194,10.5485,418.4,66.16,40.43,1.686,974.8,3102.24,1184.47,1200.0,RUNNING_OPTIMAL,0,NORMAL,5.5,OFF_PEAK,GOOD
2026-01-05 02:45:00,MOTOR_01,Spinning Motor,40.396,10.099,422.2,62.77,57.08,1.849,1482.5,2857.18,45.48,48.0,RUNNING_OPTIMAL,0,NORMAL,5.5,OFF_PEAK,GOOD
2026-01-05 02:45:00,PUMP_01,Water Pump,14.895,3.7238,416.8,23.45,49.46,1.49,1451.6,2699.95,28.03,28.0,RUNNING_OPTIMAL,0,NORMAL,5.5,OFF_PEAK,GOOD
2026-01-05 03:00:00,COMPRESSOR_01,Air Compressor,35.416,8.854,421.3,55.15,71.84,2.378,2941.1,2781.27,225.31,210.0,RUNNING_OPTIMAL,0,NORMAL,5.5,OFF_PEAK,GOOD
2026-01-05 03:00:00,HVAC_01,HVAC System,45.055,11.2638,421.3,70.16,41.94,1.707,975.8,3102.49,1282.37,1200.0,RUNNING_OPTIMAL,0,NORMAL,5.5,OFF_PEAK,GOOD
2026-01-05 03:00:00,MOTOR_01,Spinning Motor,41.379,10.3448,423.2,64.15,57.9,1.859,1481.1,2857.43,50.46,48.0,RUNNING_OPTIMAL,0,NORMAL,5.5,OFF_PEAK,GOOD
2026-01-05 03:00:00,PUMP_01,Water Pump,17.996,4.499,421.7,28.0,48.21,1.605,1446.1,2700.2,30.7,28.0,RUNNING_OPTIMAL,0,NORMAL,5.5,OFF_PEAK,GOOD
2026-01-05 03:15:00,COMPRESSOR_01,Air Compressor,34.989,8.7472,422.0,54.4,70.55,2.408,2947.9,2781.52,213.55,210.0,RUNNING_OPTIMAL,0,NORMAL,5.5,OFF_PEAK,GOOD
2026-01-05 03:15:00,HVAC_01,HVAC System,43.695,10.9238,419.5,68.34,40.9,1.573,975.3,3102.74,1252.98,1200.0,RUNNING_OPTIMAL,0,NORMAL,5.5,OFF_PEAK,GOOD
2026-01-05 03:15:00,MOTOR_01,Spinning Motor,40.904,10.226,419.3,64.0,58.04,2.067,1483.8,2857.68,52.82,48.0,RUNNING_OPTIMAL,0,NORMAL,5.5,OFF_PEAK,GOOD
2026-01-05 03:15:00,PUMP_01,Water Pump,17.683,4.4208,419.7,27.64,49.06,1.545,1458.8,2700.45,30.57,28.0,RUNNING_OPTIMAL,0,NORMAL,5.5,OFF_PEAK,GOOD
2026-01-05 03:30:00,COMPRESSOR_01,Air Compressor,37.489,9.3722,419.5,58.63,71.36,2.312,2947.2,2781.77,230.64,210.0,RUNNING_OPTIMAL,0,NORMAL,5.5,OFF_PEAK,GOOD
2026-01-05 03:30:00,HVAC_01,HVAC System,43.072,10.768,423.4,66.74,41.57,1.764,976.7,3102.99,1215.64,1200.0,RUNNING_OPTIMAL,0,NORMAL,5.5,OFF_PEAK,GOOD
2026-01-05 03:30:00,MOTOR_01,Spinning Motor,45.113,11.2782,423.8,69.84,58.57,1.955,1487.2,2857.93,54.67,48.0,RUNNING_OPTIMAL,0,NORMAL,5.5,OFF_PEAK,GOOD
2026-01-05 03:30:00,PUMP_01,Water Pump,16.065,4.0162,421.1,25.03,49.51,1.539,1447.4,2700.7,28.27,28.0,RUNNING_OPTIMAL,0,NORMAL,5.5,OFF_PEAK,GOOD
2026-01-05 03:45:00,COMPRESSOR_01,Air Compressor,33.881,8.4702,419.2,53.03,69.52,2.405,2948.6,2782.02,210.47,210.0,RUNNING_OPTIMAL,0,NORMAL,5.5,OFF_PEAK,GOOD
2026-01-05 03:45:00,HVAC_01,HVAC System,45.261,11.3152,421.6,70.43,40.79,1.91,978.8,3103.24,1295.95,1200.0,RUNNING_OPTIMAL,0,NORMAL,5.5,OFF_PEAK,GOOD
2026-01-05 03:45:00,MOTOR_01,Spinning Motor,42.764,10.691,414.0,67.77,57.98,2.007,1485.6,2858.18,50.14,48.0,RUNNING_OPTIMAL,0,NORMAL,5.5,OFF_PEAK,GOOD
2026-01-05 03:45:00,PUMP_01,Water Pump,19.087,4.7718,419.3,29.87,47.01,1.692,1440.4,2700.95,30.21,28.0,RUNNING_OPTIMAL,0,NORMAL,5.5,OFF_PEAK,GOOD
2026-01-05 04:00:00,COMPRESSOR_01,Air Compressor,34.877,8.7192,423.5,54.03,71.44,2.334,2950.0,2782.27,224.27,210.0,RUNNING_OPTIMAL,0,NORMAL,5.5,OFF_PEAK,GOOD
2026-01-05 04:00:00,HVAC_01,HVAC System,45.057,11.2642,421.4,70.15,40.59,1.72,974.6,3103.49,1248.47,1200.0,RUNNING_OPTIMAL,0,NORMAL,5.5,OFF_PEAK,GOOD
2026-01-05 04:00:00,MOTOR_01,Spinning Motor,42.214,10.5535,419.0,66.1,59.04,2.09,1480.5,2858.43,52.05,48.0,RUNNING_OPTIMAL,0,NORMAL,5.5,OFF_PEAK,GOOD
2026-01-05 04:00:00,PUMP_01,Water Pump,15.947,3.9868,421.3,24.83,48.26,1.388,1451.4,2701.2,29.32,28.0,RUNNING_OPTIMAL,0,NORMAL,5.5,OFF_PEAK,GOOD
2026-01-05 04:15:00,COMPRESSOR_01,Air Compressor,38.453,9.6133,424.2,59.47,73.08,2.557,2943.7,2782.52,240.09,210.0,RUNNING_OPTIMAL,0,NORMAL,5.5,OFF_PEAK,GOOD
2026-01-05 04:15:00,HVAC_01,HVAC System,41.087,10.2718,419.5,64.26,40.41,1.604,982.2,3103.74,1162.58,1200.0,RUNNING_OPTIMAL,0,NORMAL,5.5,OFF_PEAK,GOOD
2026-01-05 04:15:00,MOTOR_01,Spinning Motor,44.156,11.039,419.0,69.14,59.11,2.079,1481.1,2858.68,55.29,48.0,RUNNING_OPTIMAL,0,NORMAL,5.5,OFF_PEAK,GOOD
2026-01-05 04:15:00,PUMP_01,Water Pump,17.66,4.415,421.4,27.49,49.28,1.397,1445.3,2701.45,31.1,28.0,RUNNING_OPTIMAL,0,NORMAL,5.5,OFF_PEAK,GOOD
2026-01-05 04:30:00,COMPRESSOR_01,Air Compressor,35.684,8.921,424.7,55.12,71.29,2.139,2941.7,2782.77,220.67,210.0,RUNNING_OPTIMAL,0,NORMAL,5.5,OFF_PEAK,GOOD
2026-01-05 04:30:00,HVAC_01,HVAC System,44.159,11.0398,425.4,68.1,41.8,1.595,982.3,3103.99,1251.69,1200.0,RUNNING_OPTIMAL,0,NORMAL,5.5,OFF_PEAK,GOOD
2026-01-05 04:30:00,MOTOR_01,Spinning Motor,40.93,10.2325,420.7,63.83,59.49,1.928,1473.7,2858.93,50.2,48.0,RUNNING_OPTIMAL,0,NORMAL,5.5,OFF_PEAK,GOOD
2026-01-05 04:30:00,PUMP_01,Water Pump,15.783,3.9458,421.0,24.6,49.42,1.485,1447.7,2701.7,30.76,28.0,RUNNING_OPTIMAL,0,NORMAL,5.5,OFF_PEAK,GOOD
2026-01-05 04:45:00,COMPRESSOR_01,Air Compressor,37.417,9.3542,422.4,58.12,72.73,2.571,2939.1,2783.02,230.24,210.0,RUNNING_OPTIMAL,0,NORMAL,5.5,OFF_PEAK,GOOD
2026-01-05 04:45:00,HVAC_01,HVAC System,44.152,11.038,420.0,68.97,41.15,1.779,980.9,3104.24,1255.59,1200.0,RUNNING_OPTIMAL,0,NORMAL,5.5,OFF_PEAK,GOOD
2026-01-05 04:45:00,MOTOR_01,Spinning Motor,41.403,10.3508,421.7,64.41,58.8,1.923,1478.3,2859.18,49.79,48.0,RUNNING_OPTIMAL,0,NORMAL,5.5,OFF_PEAK,GOOD
2026-01-05 04:45:00,PUMP_01,Water Pump,17.237,4.3092,420.4,26.9,49.72,1.626,1445.8,2701.95,29.95,28.0,RUNNING_OPTIMAL,0,NORMAL,5.5,OFF_PEAK,GOOD
2026-01-05 05:00:00,COMPRESSOR_01,Air Compressor,36.387,9.0968,424.0,56.3,72.27,2.253,2938.6,2783.27,223.84,210.0,RUNNING_OPTIMAL,0,NORMAL,5.5,OFF_PEAK,GOOD
2026-01-05 05:00:00,HVAC_01,HVAC System,46.951,11.7378,420.7,73.22,43.44,1.756,972.5,3104.49,1354.91,1200.0,RUNNING_OPTIMAL,0,NORMAL,5.5,OFF_PEAK,GOOD
2026-01-05 05:00:00,MOTOR_01,Spinning Motor,42.774,10.6935,425.2,66.0,59.72,1.951,1480.3,2859.43,52.39,48.0,RUNNING_OPTIMAL,0,NORMAL,5.5,OFF_PEAK,GOOD
2026-01-05 05:00:00,PUMP_01,Water Pump,17.257,4.3142,423.0,26.77,49.21,1.59,1440.1,2702.2,29.81,28.0,RUNNING_OPTIMAL,0,NORMAL,5.5,OFF_PEAK,GOOD
2026-01-05 05:15:00,COMPRESSOR_01,Air Compressor,36.571,9.1428,420.6,57.05,72.51,2.347,2936.0,2783.52,228.01,210.0,RUNNING_OPTIMAL,0,NORMAL,5.5,OFF_PEAK,GOOD
2026-01-05 05:15:00,HVAC_01,HVAC System,47.045,11.7612,420.6,73.38,41.9,1.902,977.1,3104.74,1280.19,1200.0,RUNNING_OPTIMAL,0,NORMAL,5.5,OFF_PEAK,GOOD
2026-01-05 05:15:00,MOTOR_01,Spinning Motor,42.805,10.7012,425.1,66.06,59.73,1.827,1483.1,2859.68,52.78,48.0,RUNNING_OPTIMAL,0,NORMAL,5.5,OFF_PEAK,GOOD
2026-01-05 05:15:00,PUMP_01,Water Pump,16.468,4.117,424.0,25.48,47.81,1.53,1447.1,2702.45,29.33,28.0,RUNNING_OPTIMAL,0,NORMAL,5.5,OFF_PEAK,GOOD
2026-01-05 05:30:00,COMPRESSOR_01,Air Compressor,34.017,8.5043,422.4,52.84,71.77,2.4,2943.6,2783.77,222.97,210.0,RUNNING_OPTIMAL,0,NORMAL,5.5,OFF_PEAK,GOOD
2026-01-05 05:30:00,HVAC_01,HVAC System,48.318,12.0795,421.8,75.16,41.98,1.756,977.8,3104.99,1356.19,1200.0,RUNNING_OPTIMAL,0,NORMAL,5.5,OFF_PEAK,GOOD
2026-01-05 05:30:00,MOTOR_01,Spinning Motor,43.375,10.8438,424.4,67.05,59.71,2.059,1479.5,2859.93,51.5,48.0,RUNNING_OPTIMAL,0,NORMAL,5.5,OFF_PEAK,GOOD
2026-01-05 05:30:00,PUMP_01,Water Pump,17.954,4.4885,420.7,28.0,48.87,1.437,1442.9,2702.7,29.73,28.0,RUNNING_OPTIMAL,0,NORMAL,5.5,OFF_PEAK,GOOD
2026-01-05 05:45:00,COMPRESSOR_01,Air Compressor,38.398,9.5995,426.1,59.12,72.38,2.424,2933.8,2784.02,237.52,210.0,RUNNING_OPTIMAL,0,NORMAL,5.5,OFF_PEAK,GOOD
2026-01-05 05:45:00,HVAC_01,HVAC System,45.493,11.3732,425.9,70.08,42.64,1.86,974.8,3105.24,1297.62,1200.0,RUNNING_OPTIMAL,0,NORMAL,5.5,OFF_PEAK,GOOD
2026-01-05 05:45:00,MOTOR_01,Spinning Motor,43.496,10.874,421.1,67.77,59.55,2.026,1473.3,2860.18,52.33,48.0,RUNNING_OPTIMAL,0,NORMAL,5.5,OFF_PEAK,GOOD
2026-01-05 05:45:00,PUMP_01,Water Pump,16.762,4.1905,425.1,25.87,50.83,1.386,1445.9,2702.95,32.58,28.0,RUNNING_OPTIMAL,0,NORMAL,5.5,OFF_PEAK,GOOD
2026-01-05 06:00:00,COMPRESSOR_01,Air Compressor,37.718,9.4295,426.8,57.98,74.38,2.356,2939.8,2784.27,234.49,210.0,RUNNING_OPTIMAL,0,NORMAL,7.5,NORMAL,GOOD
2026-01-05 06:00:00,HVAC_01,HVAC System,47.683,11.9208,420.4,74.41,43.44,1.722,979.1,3105.49,1341.23,1200.0,RUNNING_OPTIMAL,0,NORMAL,7.5,NORMAL,GOOD
2026-01-05 06:00:00,MOTOR_01,Spinning Motor,40.051,10.0128,424.8,61.86,58.47,1.965,1486.1,2860.43,47.78,48.0,RUNNING_OPTIMAL,0,NORMAL,7.5,NORMAL,GOOD
2026-01-05 06:00:00,PUMP_01,Water Pump,17.943,4.4858,424.8,27.71,49.88,1.736,1443.0,2703.2,32.86,28.0,RUNNING_OPTIMAL,0,NORMAL,7.5,NORMAL,GOOD
2026-01-05 06:15:00,COMPRESSOR_01,Air Compressor,35.676,8.919,423.8,55.23,72.91,2.395,2946.4,2784.52,218.73,210.0,RUNNING_OPTIMAL,0,NORMAL,7.5,NORMAL,GOOD
2026-01-05 06:15:00,HVAC_01,HVAC System,45.889,11.4722,422.4,71.28,43.4,1.77,981.0,3105.74,1322.01,1200.0,RUNNING_OPTIMAL,0,NORMAL,7.5,NORMAL,GOOD
2026-01-05 06:15:00,MOTOR_01,Spinning Motor,42.832,10.708,420.9,66.76,59.82,2.1,1478.7,2860.68,51.04,48.0,RUNNING_OPTIMAL,0,NORMAL,7.5,NORMAL,GOOD
2026-01-05 06:15:00,PUMP_01,Water Pump,18.433,4.6082,420.3,28.77,52.65,1.594,1445.0,2703.45,30.54,28.0,RUNNING_OPTIMAL,0,NORMAL,7.5,NORMAL,GOOD
2026-01-05 06:30:00,COMPRESSOR_01,Air Compressor,35.509,8.8772,425.9,54.7,74.44,2.463,2952.4,2784.77,223.67,210.0,RUNNING_OPTIMAL,0,NORMAL,7.5,NORMAL,GOOD
2026-01-05 06:30:00,HVAC_01,HVAC System,45.086,11.2715,424.3,69.71,43.42,1.801,974.4,3105.99,1279.91,1200.0,RUNNING_OPTIMAL,0,NORMAL,7.5,NORMAL,GOOD
2026-01-05 06:30:00,MOTOR_01,Spinning Motor,42.999,10.7498,419.4,67.26,60.78,1.946,1483.4,2860.93,53.96,48.0,RUNNING_OPTIMAL,0,NORMAL,7.5,NORMAL,GOOD
2026-01-05 06:30:00,PUMP_01,Water Pump,17.11,4.2775,422.4,26.58,51.3,1.559,1449.9,2703.7,30.88,28.0,RUNNING_OPTIMAL,0,NORMAL,7.5,NORMAL,GOOD
2026-01-05 06:45:00,COMPRESSOR_01,Air Compressor,34.875,8.7188,423.3,54.05,73.08,2.312,2944.6,2785.02,224.96,210.0,RUNNING_OPTIMAL,0,NORMAL,7.5,NORMAL,GOOD
2026-01-05 06:45:00,HVAC_01,HVAC System,44.573,11.1432,425.4,68.74,42.0,1.559,983.2,3106.24,1224.13,1200.0,RUNNING_OPTIMAL,0,NORMAL,7.5,NORMAL,GOOD
2026-01-05 06:45:00,MOTOR_01,Spinning Motor,43.311,10.8278,421.3,67.45,61.78,1.944,1483.1,2861.18,55.03,48.0,RUNNING_OPTIMAL,0,NORMAL,7.5,NORMAL,GOOD
2026-01-05 06:45:00,PUMP_01,Water Pump,17.677,4.4192,421.2,27.53,50.45,1.481,1445.2,2703.95,29.94,28.0,RUNNING_OPTIMAL,0,NORMAL,7.5,NORMAL,GOOD
2026-01-05 07:00:00,COMPRESSOR_01,Air Compressor,35.811,8.9528,424.6,55.33,74.55,2.521,2935.7,2785.27,231.43,210.0,RUNNING_OPTIMAL,0,NORMAL,7.5,NORMAL,GOOD
2026-01-05 07:00:00,HVAC_01,HVAC System,46.615,11.6538,420.2,72.78,46.26,1.81,975.4,3106.49,1322.22,1200.0,RUNNING_OPTIMAL,0,NORMAL,7.5,NORMAL,GOOD
2026-01-05 07:00:00,MOTOR_01,Spinning Motor,44.056,11.014,423.3,68.28,62.35,2.028,1479.1,2861.43,55.85,48.0,RUNNING_OPTIMAL,0,NORMAL,7.5,NORMAL,GOOD
2026-01-05 07:00:00,PUMP_01,Water Pump,17.406,4.3515,426.5,26.78,52.21,1.534,1448.2,2704.2,31.1,28.0,RUNNING_OPTIMAL,0,NORMAL,7.5,NORMAL,GOOD
2026-01-05 07:15:00,COMPRESSOR_01,Air Compressor,36.813,9.2032,418.3,57.74,75.76,2.429,2942.2,2785.52,222.06,210.0,RUNNING_OPTIMAL,0,NORMAL,7.5,NORMAL,GOOD
2026-01-05 07:15:00,HVAC_01,HVAC System,47.587,11.8968,420.3,74.28,45.35,1.608,978.5,3106.74,1359.08,1200.0,RUNNING_OPTIMAL,0,NORMAL,7.5,NORMAL,GOOD
2026-01-05 07:15:00,MOTOR_01,Spinning Motor,41.238,10.3095,423.3,63.92,63.13,1.815,1476.8,2861.68,50.81,48.0,RUNNING_OPTIMAL,0,NORMAL,7.5,NORMAL,GOOD
2026-01-05 07:15:00,PUMP_01,Water Pump,17.688,4.422,424.3,27.35,52.96,1.572,1453.7,2704.45,29.11,28.0,RUNNING_OPTIMAL,0,NORMAL,7.5,NORMAL,GOOD
2026-01-05 07:30:00,COMPRESSOR_01,Air Compressor,37.683,9.4208,423.0,58.45,75.67,2.374,2932.7,2785.77,234.99,210.0,RUNNING_OPTIMAL,0,NORMAL,7.5,NORMAL,GOOD
2026-01-05 07:30:00,HVAC_01,HVAC System,43.734,10.9335,422.8,67.86,45.0,1.714,973.8,3106.99,1286.53,1200.0,RUNNING_OPTIMAL,0,NORMAL,7.5,NORMAL,GOOD
2026-01-05 07:30:00,MOTOR_01,Spinning Motor,44.764,11.191,421.7,69.64,62.53,2.028,1486.9,2861.93,52.86,48.0,RUNNING_OPTIMAL,0,NORMAL,7.5,NORMAL,GOOD
2026-01-05 07:30:00,PUMP_01,Water Pump,17.006,4.2515,423.6,26.34,51.59,1.579,1447.7,2704.7,31.8,28.0,RUNNING_OPTIMAL,0,NORMAL,7.5,NORMAL,GOOD
2026-01-05 07:45:00,COMPRESSOR_01,Air Compressor,35.722,8.9305,417.6,56.12,73.97,2.5,2938.1,2786.02,225.77,210.0,RUNNING_OPTIMAL,0,NORMAL,7.5,NORMAL,GOOD
2026-01-05 07:45:00,HVAC_01,HVAC System,44.168,11.042,425.1,68.17,44.01,1.815,977.3,3107.24,1291.6,1200.0,RUNNING_OPTIMAL,0,NORMAL,7.5,NORMAL,GOOD
2026-01-05 07:45:00,MOTOR_01,Spinning Motor,43.181,10.7952,427.3,66.3,63.01,2.09,1485.8,2862.18,52.57,48.0,RUNNING_OPTIMAL,0,NORMAL,7.5,NORMAL,GOOD
2026-01-05 07:45:00,PUMP_01,Water Pump,16.903,4.2258,425.1,26.09,52.18,1.565,1451.8,2704.95,30.28,28.0,RUNNING_OPTIMAL,0,NORMAL,7.5,NORMAL,GOOD
2026-01-05 08:00:00,COMPRESSOR_01,Air Compressor,35.058,8.7645,421.1,54.62,76.94,2.488,2948.0,2786.27,216.82,210.0,RUNNING_OPTIMAL,0,NORMAL,7.5,NORMAL,GOOD
2026-01-05 08:00:00,HVAC_01,HVAC System,45.842,11.4605,420.4,71.54,46.82,1.677,969.8,3107.49,1289.25,1200.0,RUNNING_OPTIMAL,0,NORMAL,7.5,NORMAL,GOOD
2026-01-05 08:00:00,MOTOR_01,Spinning Motor,43.344,10.836,423.7,67.12,62.8,2.021,1484.1,2862.43,51.7,48.0,RUNNING_OPTIMAL,0,NORMAL,7.5,NORMAL,GOOD
2026-01-05 08:00:00,PUMP_01,Water Pump,17.222,4.3055,420.3,26.88,53.19,1.587,1446.8,2705.2,27.86,28.0,RUNNING_OPTIMAL,0,NORMAL,7.5,NORMAL,GOOD
2026-01-05 08:15:00,COMPRESSOR_01,Air Compressor,38.919,9.7297,416.4,61.32,76.94,2.536,2941.8,2786.52,239.33,210.0,RUNNING_OPTIMAL,0,NORMAL,7.5,NORMAL,GOOD
2026-01-05 08:15:00,HVAC_01,HVAC System,45.366,11.3415,423.0,70.36,46.12,1.612,978.1,3107.74,1289.86,1200.0,RUNNING_OPTIMAL,0,NORMAL,7.5,NORMAL,GOOD
2026-01-05 08:15:00,MOTOR_01,Spinning Motor,44.426,11.1065,421.9,69.09,62.1,1.957,1480.0,2862.68,54.17,48.0,RUNNING_OPTIMAL,0,NORMAL,7.5,NORMAL,GOOD
2026-01-05 08:15:00,PUMP_01,Water Pump,16.563,4.1408,422.8,25.7,53.75,1.473,1454.5,2705.45,30.55,28.0,RUNNING_OPTIMAL,0,NORMAL,7.5,NORMAL,GOOD
2026-01-05 08:30:00,COMPRESSOR_01,Air Compressor,36.186,9.0465,422.1,56.24,77.44,2.406,2950.4,2786.77,231.68,210.0,RUNNING_OPTIMAL,0,NORMAL,7.5,NORMAL,GOOD
2026-01-05 08:30:00,HVAC_01,HVAC System,44.377,11.0942,417.5,69.74,46.27,1.845,978.9,3107.99,1283.06,1200.0,RUNNING_OPTIMAL,0,NORMAL,7.5,NORMAL,GOOD
2026-01-05 08:30:00,MOTOR_01,Spinning Motor,42.21,10.5525,419.8,65.97,62.93,2.075,1482.5,2862.93,48.83,48.0,RUNNING_OPTIMAL,0,NORMAL,7.5,NORMAL,GOOD
2026-01-05 08:30:00,PUMP_01,Water Pump,15.501,3.8752,421.4,24.13,52.86,1.559,1450.9,2705.7,31.18,28.0,RUNNING_OPTIMAL,0,NORMAL,7.5,NORMAL,GOOD
2026-01-05 08:45:00,COMPRESSOR_01,Air Compressor,37.975,9.4938,422.0,59.04,77.41,2.392,2940.3,2787.02,238.74,210.0,RUNNING_OPTIMAL,0,NORMAL,7.5,NORMAL,GOOD
2026-01-05 08:45:00,HVAC_01,HVAC System,45.171,11.2928,418.0,70.9,45.99,1.568,976.7,3108.24,1276.74,1200.0,RUNNING_OPTIMAL,0,NORMAL,7.5,NORMAL,GOOD
2026-01-05 08:45:00,MOTOR_01,Spinning Motor,43.075,10.7688,419.9,67.3,64.64,1.902,1488.3,2863.18,52.14,48.0,RUNNING_OPTIMAL,0,NORMAL,7.5,NORMAL,GOOD
2026-01-05 08:45:00,PUMP_01,Water Pump,18.014,4.5035,424.0,27.87,54.31,1.521,1442.4,2705.95,30.83,28.0,RUNNING_OPTIMAL,0,NORMAL,7.5,NORMAL,GOOD
2026-01-05 09:00:00,COMPRESSOR_01,Air Compressor,33.951,8.4878,423.4,52.61,77.33,2.425,2945.1,2787.27,213.13,210.0,RUNNING_OPTIMAL,0,NORMAL,7.5,NORMAL,GOOD
2026-01-05 09:00:00,HVAC_01,HVAC System,43.416,10.854,417.6,68.21,46.23,1.822,972.4,3108.49,1235.49,1200.0,RUNNING_OPTIMAL,0,NORMAL,7.5,NORMAL,GOOD
2026-01-05 09:00:00,MOTOR_01,Spinning Motor,42.802,10.7005,421.3,66.65,64.36,1.884,1477.6,2863.43,53.36,48.0,RUNNING_OPTIMAL,0,NORMAL,7.5,NORMAL,GOOD
2026-01-05 09:00:00,PUMP_01,Water Pump,15.286,3.8215,422.6,23.73,53.15,1.41,1448.2,2706.2,28.7,28.0,RUNNING_OPTIMAL,0,NORMAL,7.5,NORMAL,GOOD
2026-01-05 09:15:00,COMPRESSOR_01,Air Compressor,35.47,8.8675,421.4,55.22,76.61,2.527,2954.0,2787.52,218.05,210.0,RUNNING_OPTIMAL,0,NORMAL,7.5,NORMAL,GOOD
2026-01-05 09:15:00,HVAC_01,HVAC System,44.769,11.1922,420.0,69.93,47.28,1.588,975.2,3108.74,1275.46,1200.0,RUNNING_OPTIMAL,0,NORMAL,7.5,NORMAL,GOOD
2026-01-05 09:15:00,MOTOR_01,Spinning Motor,42.418,10.6045,417.8,66.61,65.19,1.949,1487.1,2863.68,51.57,48.0,RUNNING_OPTIMAL,0,NORMAL,7.5,NORMAL,GOOD
2026-01-05 09:15:00,PUMP_01,Water Pump,17.827,4.4568,421.3,27.76,54.64,1.492,1454.5,2706.45,31.57,28.0,RUNNING_OPTIMAL,0,NORMAL,7.5,NORMAL,GOOD
2026-01-05 09:30:00,COMPRESSOR_01,Air Compressor,37.135,9.2838,418.8,58.17,77.89,2.347,2939.8,2787.77,226.84,210.0,RUNNING_OPTIMAL,0,NORMAL,7.5,NORMAL,GOOD
2026-01-05 09:30:00,HVAC_01,HVAC System,46.527,11.6318,416.7,73.26,46.86,1.854,976.5,3108.99,1310.38,1200.0,RUNNING_OPTIMAL,0,NORMAL,7.5,NORMAL,GOOD
2026-01-05 09:30:00,MOTOR_01,Spinning Motor,45.17,11.2925,421.4,70.33,63.9,1.813,1486.0,2863.93,53.92,48.0,RUNNING_OPTIMAL,0,NORMAL,7.5,NORMAL,GOOD
2026-01-05 09:30:00,PUMP_01,Water Pump,16.894,4.2235,416.9,26.59,54.09,1.549,1438.2,2706.7,30.88,28.0,RUNNING_OPTIMAL,0,NORMAL,7.5,NORMAL,GOOD
2026-01-05 09:45:00,COMPRESSOR_01,Air Compressor,37.106,9.2765,418.0,58.24,77.77,2.305,2938.1,2788.02,227.99,210.0,RUNNING_OPTIMAL,0,NORMAL,7.5,NORMAL,GOOD
2026-01-05 09:45:00,HVAC_01,HVAC System,47.086,11.7715,418.3,73.85,47.98,1.778,970.1,3109.24,1315.53,1200.0,RUNNING_OPTIMAL,0,NORMAL,7.5,NORMAL,GOOD
2026-01-05 09:45:00,MOTOR_01,Spinning Motor,43.692,10.923,419.9,68.27,65.08,1.87,1479.6,2864.18,52.69,48.0,RUNNING_OPTIMAL,0,NORMAL,7.5,NORMAL,GOOD
2026-01-05 09:45:00,PUMP_01,Water Pump,16.676,4.169,415.5,26.33,53.62,1.512,1443.0,2706.95,27.62,28.0,RUNNING_OPTIMAL,0,NORMAL,7.5,NORMAL,GOOD
2026-01-05 10:00:00,COMPRESSOR_01,Air Compressor,35.402,8.8505,415.2,55.94,77.07,2.471,2943.2,2788.27,226.26,210.0,RUNNING_OPTIMAL,0,NORMAL,7.5,NORMAL,GOOD
2026-01-05 10:00:00,HVAC_01,HVAC System,45.179,11.2948,415.8,71.29,48.49,1.824,974.3,3109.49,1244.47,1200.0,RUNNING_OPTIMAL,0,NORMAL,7.5,NORMAL,GOOD
2026-01-05 10:00:00,MOTOR_01,Spinning Motor,44.434,11.1085,417.5,69.83,64.97,2.071,1482.8,2864.43,49.27,48.0,RUNNING_OPTIMAL,0,NORMAL,7.5,NORMAL,GOOD
2026-01-05 10:00:00,PUMP_01,Water Pump,17.285,4.3212,415.1,27.32,57.88,1.424,1445.7,2707.2,29.77,28.0,RUNNING_OPTIMAL,0,NORMAL,7.5,NORMAL,GOOD
2026-01-05 10:15:00,COMPRESSOR_01,Air Compressor,35.806,8.9515,420.0,55.93,80.39,2.344,2941.9,2788.52,229.09,210.0,RUNNING_OPTIMAL,0,NORMAL,7.5,NORMAL,GOOD
2026-01-05 10:15:00,HVAC_01,HVAC System,43.709,10.9273,418.8,68.47,49.44,1.734,977.9,3109.74,1269.77,1200.0,RUNNING_OPTIMAL,0,NORMAL,7.5,NORMAL,GOOD
2026-01-05 10:15:00,MOTOR_01,Spinning Motor,40.523,10.1308,421.5,63.08,65.43,2.034,1483.0,2864.68,49.83,48.0,RUNNING_OPTIMAL,0,NORMAL,7.5,NORMAL,GOOD
2026-01-05 10:15:00,PUMP_01,Water Pump,16.342,4.0855,417.1,25.71,55.89,1.566,1441.1,2707.45,29.75,28.0,RUNNING_OPTIMAL,0,NORMAL,7.5,NORMAL,GOOD
2026-01-05 10:30:00,COMPRESSOR_01,Air Compressor,35.583,8.8958,421.1,55.44,78.41,2.509,2946.5,2788.77,219.99,210.0,RUNNING_OPTIMAL,0,NORMAL,7.5,NORMAL,GOOD
2026-01-05 10:30:00,HVAC_01,HVAC System,46.107,11.5268,418.7,72.25,49.93,1.775,979.9,3109.99,1272.14,1200.0,RUNNING_OPTIMAL,0,NORMAL,7.5,NORMAL,GOOD
2026-01-05 10:30:00,MOTOR_01,Spinning Motor,38.99,9.7475,419.8,60.94,65.84,14.5,1488.5,2864.93,48.36,48.0,RUNNING_OPTIMAL,1,SENSOR_GLITCH,7.5,NORMAL,GOOD
2026-01-05 10:30:00,PUMP_01,Water Pump,17.29,4.3225,420.7,26.96,55.3,1.414,1451.1,2707.7,29.28,28.0,RUNNING_OPTIMAL,0,NORMAL,7.5,NORMAL,GOOD
2026-01-05 10:45:00,COMPRESSOR_01,Air Compressor,36.65,9.1625,415.9,57.82,77.28,2.388,2944.3,2789.02,223.36,210.0,RUNNING_OPTIMAL,0,NORMAL,7.5,NORMAL,GOOD
2026-01-05 10:45:00,HVAC_01,HVAC System,44.5,11.125,412.4,70.79,47.42,1.68,976.3,3110.24,1211.59,1200.0,RUNNING_OPTIMAL,0,NORMAL,7.5,NORMAL,GOOD
2026-01-05 10:45:00,MOTOR_01,Spinning Motor,44.301,11.0752,422.6,68.78,66.54,1.97,1485.5,2865.18,54.32,48.0,RUNNING_OPTIMAL,0,NORMAL,7.5,NORMAL,GOOD
2026-01-05 10:45:00,PUMP_01,Water Pump,16.741,4.1852,414.7,26.49,55.33,1.475,1454.9,2707.95,29.82,28.0,RUNNING_OPTIMAL,0,NORMAL,7.5,NORMAL,GOOD
2026-01-05 11:00:00,COMPRESSOR_01,Air Compressor,33.205,8.3012,416.9,52.26,79.46,2.548,2938.3,2789.27,212.25,210.0,RUNNING_OPTIMAL,0,NORMAL,7.5,NORMAL,GOOD
2026-01-05 11:00:00,HVAC_01,HVAC System,44.124,11.031,419.0,69.09,50.68,1.754,976.8,3110.49,1266.67,1200.0,RUNNING_OPTIMAL,0,NORMAL,7.5,NORMAL,GOOD
2026-01-05 11:00:00,MOTOR_01,Spinning Motor,38.521,9.6302,415.5,60.83,66.22,1.916,1488.1,2865.43,48.09,48.0,RUNNING_OPTIMAL,0,NORMAL,7.5,NORMAL,GOOD
2026-01-05 11:00:00,PUMP_01,Water Pump,15.394,3.8485,416.0,24.28,56.75,1.553,1446.2,2708.2,28.44,28.0,RUNNING_OPTIMAL,0,NORMAL,7.5,NORMAL,GOOD
2026-01-05 11:15:00,COMPRESSOR_01,Air Compressor,33.819,8.4548,416.8,53.23,78.4,2.505,2947.6,2789.52,210.14,210.0,RUNNING_OPTIMAL,0,NORMAL,7.5,NORMAL,GOOD
2026-01-05 11:15:00,HVAC_01,HVAC System,43.584,10.896,423.0,67.6,50.81,1.784,982.4,3110.74,1293.61,1200.0,RUNNING_OPTIMAL,0,NORMAL,7.5,NORMAL,GOOD
2026-01-05 11:15:00,MOTOR_01,Spinning Motor,39.448,9.862,417.0,62.06,67.43,1.988,1489.0,2865.68,46.21,48.0,RUNNING_OPTIMAL,0,NORMAL,7.5,NORMAL,GOOD
2026-01-05 11:15:00,PUMP_01,Water Pump,17.305,4.3262,417.4,27.2,57.11,1.524,1451.8,2708.45,28.63,28.0,RUNNING_OPTIMAL,0,NORMAL,7.5,NORMAL,GOOD
2026-01-05 11:30:00,COMPRESSOR_01,Air Compressor,36.666,9.1665,412.6,58.3,79.65,2.405,2942.2,2789.77,227.18,210.0,RUNNING_OPTIMAL,0,NORMAL,7.5,NORMAL,GOOD
2026-01-05 11:30:00,HVAC_01,HVAC System,43.145,10.7863,413.4,68.47,50.25,1.694,981.1,3110.99,1189.28,1200.0,RUNNING_OPTIMAL,0,NORMAL,7.5,NORMAL,GOOD
2026-01-05 11:30:00,MOTOR_01,Spinning Motor,38.537,9.6342,420.5,60.13,66.01,1.963,1487.6,2865.93,49.3,48.0,RUNNING_OPTIMAL,0,NORMAL,7.5,NORMAL,GOOD
2026-01-05 11:30:00,PUMP_01,Water Pump,17.153,4.2882,418.1,26.92,55.82,1.589,1455.7,2708.7,28.69,28.0,RUNNING_OPTIMAL,0,NORMAL,7.5,NORMAL,GOOD
2026-01-05 11:45:00,COMPRESSOR_01,Air Compressor,33.25,8.3125,415.5,52.5,77.43,2.353,2949.8,2790.02,209.01,210.0,RUNNING_OPTIMAL,0,NORMAL,7.5,NORMAL,GOOD
2026-01-05 11:45:00,HVAC_01,HVAC System,47.592,11.898,421.9,74.01,50.65,1.698,980.5,3111.24,1337.59,1200.0,RUNNING_OPTIMAL,0,NORMAL,7.5,NORMAL,GOOD
2026-01-05 11:45:00,MOTOR_01,Spinning Motor,41.562,10.3905,416.7,65.44,65.31,1.777,1486.4,2866.18,49.25,48.0,RUNNING_OPTIMAL,0,NORMAL,7.5,NORMAL,GOOD
2026-01-05 11:45:00,PUMP_01,Water Pump,15.091,3.7728,419.4,23.61,56.21,1.721,1451.1,2708.95,27.73,28.0,RUNNING_OPTIMAL,0,NORMAL,7.5,NORMAL,GOOD
2026-01-05 12:00:00,COMPRESSOR_01,Air Compressor,32.538,8.1345,414.9,51.45,79.66,2.546,2946.4,2790.27,206.16,210.0,RUNNING_OPTIMAL,0,NORMAL,7.5,NORMAL,GOOD
2026-01-05 12:00:00,HVAC_01,HVAC System,39.991,9.9978,417.7,62.81,48.8,1.594,978.6,3111.49,1149.42,1200.0,RUNNING_OPTIMAL,0,NORMAL,7.5,NORMAL,GOOD
2026-01-05 12:00:00,MOTOR_01,Spinning Motor,41.443,10.3608,412.1,65.98,66.14,2.059,1488.3,2866.43,48.56,48.0,RUNNING_OPTIMAL,0,NORMAL,7.5,NORMAL,GOOD
2026-01-05 12:00:00,PUMP_01,Water Pump,15.308,3.827,419.6,23.94,56.56,1.591,1446.8,2709.2,28.49,28.0,RUNNING_OPTIMAL,0,NORMAL,7.5,NORMAL,GOOD
2026-01-05 12:15:00,COMPRESSOR_01,Air Compressor,33.535,8.3837,416.1,52.88,79.07,2.424,2940.0,2790.52,204.73,210.0,RUNNING_OPTIMAL,0,NORMAL,7.5,NORMAL,GOOD
2026-01-05 12:15:00,HVAC_01,HVAC System,42.897,10.7242,415.5,67.73,49.62,1.851,977.1,3111.74,1201.53,1200.0,RUNNING_OPTIMAL,0,NORMAL,7.5,NORMAL,GOOD
2026-01-05 12:15:00,MOTOR_01,Spinning Motor,39.111,9.7778,415.1,61.82,67.01,1.925,1483.6,2866.68,47.76,48.0,RUNNING_OPTIMAL,0,NORMAL,7.5,NORMAL,GOOD
2026-01-05 12:15:00,PUMP_01,Water Pump,14.76,3.69,411.6,23.53,57.41,1.527,1454.6,2709.45,25.59,28.0,RUNNING_OPTIMAL,0,NORMAL,7.5,NORMAL,GOOD
2026-01-05 12:30:00,COMPRESSOR_01,Air Compressor,34.642,8.6605,408.5,55.64,80.34,2.347,2943.4,2790.77,217.38,210.0,RUNNING_OPTIMAL,0,NORMAL,7.5,NORMAL,GOOD
2026-01-05 12:30:00,HVAC_01,HVAC System,43.282,10.8205,414.3,68.54,49.59,1.816,978.4,3111.99,1219.63,1200.0,RUNNING_OPTIMAL,0,NORMAL,7.5,NORMAL,GOOD
2026-01-05 12:30:00,MOTOR_01,Spinning Motor,36.264,9.066,412.2,57.72,65.78,1.897,1482.2,2866.93,45.77,48.0,RUNNING_OPTIMAL,0,NORMAL,7.5,NORMAL,GOOD
2026-01-05 12:30:00,PUMP_01,Water Pump,17.411,4.3528,415.8,27.47,57.33,1.672,1450.2,2709.7,29.77,28.0,RUNNING_OPTIMAL,0,NORMAL,7.5,NORMAL,GOOD
2026-01-05 12:45:00,COMPRESSOR_01,Air Compressor,32.178,8.0445,412.7,51.15,79.4,2.428,2957.8,2791.02,210.75,210.0,RUNNING_OPTIMAL,0,NORMAL,7.5,NORMAL,GOOD
2026-01-05 12:45:00,HVAC_01,HVAC System,39.911,9.9778,414.8,63.13,48.81,1.661,976.7,3112.24,1145.48,1200.0,RUNNING_OPTIMAL,0,NORMAL,7.5,NORMAL,GOOD
2026-01-05 12:45:00,MOTOR_01,Spinning Motor,41.667,10.4168,418.7,65.29,67.77,2.154,1483.0,2867.18,50.61,48.0,RUNNING_OPTIMAL,0,NORMAL,7.5,NORMAL,GOOD
2026-01-05 12:45:00,PUMP_01,Water Pump,18.018,4.5045,414.6,28.51,57.84,1.459,1454.8,2709.95,27.99,28.0,RUNNING_OPTIMAL,0,NORMAL,7.5,NORMAL,GOOD
2026-01-05 13:00:00,COMPRESSOR_01,Air Compressor,16.793,4.1982,413.6,26.64,68.55,1.543,2957.9,2791.27,0.0,42.0,IDLE_UNLOADED,0,NORMAL,7.5,NORMAL,GOOD
2026-01-05 13:00:00,HVAC_01,HVAC System,15.382,3.8455,414.3,24.36,37.26,1.12,984.3,3112.49,0.0,240.0,IDLE_UNLOADED,0,NORMAL,7.5,NORMAL,GOOD
2026-01-05 13:00:00,MOTOR_01,Spinning Motor,11.583,2.8958,410.8,18.5,53.11,1.242,1488.9,2867.43,0.0,9.6,IDLE_UNLOADED,0,NORMAL,7.5,NORMAL,GOOD
2026-01-05 13:00:00,PUMP_01,Water Pump,3.543,0.8858,411.9,5.64,43.18,0.923,1459.1,2710.2,0.0,5.6,IDLE_UNLOADED,0,NORMAL,7.5,NORMAL,GOOD
2026-01-05 13:15:00,COMPRESSOR_01,Air Compressor,15.866,3.9665,411.0,25.33,66.17,1.544,2954.1,2791.52,0.0,42.0,IDLE_UNLOADED,0,NORMAL,7.5,NORMAL,GOOD
2026-01-05 13:15:00,HVAC_01,HVAC System,15.023,3.7558,416.1,23.69,36.27,1.131,983.1,3112.74,0.0,240.0,IDLE_UNLOADED,0,NORMAL,7.5,NORMAL,GOOD
2026-01-05 13:15:00,MOTOR_01,Spinning Motor,12.338,3.0845,413.6,19.57,53.46,1.31,1490.2,2867.68,0.0,9.6,IDLE_UNLOADED,0,NORMAL,7.5,NORMAL,GOOD
2026-01-05 13:15:00,PUMP_01,Water Pump,3.829,0.9572,415.2,6.05,43.23,1.005,1456.9,2710.45,0.0,5.6,IDLE_UNLOADED,0,NORMAL,7.5,NORMAL,GOOD
2026-01-05 13:30:00,COMPRESSOR_01,Air Compressor,33.293,8.3232,416.2,52.48,81.27,2.361,2949.8,2791.77,209.13,210.0,RUNNING_OPTIMAL,0,NORMAL,7.5,NORMAL,GOOD
2026-01-05 13:30:00,HVAC_01,HVAC System,40.356,10.089,413.5,64.03,49.47,1.659,978.9,3112.99,1160.66,1200.0,RUNNING_OPTIMAL,0,NORMAL,7.5,NORMAL,GOOD
2026-01-05 13:30:00,MOTOR_01,Spinning Motor,36.912,9.228,414.9,58.37,67.25,1.919,1487.1,2867.93,42.9,48.0,RUNNING_OPTIMAL,0,NORMAL,7.5,NORMAL,GOOD
2026-01-05 13:30:00,PUMP_01,Water Pump,14.597,3.6492,411.3,23.28,55.99,1.462,1447.0,2710.7,26.9,28.0,RUNNING_OPTIMAL,0,NORMAL,7.5,NORMAL,GOOD
2026-01-05 13:45:00,COMPRESSOR_01,Air Compressor,33.722,8.4305,415.5,53.25,79.43,2.413,2948.3,2792.02,213.64,210.0,RUNNING_OPTIMAL,0,NORMAL,7.5,NORMAL,GOOD
2026-01-05 13:45:00,HVAC_01,HVAC System,38.986,9.7465,412.6,61.99,48.58,1.628,976.7,3113.24,1127.27,1200.0,RUNNING_OPTIMAL,0,NORMAL,7.5,NORMAL,GOOD
2026-01-05 13:45:00,MOTOR_01,Spinning Motor,37.276,9.319,413.7,59.12,65.86,1.861,1484.5,2868.18,45.82,48.0,RUNNING_OPTIMAL,0,NORMAL,7.5,NORMAL,GOOD
2026-01-05 13:45:00,PUMP_01,Water Pump,15.58,3.895,411.0,24.87,57.44,1.601,1438.9,2710.95,26.8,28.0,RUNNING_OPTIMAL,0,NORMAL,7.5,NORMAL,GOOD
2026-01-05 14:00:00,COMPRESSOR_01,Air Compressor,31.851,7.9628,411.3,50.81,79.4,2.322,2956.3,2792.27,192.38,210.0,RUNNING_OPTIMAL,0,NORMAL,7.5,NORMAL,GOOD
2026-01-05 14:00:00,HVAC_01,HVAC System,38.564,9.641,414.9,60.98,49.18,1.664,982.1,3113.49,1118.23,1200.0,RUNNING_OPTIMAL,0,NORMAL,7.5,NORMAL,GOOD
2026-01-05 14:00:00,MOTOR_01,Spinning Motor,37.073,9.2682,409.0,59.47,67.17,1.865,1489.7,2868.43,46.82,48.0,RUNNING_OPTIMAL,0,NORMAL,7.5,NORMAL,GOOD
2026-01-05 14:00:00,PUMP_01,Water Pump,15.651,3.9128,410.7,25.0,56.34,1.623,1446.6,2711.2,26.16,28.0,RUNNING_OPTIMAL,0,NORMAL,7.5,NORMAL,GOOD
2026-01-05 14:15:00,COMPRESSOR_01,Air Compressor,32.099,8.0247,413.8,50.89,79.67,2.349,2957.5,2792.52,203.24,210.0,RUNNING_OPTIMAL,0,NORMAL,7.5,NORMAL,GOOD
2026-01-05 14:15:00,HVAC_01,HVAC System,38.91,9.7275,414.1,61.65,49.8,1.806,978.2,3113.74,1132.19,1200.0,RUNNING_OPTIMAL,0,NORMAL,7.5,NORMAL,GOOD
2026-01-05 14:15:00,MOTOR_01,Spinning Motor,37.269,9.3172,410.8,59.52,67.22,1.936,1495.9,2868.68,46.22,48.0,RUNNING_OPTIMAL,0,NORMAL,7.5,NORMAL,GOOD
2026-01-05 14:15:00,PUMP_01,Water Pump,15.971,3.9928,409.6,25.58,58.61,1.529,1456.9,2711.45,27.62,28.0,RUNNING_OPTIMAL,0,NORMAL,7.5,NORMAL,GOOD
2026-01-05 14:30:00,COMPRESSOR_01,Air Compressor,30.717,7.6792,410.0,49.15,79.08,2.325,2958.1,2792.77,194.24,210.0,RUNNING_OPTIMAL,0,NORMAL,7.5,NORMAL,GOOD
2026-01-05 14:30:00,HVAC_01,HVAC System,37.811,9.4528,413.8,59.95,49.43,1.562,982.5,3113.99,1067.28,1200.0,RUNNING_OPTIMAL,0,NORMAL,7.5,NORMAL,GOOD
2026-01-05 14:30:00,MOTOR_01,Spinning Motor,37.679,9.4198,409.5,60.37,65.92,1.815,1485.1,2868.93,46.69,48.0,RUNNING_OPTIMAL,0,NORMAL,7.5,NORMAL,GOOD
2026-01-05 14:30:00,PUMP_01,Water Pump,14.039,3.5098,414.8,22.21,57.48,1.539,1447.3,2711.7,26.7,28.0,RUNNING_OPTIMAL,0,NORMAL,7.5,NORMAL,GOOD
2026-01-05 14:45:00,COMPRESSOR_01,Air Compressor,32.086,8.0215,414.8,50.75,81.0,2.283,2955.5,2793.02,201.39,210.0,RUNNING_OPTIMAL,0,NORMAL,7.5,NORMAL,GOOD
2026-01-05 14:45:00,HVAC_01,HVAC System,42.546,10.6365,418.2,66.75,51.14,1.936,973.8,3114.24,1225.13,1200.0,RUNNING_OPTIMAL,0,NORMAL,7.5,NORMAL,GOOD
2026-01-05 14:45:00,MOTOR_01,Spinning Motor,38.13,9.5325,409.6,61.08,65.78,1.946,1484.3,2869.18,46.88,48.0,RUNNING_OPTIMAL,0,NORMAL,7.5,NORMAL,GOOD
2026-01-05 14:45:00,PUMP_01,Water Pump,13.764,3.441,411.7,21.93,57.12,1.553,1453.1,2711.95,24.92,28.0,RUNNING_OPTIMAL,0,NORMAL,7.5,NORMAL,GOOD
2026-01-05 15:00:00,COMPRESSOR_01,Air Compressor,32.342,8.0855,408.8,51.91,80.24,2.278,2953.0,2793.27,201.88,210.0,RUNNING_OPTIMAL,0,NORMAL,7.5,NORMAL,GOOD
2026-01-05 15:00:00,HVAC_01,HVAC System,39.881,9.9702,409.4,63.91,49.15,1.66,987.9,3114.49,1151.83,1200.0,RUNNING_OPTIMAL,0,NORMAL,7.5,NORMAL,GOOD
2026-01-05 15:00:00,MOTOR_01,Spinning Motor,38.938,9.7345,410.8,62.19,67.37,1.808,1489.6,2869.43,49.09,48.0,RUNNING_OPTIMAL,0,NORMAL,7.5,NORMAL,GOOD
2026-01-05 15:00:00,PUMP_01,Water Pump,14.641,3.6602,407.1,23.6,56.57,1.591,1456.4,2712.2,27.44,28.0,RUNNING_OPTIMAL,0,NORMAL,7.5,NORMAL,GOOD
2026-01-05 15:15:00,COMPRESSOR_01,Air Compressor,31.244,7.811,407.1,50.35,79.57,2.368,2942.1,2793.52,196.81,210.0,RUNNING_OPTIMAL,0,NORMAL,7.5,NORMAL,GOOD
2026-01-05 15:15:00,HVAC_01,HVAC System,40.472,10.118,402.8,65.92,49.72,1.681,971.2,3114.74,1123.54,1200.0,RUNNING_OPTIMAL,0,NORMAL,7.5,NORMAL,GOOD
2026-01-05 15:15:00,MOTOR_01,Spinning Motor,35.644,8.911,409.7,57.08,67.38,2.014,1491.4,2869.68,43.38,48.0,RUNNING_OPTIMAL,0,NORMAL,7.5,NORMAL,GOOD
2026-01-05 15:15:00,PUMP_01,Water Pump,14.474,3.6185,404.1,23.5,56.99,1.527,1452.3,2712.45,23.42,28.0,RUNNING_OPTIMAL,0,NORMAL,7.5,NORMAL,GOOD
2026-01-05 15:30:00,COMPRESSOR_01,Air Compressor,33.74,8.435,408.2,54.23,78.84,2.421,2955.7,2793.77,201.18,210.0,RUNNING_OPTIMAL,0,NORMAL,7.5,NORMAL,GOOD
2026-01-05 15:30:00,HVAC_01,HVAC System,39.407,9.8517,411.9,62.77,49.09,1.583,984.3,3114.99,1091.18,1200.0,RUNNING_OPTIMAL,0,NORMAL,7.5,NORMAL,GOOD
2026-01-05 15:30:00,MOTOR_01,Spinning Motor,36.443,9.1108,409.0,58.46,66.15,1.869,1481.5,2869.93,43.29,48.0,RUNNING_OPTIMAL,0,NORMAL,7.5,NORMAL,GOOD
2026-01-05 15:30:00,PUMP_01,Water Pump,17.213,4.3032,410.9,27.48,56.76,1.492,1451.0,2712.7,26.91,28.0,RUNNING_OPTIMAL,0,NORMAL,7.5,NORMAL,GOOD
2026-01-05 15:45:00,COMPRESSOR_01,Air Compressor,32.863,8.2158,406.1,53.09,79.71,2.389,2949.9,2794.02,202.24,210.0,RUNNING_OPTIMAL,0,NORMAL,7.5,NORMAL,GOOD
2026-01-05 15:45:00,HVAC_01,HVAC System,37.438,9.3595,410.8,59.79,48.32,1.732,987.7,3115.24,1081.1,1200.0,RUNNING_OPTIMAL,0,NORMAL,7.5,NORMAL,GOOD
2026-01-05 15:45:00,MOTOR_01,Spinning Motor,35.442,8.8605,409.4,56.8,66.38,1.904,1476.0,2870.18,45.61,48.0,RUNNING_OPTIMAL,0,NORMAL,7.5,NORMAL,GOOD
2026-01-05 15:45:00,PUMP_01,Water Pump,13.82,3.455,404.4,22.42,56.21,1.396,1446.3,2712.95,27.21,28.0,RUNNING_OPTIMAL,0,NORMAL,7.5,NORMAL,GOOD
2026-01-05 16:00:00,COMPRESSOR_01,Air Compressor,29.976,7.494,402.8,48.82,78.71,2.333,2952.1,2794.27,192.65,210.0,RUNNING_OPTIMAL,0,NORMAL,7.5,NORMAL,GOOD
2026-01-05 16:00:00,HVAC_01,HVAC System,39.29,9.8225,410.4,62.81,48.27,1.738,975.9,3115.49,1105.13,1200.0,RUNNING_OPTIMAL,0,NORMAL,7.5,NORMAL,GOOD
2026-01-05 16:00:00,MOTOR_01,Spinning Motor,36.065,9.0162,409.6,57.77,66.03,1.957,1490.1,2870.43,44.51,48.0,RUNNING_OPTIMAL,0,NORMAL,7.5,NORMAL,GOOD
2026-01-05 16:00:00,PUMP_01,Water Pump,14.088,3.522,409.5,22.57,55.7,1.412,1454.7,2713.2,24.03,28.0,RUNNING_OPTIMAL,0,NORMAL,7.5,NORMAL,GOOD
2026-01-05 16:15:00,COMPRESSOR_01,Air Compressor,30.313,7.5782,403.2,49.32,79.74,2.266,2949.8,2794.52,194.23,210.0,RUNNING_OPTIMAL,0,NORMAL,7.5,NORMAL,GOOD
2026-01-05 16:15:00,HVAC_01,HVAC System,36.155,9.0388,409.1,57.98,49.16,1.734,989.0,3115.74,1037.54,1200.0,RUNNING_OPTIMAL,0,NORMAL,7.5,NORMAL,GOOD
2026-01-05 16:15:00,MOTOR_01,Spinning Motor,36.48,9.12,405.5,59.02,65.77,1.932,1480.1,2870.68,43.58,48.0,RUNNING_OPTIMAL,0,NORMAL,7.5,NORMAL,GOOD
2026-01-05 16:15:00,PUMP_01,Water Pump,14.298,3.5745,407.2,23.04,55.53,1.489,1448.4,2713.45,27.52,28.0,RUNNING_OPTIMAL,0,NORMAL,7.5,NORMAL,GOOD
2026-01-05 16:30:00,COMPRESSOR_01,Air Compressor,30.593,7.6482,408.9,49.09,77.88,2.4,2940.5,2794.77,196.55,210.0,RUNNING_OPTIMAL,0,NORMAL,7.5,NORMAL,GOOD
2026-01-05 16:30:00,HVAC_01,HVAC System,37.526,9.3815,405.3,60.75,48.84,1.556,978.2,3115.99,1045.37,1200.0,RUNNING_OPTIMAL,0,NORMAL,7.5,NORMAL,GOOD
2026-01-05 16:30:00,MOTOR_01,Spinning Motor,35.498,8.8745,409.3,56.9,66.81,1.692,1482.4,2870.93,42.54,48.0,RUNNING_OPTIMAL,0,NORMAL,7.5,NORMAL,GOOD
2026-01-05 16:30:00,PUMP_01,Water Pump,15.731,3.9328,404.4,25.52,56.39,1.543,1454.8,2713.7,25.34,28.0,RUNNING_OPTIMAL,0,NORMAL,7.5,NORMAL,GOOD
2026-01-05 16:45:00,COMPRESSOR_01,Air Compressor,32.129,8.0322,408.0,51.66,78.44,2.176,2960.9,2795.02,190.8,210.0,RUNNING_OPTIMAL,0,NORMAL,7.5,NORMAL,GOOD
2026-01-05 16:45:00,HVAC_01,HVAC System,37.654,9.4135,415.0,59.53,49.53,1.698,981.2,3116.24,1074.75,1200.0,RUNNING_OPTIMAL,0,NORMAL,7.5,NORMAL,GOOD
2026-01-05 16:45:00,MOTOR_01,Spinning Motor,36.153,9.0382,414.7,57.2,65.13,1.952,1481.4,2871.18,43.97,48.0,RUNNING_OPTIMAL,0,NORMAL,7.5,NORMAL,GOOD
2026-01-05 16:45:00,PUMP_01,Water Pump,16.024,4.006,406.4,25.87,55.89,1.575,1451.7,2713.95,28.65,28.0,RUNNING_OPTIMAL,0,NORMAL,7.5,NORMAL,GOOD
2026-01-05 17:00:00,COMPRESSOR_01,Air Compressor,29.28,7.32,405.3,47.4,77.83,2.352,2949.5,2795.27,192.39,210.0,RUNNING_OPTIMAL,0,NORMAL,7.5,NORMAL,GOOD
2026-01-05 17:00:00,HVAC_01,HVAC System,39.486,9.8715,412.1,62.86,47.31,1.66,979.6,3116.49,1100.32,1200.0,RUNNING_OPTIMAL,0,NORMAL,7.5,NORMAL,GOOD
2026-01-05 17:00:00,MOTOR_01,Spinning Motor,33.861,8.4652,403.0,55.13,64.4,1.86,1489.2,2871.43,43.03,48.0,RUNNING_OPTIMAL,0,NORMAL,7.5,NORMAL,GOOD
2026-01-05 17:00:00,PUMP_01,Water Pump,14.329,3.5822,408.9,22.99,56.08,1.353,1451.9,2714.2,23.51,28.0,RUNNING_OPTIMAL,0,NORMAL,7.5,NORMAL,GOOD
2026-01-05 17:15:00,COMPRESSOR_01,Air Compressor,32.077,8.0192,408.1,51.57,77.77,2.113,2953.1,2795.52,199.58,210.0,RUNNING_OPTIMAL,0,NORMAL,7.5,NORMAL,GOOD
2026-01-05 17:15:00,HVAC_01,HVAC System,36.8,9.2,410.3,58.84,48.4,1.693,984.5,3116.74,1068.69,1200.0,RUNNING_OPTIMAL,0,NORMAL,7.5,NORMAL,GOOD
2026-01-05 17:15:00,MOTOR_01,Spinning Motor,36.178,9.0445,408.0,58.18,65.87,1.999,1484.7,2871.68,43.15,48.0,RUNNING_OPTIMAL,0,NORMAL,7.5,NORMAL,GOOD
2026-01-05 17:15:00,PUMP_01,Water Pump,14.851,3.7128,409.0,23.82,55.27,1.574,1452.2,2714.45,25.47,28.0,RUNNING_OPTIMAL,0,NORMAL,7.5,NORMAL,GOOD
2026-01-05 17:30:00,COMPRESSOR_01,Air Compressor,34.805,8.7012,411.8,55.45,79.55,2.326,2957.9,2795.77,215.5,210.0,RUNNING_OPTIMAL,0,NORMAL,7.5,NORMAL,GOOD
2026-01-05 17:30:00,HVAC_01,HVAC System,39.43,9.8575,405.5,63.8,48.12,1.836,980.7,3116.99,1128.91,1200.0,RUNNING_OPTIMAL,0,NORMAL,7.5,NORMAL,GOOD
2026-01-05 17:30:00,MOTOR_01,Spinning Motor,36.045,9.0112,407.3,58.06,64.28,1.734,1485.3,2871.93,45.37,48.0,RUNNING_OPTIMAL,0,NORMAL,7.5,NORMAL,GOOD
2026-01-05 17:30:00,PUMP_01,Water Pump,14.791,3.6978,405.8,23.91,55.27,1.542,1451.0,2714.7,25.07,28.0,RUNNING_OPTIMAL,0,NORMAL,7.5,NORMAL,GOOD
2026-01-05 17:45:00,COMPRESSOR_01,Air Compressor,30.05,7.5125,408.2,48.3,78.34,2.45,2948.1,2796.02,187.49,210.0,RUNNING_OPTIMAL,0,NORMAL,7.5,NORMAL,GOOD
2026-01-05 17:45:00,HVAC_01,HVAC System,39.022,9.7555,415.1,61.68,47.46,1.819,981.5,3117.24,1106.77,1200.0,RUNNING_OPTIMAL,0,NORMAL,7.5,NORMAL,GOOD
2026-01-05 17:45:00,MOTOR_01,Spinning Motor,35.998,8.9995,406.0,58.17,64.91,2.023,1482.0,2872.18,43.03,48.0,RUNNING_OPTIMAL,0,NORMAL,7.5,NORMAL,GOOD
2026-01-05 17:45:00,PUMP_01,Water Pump,12.233,3.0582,407.6,19.69,53.1,1.52,1459.8,2714.95,23.66,28.0,RUNNING_OPTIMAL,0,NORMAL,7.5,NORMAL,GOOD
2026-01-05 18:00:00,COMPRESSOR_01,Air Compressor,30.941,7.7352,404.5,50.18,76.93,2.417,2952.9,2796.27,194.78,210.0,RUNNING_OPTIMAL,0,NORMAL,10.0,PEAK,GOOD
2026-01-05 18:00:00,HVAC_01,HVAC System,37.416,9.354,406.7,60.36,48.01,1.665,981.0,3117.49,1055.48,1200.0,RUNNING_OPTIMAL,0,NORMAL,10.0,PEAK,GOOD
2026-01-05 18:00:00,MOTOR_01,Spinning Motor,36.157,9.0392,407.8,58.17,64.5,2.126,1480.7,2872.43,43.88,48.0,RUNNING_OPTIMAL,0,NORMAL,10.0,PEAK,GOOD
2026-01-05 18:00:00,PUMP_01,Water Pump,13.913,3.4782,404.1,22.59,53.24,1.507,1446.4,2715.2,24.86,28.0,RUNNING_OPTIMAL,0,NORMAL,10.0,PEAK,GOOD
2026-01-05 18:15:00,COMPRESSOR_01,Air Compressor,30.699,7.6748,407.8,49.39,76.36,2.35,2954.0,2796.52,188.69,210.0,RUNNING_OPTIMAL,0,NORMAL,10.0,PEAK,GOOD
2026-01-05 18:15:00,HVAC_01,HVAC System,39.563,9.8908,408.4,63.56,47.32,1.655,982.5,3117.74,1121.49,1200.0,RUNNING_OPTIMAL,0,NORMAL,10.0,PEAK,GOOD
2026-01-05 18:15:00,MOTOR_01,Spinning Motor,37.127,9.2818,409.1,59.54,64.64,1.97,1478.9,2872.68,47.74,48.0,RUNNING_OPTIMAL,0,NORMAL,10.0,PEAK,GOOD
2026-01-05 18:15:00,PUMP_01,Water Pump,15.928,3.982,411.0,25.43,52.84,1.521,1451.3,2715.45,25.68,28.0,RUNNING_OPTIMAL,0,NORMAL,10.0,PEAK,GOOD
2026-01-05 18:30:00,COMPRESSOR_01,Air Compressor,30.226,7.5565,405.4,48.92,76.39,2.36,2958.8,2796.77,188.57,210.0,RUNNING_OPTIMAL,0,NORMAL,10.0,PEAK,GOOD
2026-01-05 18:30:00,HVAC_01,HVAC System,41.68,10.42,408.9,66.88,47.44,1.692,978.2,3117.99,1140.51,1200.0,RUNNING_OPTIMAL,0,NORMAL,10.0,PEAK,GOOD
2026-01-05 18:30:00,MOTOR_01,Spinning Motor,37.599,9.3997,407.3,60.56,63.38,2.05,1485.1,2872.93,41.44,48.0,RUNNING_OPTIMAL,0,NORMAL,10.0,PEAK,GOOD
2026-01-05 18:30:00,PUMP_01,Water Pump,14.839,3.7098,409.5,23.77,53.72,1.574,1448.8,2715.7,25.67,28.0,RUNNING_OPTIMAL,0,NORMAL,10.0,PEAK,GOOD
2026-01-05 18:45:00,COMPRESSOR_01,Air Compressor,31.412,7.853,403.5,51.08,76.01,2.23,2949.0,2797.02,190.29,210.0,RUNNING_OPTIMAL,0,NORMAL,10.0,PEAK,GOOD
2026-01-05 18:45:00,HVAC_01,HVAC System,36.55,9.1375,407.7,58.82,45.46,1.683,979.7,3118.24,1045.48,1200.0,RUNNING_OPTIMAL,0,NORMAL,10.0,PEAK,GOOD
2026-01-05 18:45:00,MOTOR_01,Spinning Motor,35.815,8.9538,406.8,57.76,63.26,1.913,1490.5,2873.18,43.2,48.0,RUNNING_OPTIMAL,0,NORMAL,10.0,PEAK,GOOD
2026-01-05 18:45:00,PUMP_01,Water Pump,14.356,3.589,407.9,23.09,55.51,1.657,1448.1,2715.95,26.7,28.0,RUNNING_OPTIMAL,0,NORMAL,10.0,PEAK,GOOD
2026-01-05 19:00:00,COMPRESSOR_01,Air Compressor,30.659,7.6648,406.7,49.46,75.35,2.345,2955.0,2797.27,189.56,210.0,RUNNING_OPTIMAL,0,NORMAL,10.0,PEAK,GOOD
2026-01-05 19:00:00,HVAC_01,HVAC System,39.45,9.8625,410.1,63.11,45.3,1.64,986.8,3118.49,1111.49,1200.0,RUNNING_OPTIMAL,0,NORMAL,10.0,PEAK,GOOD
2026-01-05 19:00:00,MOTOR_01,Spinning Motor,38.97,9.7425,407.7,62.71,61.28,1.915,1488.0,2873.43,45.24,48.0,RUNNING_OPTIMAL,0,NORMAL,10.0,PEAK,GOOD
2026-01-05 19:00:00,PUMP_01,Water Pump,14.774,3.6935,408.0,23.76,51.55,1.434,1456.6,2716.2,26.53,28.0,RUNNING_OPTIMAL,0,NORMAL,10.0,PEAK,GOOD
2026-01-05 19:15:00,COMPRESSOR_01,Air Compressor,33.699,8.4248,412.0,53.66,76.18,2.356,2958.8,2797.52,205.96,210.0,RUNNING_OPTIMAL,0,NORMAL,10.0,PEAK,GOOD
2026-01-05 19:15:00,HVAC_01,HVAC System,40.874,10.2185,408.9,65.58,44.89,1.73,980.2,3118.74,1117.52,1200.0,RUNNING_OPTIMAL,0,NORMAL,10.0,PEAK,GOOD
2026-01-05 19:15:00,MOTOR_01,Spinning Motor,38.128,9.532,405.3,61.72,62.87,1.934,1491.5,2873.68,46.83,48.0,RUNNING_OPTIMAL,0,NORMAL,10.0,PEAK,GOOD
2026-01-05 19:15:00,PUMP_01,Water Pump,16.316,4.079,404.8,26.44,54.16,1.505,1451.5,2716.45,26.21,28.0,RUNNING_OPTIMAL,0,NORMAL,10.0,PEAK,GOOD
2026-01-05 19:30:00,COMPRESSOR_01,Air Compressor,31.444,7.861,408.4,50.51,74.8,2.299,2948.7,2797.77,187.75,210.0,RUNNING_OPTIMAL,0,NORMAL,10.0,PEAK,GOOD
2026-01-05 19:30:00,HVAC_01,HVAC System,36.954,9.2385,402.3,60.27,43.87,1.698,980.7,3118.99,1072.27,1200.0,RUNNING_OPTIMAL,0,NORMAL,10.0,PEAK,GOOD
2026-01-05 19:30:00,MOTOR_01,Spinning Motor,34.674,8.6685,407.8,55.78,61.22,1.778,1489.1,2873.93,44.99,48.0,RUNNING_OPTIMAL,0,NORMAL,10.0,PEAK,GOOD
2026-01-05 19:30:00,PUMP_01,Water Pump,14.472,3.618,406.4,23.36,54.01,1.545,1452.3,2716.7,26.51,28.0,RUNNING_OPTIMAL,0,NORMAL,10.0,PEAK,GOOD
2026-01-05 19:45:00,COMPRESSOR_01,Air Compressor,29.922,7.4805,411.3,47.73,74.94,2.257,2952.2,2798.02,189.81,210.0,RUNNING_OPTIMAL,0,NORMAL,10.0,PEAK,GOOD
2026-01-05 19:45:00,HVAC_01,HVAC System,39.801,9.9502,408.3,63.95,46.42,1.724,983.6,3119.24,1092.89,1200.0,RUNNING_OPTIMAL,0,NORMAL,10.0,PEAK,GOOD
2026-01-05 19:45:00,MOTOR_01,Spinning Motor,34.188,8.547,409.8,54.73,61.1,2.0,1484.9,2874.18,42.77,48.0,RUNNING_OPTIMAL,0,NORMAL,10.0,PEAK,GOOD
2026-01-05 19:45:00,PUMP_01,Water Pump,15.152,3.788,407.3,24.41,52.51,1.476,1453.8,2716.95,24.85,28.0,RUNNING_OPTIMAL,0,NORMAL,10.0,PEAK,GOOD
2026-01-05 20:00:00,COMPRESSOR_01,Air Compressor,29.798,7.4495,403.8,48.41,75.44,2.422,2955.9,2798.27,191.61,210.0,RUNNING_OPTIMAL,0,NORMAL,10.0,PEAK,GOOD
2026-01-05 20:00:00,HVAC_01,HVAC System,37.261,9.3152,407.4,60.01,43.91,1.654,969.8,3119.49,1063.1,1200.0,RUNNING_OPTIMAL,0,NORMAL,10.0,PEAK,GOOD
2026-01-05 20:00:00,MOTOR_01,Spinning Motor,39.655,9.9138,409.2,63.58,62.35,1.984,1486.4,2874.43,46.9,48.0,RUNNING_OPTIMAL,0,NORMAL,10.0,PEAK,GOOD
2026-01-05 20:00:00,PUMP_01,Water Pump,14.877,3.7192,409.5,23.84,51.03,1.557,1454.4,2717.2,23.99,28.0,RUNNING_OPTIMAL,0,NORMAL,10.0,PEAK,GOOD
2026-01-05 20:15:00,COMPRESSOR_01,Air Compressor,29.483,7.3708,406.6,47.57,74.07,2.397,2958.1,2798.52,190.37,210.0,RUNNING_OPTIMAL,0,NORMAL,10.0,PEAK,GOOD
2026-01-05 20:15:00,HVAC_01,HVAC System,38.328,9.582,401.2,62.68,43.11,1.79,983.7,3119.74,1102.27,1200.0,RUNNING_OPTIMAL,0,NORMAL,10.0,PEAK,GOOD
2026-01-05 20:15:00,MOTOR_01,Spinning Motor,35.55,8.8875,410.0,56.89,62.16,1.816,1486.6,2874.68,44.36,48.0,RUNNING_OPTIMAL,0,NORMAL,10.0,PEAK,GOOD
2026-01-05 20:15:00,PUMP_01,Water Pump,14.594,3.6485,402.8,23.77,51.14,1.486,1450.3,2717.45,25.06,28.0,RUNNING_OPTIMAL,0,NORMAL,10.0,PEAK,GOOD
2026-01-05 20:30:00,COMPRESSOR_01,Air Compressor,31.662,7.9155,405.7,51.2,74.45,2.329,2950.5,2798.77,202.67,210.0,RUNNING_OPTIMAL,0,NORMAL,10.0,PEAK,GOOD
2026-01-05 20:30:00,HVAC_01,HVAC System,35.173,8.7932,408.3,56.52,43.26,1.723,984.2,3119.99,1007.04,1200.0,RUNNING_OPTIMAL,0,NORMAL,10.0,PEAK,GOOD
2026-01-05 20:30:00,MOTOR_01,Spinning Motor,34.039,8.5098,410.7,54.38,61.37,1.983,1489.1,2874.93,42.06,48.0,RUNNING_OPTIMAL,0,NORMAL,10.0,PEAK,GOOD
2026-01-05 20:30:00,PUMP_01,Water Pump,13.0,3.25,408.2,20.89,51.08,1.593,1447.0,2717.7,27.05,28.0,RUNNING_OPTIMAL,0,NORMAL,10.0,PEAK,GOOD
2026-01-05 20:45:00,COMPRESSOR_01,Air Compressor,30.458,7.6145,406.3,49.18,73.97,2.334,2948.6,2799.02,196.65,210.0,RUNNING_OPTIMAL,0,NORMAL,10.0,PEAK,GOOD
2026-01-05 20:45:00,HVAC_01,HVAC System,38.56,9.64,406.2,62.28,43.85,1.638,980.5,3120.24,1110.05,1200.0,RUNNING_OPTIMAL,0,NORMAL,10.0,PEAK,GOOD
2026-01-05 20:45:00,MOTOR_01,Spinning Motor,36.687,9.1718,404.4,59.52,60.92,1.953,1487.8,2875.18,46.01,48.0,RUNNING_OPTIMAL,0,NORMAL,10.0,PEAK,GOOD
2026-01-05 20:45:00,PUMP_01,Water Pump,16.058,4.0145,406.4,25.92,52.37,1.419,1447.9,2717.95,26.32,28.0,RUNNING_OPTIMAL,0,NORMAL,10.0,PEAK,GOOD
2026-01-05 21:00:00,COMPRESSOR_01,Air Compressor,17.075,4.2688,407.2,27.51,67.87,1.504,2952.0,2799.27,0.0,42.0,IDLE_UNLOADED,0,NORMAL,10.0,PEAK,GOOD
2026-01-05 21:00:00,HVAC_01,HVAC System,15.225,3.8062,410.4,24.34,36.83,1.113,986.1,3120.49,0.0,240.0,IDLE_UNLOADED,0,NORMAL,10.0,PEAK,GOOD
2026-01-05 21:00:00,MOTOR_01,Spinning Motor,11.656,2.914,408.1,18.74,55.03,1.298,1484.7,2875.43,0.0,9.6,IDLE_UNLOADED,0,NORMAL,10.0,PEAK,GOOD
2026-01-05 21:00:00,PUMP_01,Water Pump,4.323,1.0808,407.3,6.96,44.36,0.936,1450.0,2718.2,0.0,5.6,IDLE_UNLOADED,0,NORMAL,10.0,PEAK,GOOD
2026-01-05 21:15:00,COMPRESSOR_01,Air Compressor,15.628,3.907,407.0,25.19,67.46,1.573,2954.8,2799.52,0.0,42.0,IDLE_UNLOADED,0,NORMAL,10.0,PEAK,GOOD
2026-01-05 21:15:00,HVAC_01,HVAC System,15.484,3.871,408.3,24.88,36.05,1.109,985.6,3120.74,0.0,240.0,IDLE_UNLOADED,0,NORMAL,10.0,PEAK,GOOD
2026-01-05 21:15:00,MOTOR_01,Spinning Motor,11.291,2.8228,409.5,18.09,53.49,1.265,1487.5,2875.68,0.0,9.6,IDLE_UNLOADED,0,NORMAL,10.0,PEAK,GOOD
2026-01-05 21:15:00,PUMP_01,Water Pump,5.178,1.2945,411.6,8.25,44.6,1.035,1452.9,2718.45,0.0,5.6,IDLE_UNLOADED,0,NORMAL,10.0,PEAK,GOOD
2026-01-05 21:30:00,COMPRESSOR_01,Air Compressor,29.429,7.3572,408.1,47.31,72.88,2.253,2952.9,2799.77,189.74,210.0,RUNNING_OPTIMAL,0,NORMAL,10.0,PEAK,GOOD
2026-01-05 21:30:00,HVAC_01,HVAC System,38.407,9.6017,410.1,61.44,43.52,1.614,983.4,3120.99,1079.97,1200.0,RUNNING_OPTIMAL,0,NORMAL,10.0,PEAK,GOOD
2026-01-05 21:30:00,MOTOR_01,Spinning Motor,38.311,9.5778,408.2,61.58,60.06,1.929,1478.6,2875.93,46.24,48.0,RUNNING_OPTIMAL,0,NORMAL,10.0,PEAK,GOOD
2026-01-05 21:30:00,PUMP_01,Water Pump,14.345,3.5862,402.2,23.4,49.06,1.55,1447.3,2718.7,26.77,28.0,RUNNING_OPTIMAL,0,NORMAL,10.0,PEAK,GOOD
2026-01-05 21:45:00,COMPRESSOR_01,Air Compressor,31.244,7.811,407.8,50.27,73.7,2.279,2950.1,2800.02,195.6,210.0,RUNNING_OPTIMAL,0,NORMAL,10.0,PEAK,GOOD
2026-01-05 21:45:00,HVAC_01,HVAC System,39.701,9.9252,407.3,63.95,44.21,1.636,979.9,3121.24,1127.96,1200.0,RUNNING_OPTIMAL,0,NORMAL,10.0,PEAK,GOOD
2026-01-05 21:45:00,MOTOR_01,Spinning Motor,37.922,9.4805,409.7,60.73,61.25,1.882,1483.4,2876.18,47.04,48.0,RUNNING_OPTIMAL,0,NORMAL,10.0,PEAK,GOOD
2026-01-05 21:45:00,PUMP_01,Water Pump,15.23,3.8075,408.8,24.44,50.53,1.505,1456.1,2718.95,25.22,28.0,RUNNING_OPTIMAL,0,NORMAL,10.0,PEAK,GOOD
2026-01-05 22:00:00,COMPRESSOR_01,Air Compressor,30.838,7.7095,410.3,49.31,71.28,2.288,2957.1,2800.27,195.57,210.0,RUNNING_OPTIMAL,0,NORMAL,5.5,OFF_PEAK,GOOD
2026-01-05 22:00:00,HVAC_01,HVAC System,39.813,9.9532,414.0,63.09,42.57,1.662,974.9,3121.49,1114.85,1200.0,RUNNING_OPTIMAL,0,NORMAL,5.5,OFF_PEAK,GOOD
2026-01-05 22:00:00,MOTOR_01,Spinning Motor,37.252,9.313,409.5,59.68,58.98,1.826,1495.2,2876.43,44.0,48.0,RUNNING_OPTIMAL,0,NORMAL,5.5,OFF_PEAK,GOOD
2026-01-05 22:00:00,PUMP_01,Water Pump,13.8,3.45,407.4,22.22,49.34,1.378,1447.1,2719.2,25.68,28.0,RUNNING_OPTIMAL,0,NORMAL,5.5,OFF_PEAK,GOOD
2026-01-05 22:15:00,COMPRESSOR_01,Air Compressor,29.9,7.475,411.6,47.66,71.4,2.385,2952.8,2800.52,190.88,210.0,RUNNING_OPTIMAL,0,NORMAL,5.5,OFF_PEAK,GOOD
2026-01-05 22:15:00,HVAC_01,HVAC System,39.147,9.7868,409.9,62.66,43.21,1.691,976.2,3121.74,1098.0,1200.0,RUNNING_OPTIMAL,0,NORMAL,5.5,OFF_PEAK,GOOD
2026-01-05 22:15:00,MOTOR_01,Spinning Motor,37.899,9.4748,409.2,60.76,59.88,1.986,1490.2,2876.68,45.1,48.0,RUNNING_OPTIMAL,0,NORMAL,5.5,OFF_PEAK,GOOD
2026-01-05 22:15:00,PUMP_01,Water Pump,15.8,3.95,415.7,24.94,49.98,1.484,1448.7,2719.45,28.11,28.0,RUNNING_OPTIMAL,0,NORMAL,5.5,OFF_PEAK,GOOD
2026-01-05 22:30:00,COMPRESSOR_01,Air Compressor,29.12,7.28,412.2,46.35,71.31,2.262,2958.4,2800.77,187.72,210.0,RUNNING_OPTIMAL,0,NORMAL,5.5,OFF_PEAK,GOOD
2026-01-05 22:30:00,HVAC_01,HVAC System,40.922,10.2305,407.2,65.93,43.16,1.639,976.7,3121.99,1195.61,1200.0,RUNNING_OPTIMAL,0,NORMAL,5.5,OFF_PEAK,GOOD
2026-01-05 22:30:00,MOTOR_01,Spinning Motor,39.862,9.9655,413.6,63.23,59.43,1.915,1486.8,2876.93,49.37,48.0,RUNNING_OPTIMAL,0,NORMAL,5.5,OFF_PEAK,GOOD
2026-01-05 22:30:00,PUMP_01,Water Pump,14.112,3.528,412.4,22.45,49.49,1.622,1453.7,2719.7,29.31,28.0,RUNNING_OPTIMAL,0,NORMAL,5.5,OFF_PEAK,GOOD
2026-01-05 22:45:00,COMPRESSOR_01,Air Compressor,31.438,7.8595,412.0,50.06,72.46,2.346,2945.4,2801.02,208.02,210.0,RUNNING_OPTIMAL,0,NORMAL,5.5,OFF_PEAK,GOOD
2026-01-05 22:45:00,HVAC_01,HVAC System,40.704,10.176,408.8,65.33,42.82,1.682,982.7,3122.24,1183.72,1200.0,RUNNING_OPTIMAL,0,NORMAL,5.5,OFF_PEAK,GOOD
2026-01-05 22:45:00,MOTOR_01,Spinning Motor,37.99,9.4975,416.7,59.81,59.65,1.933,1479.6,2877.18,48.54,48.0,RUNNING_OPTIMAL,0,NORMAL,5.5,OFF_PEAK,GOOD
2026-01-05 22:45:00,PUMP_01,Water Pump,15.172,3.793,410.6,24.24,48.62,1.382,1451.1,2719.95,26.33,28.0,RUNNING_OPTIMAL,0,NORMAL,5.5,OFF_PEAK,GOOD
2026-01-05 23:00:00,COMPRESSOR_01,Air Compressor,29.26151403426171,7.3154,411.4,46.66,71.16,2.151,2945.3,2801.27,0.0,210.0,IDLE_UNLOADED,1,IDLE_WASTE,5.5,OFF_PEAK,GOOD
2026-01-05 23:00:00,HVAC_01,HVAC System,43.981,10.9952,413.5,69.78,42.21,1.694,985.7,3122.49,1220.83,1200.0,RUNNING_OPTIMAL,0,NORMAL,5.5,OFF_PEAK,GOOD
2026-01-05 23:00:00,MOTOR_01,Spinning Motor,39.482,9.8705,416.4,62.21,58.93,1.971,1482.0,2877.43,48.62,48.0,RUNNING_OPTIMAL,0,NORMAL,5.5,OFF_PEAK,GOOD
2026-01-05 23:00:00,PUMP_01,Water Pump,14.663,3.6658,414.2,23.23,48.81,1.321,1446.0,2720.2,27.74,28.0,RUNNING_OPTIMAL,0,NORMAL,5.5,OFF_PEAK,GOOD
2026-01-05 23:15:00,COMPRESSOR_01,Air Compressor,29.10539814182561,7.2763,414.7,46.05,71.39,2.409,2946.2,2801.52,0.0,210.0,IDLE_UNLOADED,1,IDLE_WASTE,5.5,OFF_PEAK,GOOD
2026-01-05 23:15:00,HVAC_01,HVAC System,42.86,10.715,414.8,67.79,40.75,1.687,979.6,3122.74,1191.49,1200.0,RUNNING_OPTIMAL,0,NORMAL,5.5,OFF_PEAK,GOOD
2026-01-05 23:15:00,MOTOR_01,Spinning Motor,39.643,9.9108,414.9,62.69,58.06,1.939,1483.5,2877.68,47.69,48.0,RUNNING_OPTIMAL,0,NORMAL,5.5,OFF_PEAK,GOOD
2026-01-05 23:15:00,PUMP_01,Water Pump,15.896,3.974,412.1,25.31,49.57,1.369,1447.6,2720.45,29.49,28.0,RUNNING_OPTIMAL,0,NORMAL,5.5,OFF_PEAK,GOOD
2026-01-05 23:30:00,COMPRESSOR_01,Air Compressor,28.395320680192143,7.0988,413.8,45.02,72.46,2.411,2947.7,2801.77,0.0,210.0,IDLE_UNLOADED,1,IDLE_WASTE,5.5,OFF_PEAK,GOOD
2026-01-05 23:30:00,HVAC_01,HVAC System,39.977,9.9942,412.7,63.55,42.53,1.738,981.6,3122.99,1155.47,1200.0,RUNNING_OPTIMAL,0,NORMAL,5.5,OFF_PEAK,GOOD
2026-01-05 23:30:00,MOTOR_01,Spinning Motor,39.43,9.8575,413.5,62.56,58.72,1.942,1479.7,2877.93,48.18,48.0,RUNNING_OPTIMAL,0,NORMAL,5.5,OFF_PEAK,GOOD
2026-01-05 23:30:00,PUMP_01,Water Pump,18.024,4.506,413.5,28.6,48.14,1.581,1449.2,2720.7,28.66,28.0,RUNNING_OPTIMAL,0,NORMAL,5.5,OFF_PEAK,GOOD
2026-01-05 23:45:00,COMPRESSOR_01,Air Compressor,30.262534547467354,7.5656,418.9,47.4,71.49,2.251,2952.8,2802.02,0.0,210.0,IDLE_UNLOADED,1,IDLE_WASTE,5.5,OFF_PEAK,GOOD
2026-01-05 23:45:00,HVAC_01,HVAC System,39.08,9.77,414.3,61.89,39.44,1.813,980.3,3123.24,1115.78,1200.0,RUNNING_OPTIMAL,0,NORMAL,5.5,OFF_PEAK,GOOD
2026-01-05 23:45:00,MOTOR_01,Spinning Motor,35.818,8.9545,413.0,56.9,58.74,1.916,1475.1,2878.18,45.89,48.0,RUNNING_OPTIMAL,0,NORMAL,5.5,OFF_PEAK,GOOD
2026-01-05 23:45:00,PUMP_01,Water Pump,14.916,3.729,416.1,23.52,46.73,1.357,1447.2,2720.95,25.36,28.0,RUNNING_OPTIMAL,0,NORMAL,5.5,OFF_PEAK,GOOD
2026-01-06 00:00:00,COMPRESSOR_01,Air Compressor,28.062779942604816,7.0157,414.1,44.46,71.12,2.47,2946.2,2802.27,0.0,210.0,IDLE_UNLOADED,1,IDLE_WASTE,5.5,OFF_PEAK,GOOD
2026-01-06 00:00:00,HVAC_01,HVAC System,43.491,10.8728,406.9,70.12,42.26,1.634,968.6,3123.49,1253.96,1200.0,RUNNING_OPTIMAL,0,NORMAL,5.5,OFF_PEAK,GOOD
2026-01-06 00:00:00,MOTOR_01,Spinning Motor,39.441,9.8602,413.8,62.53,59.33,2.051,1477.7,2878.43,47.89,48.0,RUNNING_OPTIMAL,0,NORMAL,5.5,OFF_PEAK,GOOD
2026-01-06 00:00:00,PUMP_01,Water Pump,15.401,3.8502,417.2,24.22,48.12,1.51,1447.0,2721.2,31.06,28.0,RUNNING_OPTIMAL,0,NORMAL,5.5,OFF_PEAK,GOOD
2026-01-06 00:15:00,COMPRESSOR_01,Air Compressor,26.770202585388926,6.6926,419.1,41.91,71.32,2.477,2949.8,2802.52,0.0,210.0,IDLE_UNLOADED,1,IDLE_WASTE,5.5,OFF_PEAK,GOOD
2026-01-06 00:15:00,HVAC_01,HVAC System,39.546,9.8865,416.1,62.35,39.51,1.716,970.0,3123.74,1133.83,1200.0,RUNNING_OPTIMAL,0,NORMAL,5.5,OFF_PEAK,GOOD
2026-01-06 00:15:00,MOTOR_01,Spinning Motor,39.718,9.9295,410.8,63.43,57.47,1.933,1478.4,2878.68,48.35,48.0,RUNNING_OPTIMAL,0,NORMAL,5.5,OFF_PEAK,GOOD
2026-01-06 00:15:00,PUMP_01,Water Pump,15.782,3.9455,415.5,24.92,49.23,1.546,1445.3,2721.45,31.37,28.0,RUNNING_OPTIMAL,0,NORMAL,5.5,OFF_PEAK,GOOD
2026-01-06 00:30:00,COMPRESSOR_01,Air Compressor,30.40220597140154,7.6006,418.6,47.65,71.02,2.317,2951.8,2802.77,0.0,210.0,IDLE_UNLOADED,1,IDLE_WASTE,5.5,OFF_PEAK,GOOD
2026-01-06 00:30:00,HVAC_01,HVAC System,38.79,9.6975,415.6,61.24,41.49,1.628,983.4,3123.99,1131.51,1200.0,RUNNING_OPTIMAL,0,NORMAL,5.5,OFF_PEAK,GOOD
2026-01-06 00:30:00,MOTOR_01,Spinning Motor,39.613,9.9032,416.7,62.37,58.46,1.824,1483.2,2878.93,47.51,48.0,RUNNING_OPTIMAL,0,NORMAL,5.5,OFF_PEAK,GOOD
2026-01-06 00:30:00,PUMP_01,Water Pump,16.283,4.0708,417.3,25.6,48.74,1.613,1450.0,2721.7,25.74,28.0,RUNNING_OPTIMAL,0,NORMAL,5.5,OFF_PEAK,GOOD
2026-01-06 00:45:00,COMPRESSOR_01,Air Compressor,29.511109307202982,7.3778,413.8,46.79,70.86,2.503,2939.7,2803.02,0.0,210.0,IDLE_UNLOADED,1,IDLE_WASTE,5.5,OFF_PEAK,GOOD
2026-01-06 00:45:00,HVAC_01,HVAC System,41.369,10.3422,415.1,65.39,41.01,1.75,987.5,3124.24,1190.21,1200.0,RUNNING_OPTIMAL,0,NORMAL,5.5,OFF_PEAK,GOOD
2026-01-06 00:45:00,MOTOR_01,Spinning Motor,39.571,9.8928,411.3,63.12,58.6,1.941,1483.5,2879.18,46.99,48.0,RUNNING_OPTIMAL,0,NORMAL,5.5,OFF_PEAK,GOOD
2026-01-06 00:45:00,PUMP_01,Water Pump,16.428,4.107,415.7,25.93,48.93,1.513,1447.2,2721.95,28.92,28.0,RUNNING_OPTIMAL,0,NORMAL,5.5,OFF_PEAK,GOOD
2026-01-06 01:00:00,COMPRESSOR_01,Air Compressor,29.126041662451584,7.2815,416.6,45.87,70.42,2.404,2945.9,2803.27,0.0,210.0,IDLE_UNLOADED,1,IDLE_WASTE,5.5,OFF_PEAK,GOOD
2026-01-06 01:00:00,HVAC_01,HVAC System,42.498,10.6245,416.2,66.99,40.02,1.629,980.5,3124.49,1215.66,1200.0,RUNNING_OPTIMAL,0,NORMAL,5.5,OFF_PEAK,GOOD
2026-01-06 01:00:00,MOTOR_01,Spinning Motor,43.143,10.7858,415.6,68.11,57.99,1.914,1481.8,2879.43,52.82,48.0,RUNNING_OPTIMAL,0,NORMAL,5.5,OFF_PEAK,GOOD
2026-01-06 01:00:00,PUMP_01,Water Pump,16.937,4.2342,415.8,26.72,47.57,1.544,1450.0,2722.2,28.6,28.0,RUNNING_OPTIMAL,0,NORMAL,5.5,OFF_PEAK,GOOD
2026-01-06 01:15:00,COMPRESSOR_01,Air Compressor,28.160554633085145,7.0401,416.5,44.36,70.21,2.325,2956.1,2803.52,0.0,210.0,IDLE_UNLOADED,1,IDLE_WASTE,5.5,OFF_PEAK,GOOD
2026-01-06 01:15:00,HVAC_01,HVAC System,41.227,10.3067,415.5,65.1,40.58,1.741,982.2,3124.74,1147.51,1200.0,RUNNING_OPTIMAL,0,NORMAL,5.5,OFF_PEAK,GOOD
2026-01-06 01:15:00,MOTOR_01,Spinning Motor,42.091,10.5228,413.0,66.86,59.24,1.956,1481.6,2879.68,51.35,48.0,RUNNING_OPTIMAL,0,NORMAL,5.5,OFF_PEAK,GOOD
2026-01-06 01:15:00,PUMP_01,Water Pump,14.701,3.6752,417.9,23.08,47.63,1.389,1448.8,2722.45,28.87,28.0,RUNNING_OPTIMAL,0,NORMAL,5.5,OFF_PEAK,GOOD
2026-01-06 01:30:00,COMPRESSOR_01,Air Compressor,28.842091601070333,7.2105,417.5,45.32,70.7,2.266,2947.2,2803.77,0.0,210.0,IDLE_UNLOADED,1,IDLE_WASTE,5.5,OFF_PEAK,GOOD
2026-01-06 01:30:00,HVAC_01,HVAC System,42.247,10.5618,414.8,66.82,41.48,1.769,986.2,3124.99,1188.81,1200.0,RUNNING_OPTIMAL,0,NORMAL,5.5,OFF_PEAK,GOOD
2026-01-06 01:30:00,MOTOR_01,Spinning Motor,40.471,10.1177,415.1,63.97,57.52,1.905,1477.6,2879.93,50.84,48.0,RUNNING_OPTIMAL,0,NORMAL,5.5,OFF_PEAK,GOOD
2026-01-06 01:30:00,PUMP_01,Water Pump,16.215,4.0538,419.6,25.35,48.11,1.53,1447.0,2722.7,26.59,28.0,RUNNING_OPTIMAL,0,NORMAL,5.5,OFF_PEAK,GOOD
2026-01-06 01:45:00,COMPRESSOR_01,Air Compressor,27.239621706354754,6.8099,421.3,42.42,71.18,2.328,2939.9,2804.02,0.0,210.0,IDLE_UNLOADED,1,IDLE_WASTE,5.5,OFF_PEAK,GOOD
2026-01-06 01:45:00,HVAC_01,HVAC System,43.572,10.893,422.3,67.69,40.11,1.566,986.5,3125.24,1216.56,1200.0,RUNNING_OPTIMAL,0,NORMAL,5.5,OFF_PEAK,GOOD
2026-01-06 01:45:00,MOTOR_01,Spinning Motor,39.789,9.9472,419.4,62.24,56.7,2.02,1480.6,2880.18,49.15,48.0,RUNNING_OPTIMAL,0,NORMAL,5.5,OFF_PEAK,GOOD
2026-01-06 01:45:00,PUMP_01,Water Pump,15.593,3.8982,418.7,24.43,46.56,1.632,1449.0,2722.95,27.87,28.0,RUNNING_OPTIMAL,0,NORMAL,5.5,OFF_PEAK,GOOD
2026-01-06 02:00:00,COMPRESSOR_01,Air Compressor,28.27485701567732,7.0687,422.6,43.9,70.98,2.403,2946.7,2804.27,0.0,210.0,IDLE_UNLOADED,1,IDLE_WASTE,5.5,OFF_PEAK,GOOD
2026-01-06 02:00:00,HVAC_01,HVAC System,47.075,11.7688,423.1,73.0,40.74,1.641,974.5,3125.49,1307.34,1200.0,RUNNING_OPTIMAL,0,NORMAL,5.5,OFF_PEAK,GOOD
2026-01-06 02:00:00,MOTOR_01,Spinning Motor,40.175,10.0438,419.7,62.8,56.84,1.87,1479.3,2880.43,48.41,48.0,RUNNING_OPTIMAL,0,NORMAL,5.5,OFF_PEAK,GOOD
2026-01-06 02:00:00,PUMP_01,Water Pump,16.447,4.1118,419.8,25.7,47.35,1.607,1453.9,2723.2,28.58,28.0,RUNNING_OPTIMAL,0,NORMAL,5.5,OFF_PEAK,GOOD
2026-01-06 02:15:00,COMPRESSOR_01,Air Compressor,27.596302456812218,6.8991,418.4,43.27,71.51,2.304,2948.1,2804.52,0.0,210.0,IDLE_UNLOADED,1,IDLE_WASTE,5.5,OFF_PEAK,GOOD
2026-01-06 02:15:00,HVAC_01,HVAC System,44.453,11.1133,417.9,69.79,40.89,1.754,974.2,3125.74,1266.92,1200.0,RUNNING_OPTIMAL,0,NORMAL,5.5,OFF_PEAK,GOOD
2026-01-06 02:15:00,MOTOR_01,Spinning Motor,40.453,10.1133,419.6,63.25,57.19,1.877,1485.7,2880.68,48.83,48.0,RUNNING_OPTIMAL,0,NORMAL,5.5,OFF_PEAK,GOOD
2026-01-06 02:15:00,PUMP_01,Water Pump,15.561,3.8902,420.7,24.27,48.5,1.565,1450.1,2723.45,29.66,28.0,RUNNING_OPTIMAL,0,NORMAL,5.5,OFF_PEAK,GOOD
2026-01-06 02:30:00,COMPRESSOR_01,Air Compressor,28.761881263714354,7.1905,420.8,44.84,70.57,2.28,2948.7,2804.77,0.0,210.0,IDLE_UNLOADED,1,IDLE_WASTE,5.5,OFF_PEAK,GOOD
2026-01-06 02:30:00,HVAC_01,HVAC System,45.392,11.348,416.2,71.55,40.66,1.715,979.3,3125.99,1290.56,1200.0,RUNNING_OPTIMAL,0,NORMAL,5.5,OFF_PEAK,GOOD
2026-01-06 02:30:00,MOTOR_01,Spinning Motor,43.574,10.8935,413.4,69.15,57.78,1.9,1479.0,2880.93,51.0,48.0,RUNNING_OPTIMAL,0,NORMAL,5.5,OFF_PEAK,GOOD
2026-01-06 02:30:00,PUMP_01,Water Pump,17.444,4.361,418.2,27.37,48.39,1.482,1448.1,2723.7,30.45,28.0,RUNNING_OPTIMAL,0,NORMAL,5.5,OFF_PEAK,GOOD
2026-01-06 02:45:00,COMPRESSOR_01,Air Compressor,29.42346845850572,7.3559,418.5,46.13,71.01,2.352,2949.2,2805.02,0.0,210.0,IDLE_UNLOADED,1,IDLE_WASTE,5.5,OFF_PEAK,GOOD
2026-01-06 02:45:00,HVAC_01,HVAC System,44.629,11.1572,417.7,70.1,41.69,1.73,984.1,3126.24,1258.45,1200.0,RUNNING_OPTIMAL,0,NORMAL,5.5,OFF_PEAK,GOOD
2026-01-06 02:45:00,MOTOR_01,Spinning Motor,41.364,10.341,422.3,64.26,57.39,2.072,1480.4,2881.18,51.0,48.0,RUNNING_OPTIMAL,0,NORMAL,5.5,OFF_PEAK,GOOD
2026-01-06 02:45:00,PUMP_01,Water Pump,18.988,4.747,416.9,29.88,46.83,1.402,1451.2,2723.95,26.51,28.0,RUNNING_OPTIMAL,0,NORMAL,5.5,OFF_PEAK,GOOD
2026-01-06 03:00:00,COMPRESSOR_01,Air Compressor,27.452374813825028,6.8631,421.0,42.78,71.27,2.44,2949.8,2805.27,0.0,210.0,IDLE_UNLOADED,1,IDLE_WASTE,5.5,OFF_PEAK,GOOD
2026-01-06 03:00:00,HVAC_01,HVAC System,46.517,11.6293,417.6,73.08,41.1,1.704,983.0,3126.49,1297.34,1200.0,RUNNING_OPTIMAL,0,NORMAL,5.5,OFF_PEAK,GOOD
2026-01-06 03:00:00,MOTOR_01,Spinning Motor,41.41,10.3525,421.7,64.43,57.75,1.919,1481.4,2881.43,51.24,48.0,RUNNING_OPTIMAL,0,NORMAL,5.5,OFF_PEAK,GOOD
2026-01-06 03:00:00,PUMP_01,Water Pump,15.958,3.9895,418.3,25.03,47.72,1.571,1451.7,2724.2,27.59,28.0,RUNNING_OPTIMAL,0,NORMAL,5.5,OFF_PEAK,GOOD
2026-01-06 03:15:00,COMPRESSOR_01,Air Compressor,29.22491268076842,7.3062,421.0,45.54,70.61,2.446,2954.2,2805.52,0.0,210.0,IDLE_UNLOADED,1,IDLE_WASTE,5.5,OFF_PEAK,GOOD
2026-01-06 03:15:00,HVAC_01,HVAC System,45.209,11.3023,422.4,70.22,40.65,1.7,980.3,3126.74,1275.4,1200.0,RUNNING_OPTIMAL,0,NORMAL,5.5,OFF_PEAK,GOOD
2026-01-06 03:15:00,MOTOR_01,Spinning Motor,42.791,10.6977,417.0,67.32,58.03,2.068,1483.5,2881.68,51.32,48.0,RUNNING_OPTIMAL,0,NORMAL,5.5,OFF_PEAK,GOOD
2026-01-06 03:15:00,PUMP_01,Water Pump,16.952,4.238,421.9,26.36,47.9,1.443,1454.2,2724.45,30.58,28.0,RUNNING_OPTIMAL,0,NORMAL,5.5,OFF_PEAK,GOOD
2026-01-06 03:30:00,COMPRESSOR_01,Air Compressor,28.699748260387658,7.1749,422.8,44.53,71.59,2.41,2948.0,2805.77,0.0,210.0,IDLE_UNLOADED,1,IDLE_WASTE,5.5,OFF_PEAK,GOOD
2026-01-06 03:30:00,HVAC_01,HVAC System,42.152,10.538,422.2,65.5,39.78,1.575,977.9,3126.99,1221.83,1200.0,RUNNING_OPTIMAL,0,NORMAL,5.5,OFF_PEAK,GOOD
2026-01-06 03:30:00,MOTOR_01,Spinning Motor,41.367,10.3418,424.0,64.01,58.68,1.853,1483.9,2881.93,49.13,48.0,RUNNING_OPTIMAL,0,NORMAL,5.5,OFF_PEAK,GOOD
2026-01-06 03:30:00,PUMP_01,Water Pump,16.712,4.178,423.0,25.92,48.0,1.399,1444.9,2724.7,31.18,28.0,RUNNING_OPTIMAL,0,NORMAL,5.5,OFF_PEAK,GOOD
2026-01-06 03:45:00,COMPRESSOR_01,Air Compressor,29.18385238162556,7.296,421.9,45.38,72.01,2.286,2943.5,2806.02,0.0,210.0,IDLE_UNLOADED,1,IDLE_WASTE,5.5,OFF_PEAK,GOOD
2026-01-06 03:45:00,HVAC_01,HVAC System,47.164,11.791,421.3,73.45,41.61,1.726,978.3,3127.24,1303.54,1200.0,RUNNING_OPTIMAL,0,NORMAL,5.5,OFF_PEAK,GOOD
2026-01-06 03:45:00,MOTOR_01,Spinning Motor,41.68,10.42,418.1,65.4,59.14,1.938,1480.4,2882.18,51.17,48.0,RUNNING_OPTIMAL,0,NORMAL,5.5,OFF_PEAK,GOOD
2026-01-06 03:45:00,PUMP_01,Water Pump,16.108,4.027,418.0,25.28,47.38,1.609,1449.9,2724.95,26.51,28.0,RUNNING_OPTIMAL,0,NORMAL,5.5,OFF_PEAK,GOOD
2026-01-06 04:00:00,COMPRESSOR_01,Air Compressor,28.25777523463878,7.0644,420.9,44.05,72.27,2.279,2946.0,2806.27,0.0,210.0,IDLE_UNLOADED,1,IDLE_WASTE,5.5,OFF_PEAK,GOOD
2026-01-06 04:00:00,HVAC_01,HVAC System,45.151,11.2878,421.5,70.28,42.45,1.836,979.5,3127.49,1309.48,1200.0,RUNNING_OPTIMAL,0,NORMAL,5.5,OFF_PEAK,GOOD
2026-01-06 04:00:00,MOTOR_01,Spinning Motor,45.654,11.4135,421.6,71.05,60.27,1.936,1477.1,2882.43,54.36,48.0,RUNNING_OPTIMAL,0,NORMAL,5.5,OFF_PEAK,GOOD
2026-01-06 04:00:00,PUMP_01,Water Pump,18.619,4.6548,421.1,29.01,50.65,1.537,1448.3,2725.2,32.15,28.0,RUNNING_OPTIMAL,0,NORMAL,5.5,OFF_PEAK,GOOD
2026-01-06 04:15:00,COMPRESSOR_01,Air Compressor,34.03,8.5075,420.4,53.11,71.91,2.377,2947.2,2806.52,225.36,210.0,RUNNING_OPTIMAL,0,NORMAL,5.5,OFF_PEAK,GOOD
2026-01-06 04:15:00,HVAC_01,HVAC System,45.547,11.3867,420.8,71.01,42.59,1.803,983.2,3127.74,1293.96,1200.0,RUNNING_OPTIMAL,0,NORMAL,5.5,OFF_PEAK,GOOD
2026-01-06 04:15:00,MOTOR_01,Spinning Motor,42.916,10.729,418.5,67.28,59.55,1.97,1477.9,2882.68,50.55,48.0,RUNNING_OPTIMAL,0,NORMAL,5.5,OFF_PEAK,GOOD
2026-01-06 04:15:00,PUMP_01,Water Pump,16.413,4.1032,423.8,25.41,47.52,1.567,1448.0,2725.45,29.79,28.0,RUNNING_OPTIMAL,0,NORMAL,5.5,OFF_PEAK,GOOD
2026-01-06 04:30:00,COMPRESSOR_01,Air Compressor,34.881,8.7202,428.0,53.47,71.86,2.359,2945.9,2806.77,219.4,210.0,RUNNING_OPTIMAL,0,NORMAL,5.5,OFF_PEAK,GOOD
2026-01-06 04:30:00,HVAC_01,HVAC System,45.012,11.253,420.0,70.31,40.66,1.719,974.3,3127.99,1295.09,1200.0,RUNNING_OPTIMAL,0,NORMAL,5.5,OFF_PEAK,GOOD
2026-01-06 04:30:00,MOTOR_01,Spinning Motor,41.783,10.4458,419.9,65.28,58.64,1.994,1478.3,2882.93,50.65,48.0,RUNNING_OPTIMAL,0,NORMAL,5.5,OFF_PEAK,GOOD
2026-01-06 04:30:00,PUMP_01,Water Pump,18.591,4.6478,418.2,29.17,49.86,1.518,1442.6,2725.7,32.96,28.0,RUNNING_OPTIMAL,0,NORMAL,5.5,OFF_PEAK,GOOD
2026-01-06 04:45:00,COMPRESSOR_01,Air Compressor,35.631,8.9078,421.2,55.5,70.9,2.373,2949.8,2807.02,226.72,210.0,RUNNING_OPTIMAL,0,NORMAL,5.5,OFF_PEAK,GOOD
2026-01-06 04:45:00,HVAC_01,HVAC System,46.969,11.7422,418.2,73.69,41.83,1.769,971.8,3128.24,1303.5,1200.0,RUNNING_OPTIMAL,0,NORMAL,5.5,OFF_PEAK,GOOD
2026-01-06 04:45:00,MOTOR_01,Spinning Motor,44.17,11.0425,423.4,68.44,60.91,1.935,1487.3,2883.18,52.91,48.0,RUNNING_OPTIMAL,0,NORMAL,5.5,OFF_PEAK,GOOD
2026-01-06 04:45:00,PUMP_01,Water Pump,16.296,4.074,425.0,25.16,48.55,1.546,1444.2,2725.95,31.06,28.0,RUNNING_OPTIMAL,0,NORMAL,5.5,OFF_PEAK,GOOD
2026-01-06 05:00:00,COMPRESSOR_01,Air Compressor,35.401,8.8503,422.4,54.99,72.01,2.36,2945.3,2807.27,221.98,210.0,RUNNING_OPTIMAL,0,NORMAL,5.5,OFF_PEAK,GOOD
2026-01-06 05:00:00,HVAC_01,HVAC System,45.046,11.2615,424.0,69.7,42.96,1.773,971.7,3128.49,1265.12,1200.0,RUNNING_OPTIMAL,0,NORMAL,5.5,OFF_PEAK,GOOD
2026-01-06 05:00:00,MOTOR_01,Spinning Motor,44.345,11.0862,418.6,69.5,60.13,2.028,1482.2,2883.43,56.2,48.0,RUNNING_OPTIMAL,0,NORMAL,5.5,OFF_PEAK,GOOD
2026-01-06 05:00:00,PUMP_01,Water Pump,15.641,3.9102,425.1,24.14,48.34,1.614,1456.6,2726.2,28.8,28.0,RUNNING_OPTIMAL,0,NORMAL,5.5,OFF_PEAK,GOOD
2026-01-06 05:15:00,COMPRESSOR_01,Air Compressor,37.785,9.4462,422.1,58.73,74.02,2.323,2944.5,2807.52,233.78,210.0,RUNNING_OPTIMAL,0,NORMAL,5.5,OFF_PEAK,GOOD
2026-01-06 05:15:00,HVAC_01,HVAC System,43.929,10.9822,427.1,67.48,41.7,1.753,978.7,3128.74,1256.04,1200.0,RUNNING_OPTIMAL,0,NORMAL,5.5,OFF_PEAK,GOOD
2026-01-06 05:15:00,MOTOR_01,Spinning Motor,43.415,10.8538,415.5,68.55,60.57,1.996,1480.6,2883.68,53.31,48.0,RUNNING_OPTIMAL,0,NORMAL,5.5,OFF_PEAK,GOOD
2026-01-06 05:15:00,PUMP_01,Water Pump,18.727,4.6818,422.3,29.09,50.14,1.515,1445.2,2726.45,29.88,28.0,RUNNING_OPTIMAL,0,NORMAL,5.5,OFF_PEAK,GOOD
2026-01-06 05:30:00,COMPRESSOR_01,Air Compressor,33.005,8.2512,422.2,51.29,69.91,2.471,2949.2,2807.77,207.43,210.0,RUNNING_OPTIMAL,0,NORMAL,5.5,OFF_PEAK,GOOD
2026-01-06 05:30:00,HVAC_01,HVAC System,44.122,11.0305,423.6,68.34,41.72,1.79,972.2,3128.99,1253.45,1200.0,RUNNING_OPTIMAL,0,NORMAL,5.5,OFF_PEAK,GOOD
2026-01-06 05:30:00,MOTOR_01,Spinning Motor,43.818,10.9545,422.2,68.09,60.28,1.929,1487.2,2883.93,54.64,48.0,RUNNING_OPTIMAL,0,NORMAL,5.5,OFF_PEAK,GOOD
2026-01-06 05:30:00,PUMP_01,Water Pump,17.108,4.277,426.2,26.34,48.59,1.539,1449.1,2726.7,28.04,28.0,RUNNING_OPTIMAL,0,NORMAL,5.5,OFF_PEAK,GOOD
2026-01-06 05:45:00,COMPRESSOR_01,Air Compressor,34.051,8.5128,425.7,52.48,73.05,2.372,2942.2,2808.02,218.59,210.0,RUNNING_OPTIMAL,0,NORMAL,5.5,OFF_PEAK,GOOD
2026-01-06 05:45:00,HVAC_01,HVAC System,45.033,11.2582,419.3,70.46,42.94,1.623,980.7,3129.24,1301.58,1200.0,RUNNING_OPTIMAL,0,NORMAL,5.5,OFF_PEAK,GOOD
2026-01-06 05:45:00,MOTOR_01,Spinning Motor,44.245,11.0612,425.5,68.22,60.58,2.04,1481.4,2884.18,54.91,48.0,RUNNING_OPTIMAL,0,NORMAL,5.5,OFF_PEAK,GOOD
2026-01-06 05:45:00,PUMP_01,Water Pump,17.057,4.2642,422.0,26.52,49.4,1.596,1442.4,2726.95,30.77,28.0,RUNNING_OPTIMAL,0,NORMAL,5.5,OFF_PEAK,GOOD
2026-01-06 06:00:00,COMPRESSOR_01,Air Compressor,38.948,9.737,418.4,61.07,74.5,2.323,2943.1,2808.27,238.34,210.0,RUNNING_OPTIMAL,0,NORMAL,7.5,NORMAL,GOOD
2026-01-06 06:00:00,HVAC_01,HVAC System,44.784,11.196,426.0,68.97,44.68,1.826,974.7,3129.49,1295.44,1200.0,RUNNING_OPTIMAL,0,NORMAL,7.5,NORMAL,GOOD
2026-01-06 06:00:00,MOTOR_01,Spinning Motor,42.577,10.6442,424.2,65.85,62.13,1.905,1479.6,2884.43,53.71,48.0,RUNNING_OPTIMAL,0,NORMAL,7.5,NORMAL,GOOD
2026-01-06 06:00:00,PUMP_01,Water Pump,17.255,4.3138,425.6,26.6,50.2,1.423,1444.4,2727.2,28.53,28.0,RUNNING_OPTIMAL,0,NORMAL,7.5,NORMAL,GOOD
2026-01-06 06:15:00,COMPRESSOR_01,Air Compressor,37.128,9.282,427.6,56.97,74.82,2.461,2946.4,2808.52,237.39,210.0,RUNNING_OPTIMAL,0,NORMAL,7.5,NORMAL,GOOD
2026-01-06 06:15:00,HVAC_01,HVAC System,47.21,11.8025,425.9,72.72,44.58,1.656,981.9,3129.74,1334.17,1200.0,RUNNING_OPTIMAL,0,NORMAL,7.5,NORMAL,GOOD
2026-01-06 06:15:00,MOTOR_01,Spinning Motor,44.898,11.2245,416.5,70.72,60.28,1.959,1478.9,2884.68,54.85,48.0,RUNNING_OPTIMAL,0,NORMAL,7.5,NORMAL,GOOD
2026-01-06 06:15:00,PUMP_01,Water Pump,18.745,4.6862,422.7,29.09,51.68,1.622,1444.4,2727.45,30.54,28.0,RUNNING_OPTIMAL,0,NORMAL,7.5,NORMAL,GOOD
2026-01-06 06:30:00,COMPRESSOR_01,Air Compressor,36.771,9.1928,419.4,57.52,73.18,2.441,2940.8,2808.77,229.66,210.0,RUNNING_OPTIMAL,0,NORMAL,7.5,NORMAL,GOOD
2026-01-06 06:30:00,HVAC_01,HVAC System,44.642,11.1605,425.8,68.79,43.79,1.911,982.3,3129.99,1284.31,1200.0,RUNNING_OPTIMAL,0,NORMAL,7.5,NORMAL,GOOD
2026-01-06 06:30:00,MOTOR_01,Spinning Motor,44.04,11.01,420.0,68.79,61.44,1.883,1477.6,2884.93,52.29,48.0,RUNNING_OPTIMAL,0,NORMAL,7.5,NORMAL,GOOD
2026-01-06 06:30:00,PUMP_01,Water Pump,16.53,4.1325,418.7,25.9,50.88,1.452,1445.6,2727.7,29.15,28.0,RUNNING_OPTIMAL,0,NORMAL,7.5,NORMAL,GOOD
2026-01-06 06:45:00,COMPRESSOR_01,Air Compressor,35.989,8.9972,421.1,56.07,73.13,2.502,2943.3,2809.02,218.65,210.0,RUNNING_OPTIMAL,0,NORMAL,7.5,NORMAL,GOOD
2026-01-06 06:45:00,HVAC_01,HVAC System,45.294,11.3235,427.8,69.46,43.79,1.587,973.8,3130.24,1256.82,1200.0,RUNNING_OPTIMAL,0,NORMAL,7.5,NORMAL,GOOD
2026-01-06 06:45:00,MOTOR_01,Spinning Motor,44.417,11.1042,425.2,68.54,60.38,2.089,1483.5,2885.18,53.45,48.0,RUNNING_OPTIMAL,0,NORMAL,7.5,NORMAL,GOOD
2026-01-06 06:45:00,PUMP_01,Water Pump,17.393,4.3482,424.5,26.88,50.72,1.599,1451.2,2727.95,30.88,28.0,RUNNING_OPTIMAL,0,NORMAL,7.5,NORMAL,GOOD
2026-01-06 07:00:00,COMPRESSOR_01,Air Compressor,39.595,9.8988,424.9,61.14,76.05,2.374,2944.2,2809.27,240.97,210.0,RUNNING_OPTIMAL,0,NORMAL,7.5,NORMAL,GOOD
2026-01-06 07:00:00,HVAC_01,HVAC System,43.743,10.9358,422.7,67.89,44.19,1.792,980.7,3130.49,1260.68,1200.0,RUNNING_OPTIMAL,0,NORMAL,7.5,NORMAL,GOOD
2026-01-06 07:00:00,MOTOR_01,Spinning Motor,42.463,10.6158,422.5,65.94,61.4,1.827,1486.4,2885.43,53.09,48.0,RUNNING_OPTIMAL,0,NORMAL,7.5,NORMAL,GOOD
2026-01-06 07:00:00,PUMP_01,Water Pump,16.291,4.0728,420.6,25.41,52.43,1.52,1453.4,2728.2,30.94,28.0,RUNNING_OPTIMAL,0,NORMAL,7.5,NORMAL,GOOD
2026-01-06 07:15:00,COMPRESSOR_01,Air Compressor,36.042,9.0105,421.3,56.13,75.33,2.516,2950.5,2809.52,227.99,210.0,RUNNING_OPTIMAL,0,NORMAL,7.5,NORMAL,GOOD
2026-01-06 07:15:00,HVAC_01,HVAC System,44.514,11.1285,422.2,69.17,44.94,1.786,982.1,3130.74,1253.28,1200.0,RUNNING_OPTIMAL,0,NORMAL,7.5,NORMAL,GOOD
2026-01-06 07:15:00,MOTOR_01,Spinning Motor,43.934,10.9835,422.1,68.29,62.2,1.948,1481.4,2885.68,54.04,48.0,RUNNING_OPTIMAL,0,NORMAL,7.5,NORMAL,GOOD
2026-01-06 07:15:00,PUMP_01,Water Pump,18.11,4.5275,423.0,28.09,52.13,1.626,1447.2,2728.45,30.13,28.0,RUNNING_OPTIMAL,0,NORMAL,7.5,NORMAL,GOOD
2026-01-06 07:30:00,COMPRESSOR_01,Air Compressor,35.993,8.9982,421.3,56.05,75.87,2.359,2939.1,2809.77,229.34,210.0,RUNNING_OPTIMAL,0,NORMAL,7.5,NORMAL,GOOD
2026-01-06 07:30:00,HVAC_01,HVAC System,47.535,11.8837,418.8,74.47,44.8,1.707,967.9,3130.99,1361.05,1200.0,RUNNING_OPTIMAL,0,NORMAL,7.5,NORMAL,GOOD
2026-01-06 07:30:00,MOTOR_01,Spinning Motor,44.972,11.243,424.9,69.44,62.47,2.018,1476.9,2885.93,50.48,48.0,RUNNING_OPTIMAL,0,NORMAL,7.5,NORMAL,GOOD
2026-01-06 07:30:00,PUMP_01,Water Pump,15.816,3.954,427.6,24.27,51.61,1.285,1450.6,2728.7,30.23,28.0,RUNNING_OPTIMAL,0,NORMAL,7.5,NORMAL,GOOD
2026-01-06 07:45:00,COMPRESSOR_01,Air Compressor,37.106,9.2765,424.6,57.34,75.68,2.416,2942.2,2810.02,237.08,210.0,RUNNING_OPTIMAL,0,NORMAL,7.5,NORMAL,GOOD
2026-01-06 07:45:00,HVAC_01,HVAC System,45.718,11.4295,424.2,70.71,44.96,1.712,983.7,3131.24,1324.25,1200.0,RUNNING_OPTIMAL,0,NORMAL,7.5,NORMAL,GOOD
2026-01-06 07:45:00,MOTOR_01,Spinning Motor,43.805,10.9512,421.0,68.27,62.32,1.836,1482.6,2886.18,53.41,48.0,RUNNING_OPTIMAL,0,NORMAL,7.5,NORMAL,GOOD
2026-01-06 07:45:00,PUMP_01,Water Pump,18.083,4.5207,421.4,28.15,51.58,1.556,1449.5,2728.95,30.26,28.0,RUNNING_OPTIMAL,0,NORMAL,7.5,NORMAL,GOOD
2026-01-06 08:00:00,COMPRESSOR_01,Air Compressor,35.869,8.9672,420.5,55.96,75.05,2.32,2946.8,2810.27,223.06,210.0,RUNNING_OPTIMAL,0,NORMAL,7.5,NORMAL,GOOD
2026-01-06 08:00:00,HVAC_01,HVAC System,44.396,11.099,424.7,68.58,45.26,1.724,978.0,3131.49,1275.18,1200.0,RUNNING_OPTIMAL,0,NORMAL,7.5,NORMAL,GOOD
2026-01-06 08:00:00,MOTOR_01,Spinning Motor,46.002,11.5005,422.2,71.49,64.04,2.097,1475.9,2886.43,52.75,48.0,RUNNING_OPTIMAL,0,NORMAL,7.5,NORMAL,GOOD
2026-01-06 08:00:00,PUMP_01,Water Pump,16.727,4.1818,421.2,26.05,52.57,1.504,1447.7,2729.2,27.33,28.0,RUNNING_OPTIMAL,0,NORMAL,7.5,NORMAL,GOOD
2026-01-06 08:15:00,COMPRESSOR_01,Air Compressor,34.682,8.6705,418.7,54.34,75.29,2.247,2943.9,2810.52,221.76,210.0,RUNNING_OPTIMAL,0,NORMAL,7.5,NORMAL,GOOD
2026-01-06 08:15:00,HVAC_01,HVAC System,45.257,11.3142,426.5,69.62,47.07,1.813,969.5,3131.74,1328.6,1200.0,RUNNING_OPTIMAL,0,NORMAL,7.5,NORMAL,GOOD
2026-01-06 08:15:00,MOTOR_01,Spinning Motor,41.301,10.3252,422.8,64.09,63.79,1.928,1487.7,2886.68,52.7,48.0,RUNNING_OPTIMAL,0,NORMAL,7.5,NORMAL,GOOD
2026-01-06 08:15:00,PUMP_01,Water Pump,18.496,4.624,424.4,28.59,54.92,1.54,1441.8,2729.45,30.44,28.0,RUNNING_OPTIMAL,0,NORMAL,7.5,NORMAL,GOOD
2026-01-06 08:30:00,COMPRESSOR_01,Air Compressor,35.506,8.8765,419.9,55.48,76.0,2.365,2942.9,2810.77,229.91,210.0,RUNNING_OPTIMAL,0,NORMAL,7.5,NORMAL,GOOD
2026-01-06 08:30:00,HVAC_01,HVAC System,44.67,11.1675,418.9,69.96,47.03,1.747,979.5,3131.99,1264.09,1200.0,RUNNING_OPTIMAL,0,NORMAL,7.5,NORMAL,GOOD
2026-01-06 08:30:00,MOTOR_01,Spinning Motor,40.883,10.2208,426.8,62.85,63.04,1.936,1481.2,2886.93,48.48,48.0,RUNNING_OPTIMAL,0,NORMAL,7.5,NORMAL,GOOD
2026-01-06 08:30:00,PUMP_01,Water Pump,15.646,3.9115,421.4,24.36,52.99,1.479,1455.3,2729.7,28.99,28.0,RUNNING_OPTIMAL,0,NORMAL,7.5,NORMAL,GOOD
2026-01-06 08:45:00,COMPRESSOR_01,Air Compressor,36.038,9.0095,427.3,55.33,75.38,2.503,2938.9,2811.02,221.37,210.0,RUNNING_OPTIMAL,0,NORMAL,7.5,NORMAL,GOOD
2026-01-06 08:45:00,HVAC_01,HVAC System,42.253,10.5632,424.5,65.3,45.6,1.733,973.8,3132.24,1199.77,1200.0,RUNNING_OPTIMAL,0,NORMAL,7.5,NORMAL,GOOD
2026-01-06 08:45:00,MOTOR_01,Spinning Motor,41.955,10.4888,419.8,65.57,63.21,1.967,1483.9,2887.18,53.49,48.0,RUNNING_OPTIMAL,0,NORMAL,7.5,NORMAL,GOOD
2026-01-06 08:45:00,PUMP_01,Water Pump,17.895,4.4738,417.8,28.1,53.74,1.534,1448.6,2729.95,32.56,28.0,RUNNING_OPTIMAL,0,NORMAL,7.5,NORMAL,GOOD
2026-01-06 09:00:00,COMPRESSOR_01,Air Compressor,35.304,8.826,423.7,54.67,76.63,2.496,2943.3,2811.27,225.95,210.0,RUNNING_OPTIMAL,0,NORMAL,7.5,NORMAL,GOOD
2026-01-06 09:00:00,HVAC_01,HVAC System,44.694,11.1735,424.1,69.14,47.36,1.638,986.3,3132.49,1295.65,1200.0,RUNNING_OPTIMAL,0,NORMAL,7.5,NORMAL,GOOD
2026-01-06 09:00:00,MOTOR_01,Spinning Motor,41.669,10.4172,424.9,64.34,64.16,1.959,1484.8,2887.43,50.71,48.0,RUNNING_OPTIMAL,0,NORMAL,7.5,NORMAL,GOOD
2026-01-06 09:00:00,PUMP_01,Water Pump,18.488,4.622,416.7,29.11,54.64,1.622,1445.7,2730.2,28.45,28.0,RUNNING_OPTIMAL,0,NORMAL,7.5,NORMAL,GOOD
2026-01-06 09:15:00,COMPRESSOR_01,Air Compressor,34.362,8.5905,421.0,53.55,76.57,2.4,2945.4,2811.52,221.89,210.0,RUNNING_OPTIMAL,0,NORMAL,7.5,NORMAL,GOOD
2026-01-06 09:15:00,HVAC_01,HVAC System,47.103,11.7758,420.3,73.53,48.6,1.731,979.9,3132.74,1321.85,1200.0,RUNNING_OPTIMAL,0,NORMAL,7.5,NORMAL,GOOD
2026-01-06 09:15:00,MOTOR_01,Spinning Motor,45.302,11.3255,419.1,70.92,63.98,1.919,1480.1,2887.68,54.39,48.0,RUNNING_OPTIMAL,0,NORMAL,7.5,NORMAL,GOOD
2026-01-06 09:15:00,PUMP_01,Water Pump,17.223,4.3058,418.8,26.98,55.47,1.528,1450.0,2730.45,28.52,28.0,RUNNING_OPTIMAL,0,NORMAL,7.5,NORMAL,GOOD
2026-01-06 09:30:00,COMPRESSOR_01,Air Compressor,36.125,9.0312,419.1,56.55,75.76,2.429,2942.4,2811.77,224.01,210.0,RUNNING_OPTIMAL,0,NORMAL,7.5,NORMAL,GOOD
2026-01-06 09:30:00,HVAC_01,HVAC System,43.138,10.7845,418.9,67.56,47.61,1.738,975.6,3132.99,1295.01,1200.0,RUNNING_OPTIMAL,0,NORMAL,7.5,NORMAL,GOOD
2026-01-06 09:30:00,MOTOR_01,Spinning Motor,44.295,11.0738,416.7,69.74,64.43,2.068,1481.5,2887.93,53.41,48.0,RUNNING_OPTIMAL,0,NORMAL,7.5,NORMAL,GOOD
2026-01-06 09:30:00,PUMP_01,Water Pump,18.85,4.7125,418.8,29.53,55.37,1.515,1447.0,2730.7,28.6,28.0,RUNNING_OPTIMAL,0,NORMAL,7.5,NORMAL,GOOD
2026-01-06 09:45:00,COMPRESSOR_01,Air Compressor,34.691,8.6728,420.7,54.1,76.84,2.523,2947.5,2812.02,214.24,210.0,RUNNING_OPTIMAL,0,NORMAL,7.5,NORMAL,GOOD
2026-01-06 09:45:00,HVAC_01,HVAC System,44.143,11.0358,422.0,68.63,46.47,1.722,983.2,3133.24,1228.17,1200.0,RUNNING_OPTIMAL,0,NORMAL,7.5,NORMAL,GOOD
2026-01-06 09:45:00,MOTOR_01,Spinning Motor,41.621,10.4052,418.6,65.23,65.6,1.858,1489.2,2888.18,49.64,48.0,RUNNING_OPTIMAL,0,NORMAL,7.5,NORMAL,GOOD
2026-01-06 09:45:00,PUMP_01,Water Pump,17.117,4.2792,415.8,27.01,54.84,1.605,1445.0,2730.95,29.37,28.0,RUNNING_OPTIMAL,0,NORMAL,7.5,NORMAL,GOOD
2026-01-06 10:00:00,COMPRESSOR_01,Air Compressor,32.724,8.181,420.2,51.09,77.42,2.243,2953.0,2812.27,206.21,210.0,RUNNING_OPTIMAL,0,NORMAL,7.5,NORMAL,GOOD
2026-01-06 10:00:00,HVAC_01,HVAC System,44.589,11.1472,415.9,70.34,47.84,1.771,980.4,3133.49,1273.91,1200.0,RUNNING_OPTIMAL,0,NORMAL,7.5,NORMAL,GOOD
2026-01-06 10:00:00,MOTOR_01,Spinning Motor,41.432,10.358,424.4,64.05,66.13,1.868,1483.8,2888.43,51.73,48.0,RUNNING_OPTIMAL,0,NORMAL,7.5,NORMAL,GOOD
2026-01-06 10:00:00,PUMP_01,Water Pump,15.953,3.9882,420.6,24.88,56.03,1.49,1448.3,2731.2,25.82,28.0,RUNNING_OPTIMAL,0,NORMAL,7.5,NORMAL,GOOD
2026-01-06 10:15:00,COMPRESSOR_01,Air Compressor,34.997,8.7492,419.9,54.68,79.15,2.326,2941.7,2812.52,223.78,210.0,RUNNING_OPTIMAL,0,NORMAL,7.5,NORMAL,GOOD
2026-01-06 10:15:00,HVAC_01,HVAC System,44.38,11.095,423.6,68.74,47.27,1.604,975.2,3133.74,1259.63,1200.0,RUNNING_OPTIMAL,0,NORMAL,7.5,NORMAL,GOOD
2026-01-06 10:15:00,MOTOR_01,Spinning Motor,43.498,10.8745,424.5,67.23,65.12,2.039,1477.6,2888.68,52.8,48.0,RUNNING_OPTIMAL,0,NORMAL,7.5,NORMAL,GOOD
2026-01-06 10:15:00,PUMP_01,Water Pump,16.927,4.2318,416.5,26.66,55.28,1.391,1448.1,2731.45,31.64,28.0,RUNNING_OPTIMAL,0,NORMAL,7.5,NORMAL,GOOD
2026-01-06 10:30:00,COMPRESSOR_01,Air Compressor,34.765,8.6912,418.7,54.47,79.52,2.311,2945.3,2812.77,219.42,210.0,RUNNING_OPTIMAL,0,NORMAL,7.5,NORMAL,GOOD
2026-01-06 10:30:00,HVAC_01,HVAC System,42.795,10.6988,420.6,66.75,49.2,1.679,977.8,3133.99,1254.04,1200.0,RUNNING_OPTIMAL,0,NORMAL,7.5,NORMAL,GOOD
2026-01-06 10:30:00,MOTOR_01,Spinning Motor,39.376,9.844,414.9,62.27,65.86,1.868,1484.4,2888.93,48.96,48.0,RUNNING_OPTIMAL,0,NORMAL,7.5,NORMAL,GOOD
2026-01-06 10:30:00,PUMP_01,Water Pump,15.957,3.9892,420.6,24.89,54.5,1.452,1449.4,2731.7,28.87,28.0,RUNNING_OPTIMAL,0,NORMAL,7.5,NORMAL,GOOD
2026-01-06 10:45:00,COMPRESSOR_01,Air Compressor,34.672,8.668,420.7,54.07,76.54,2.323,2950.5,2813.02,217.24,210.0,RUNNING_OPTIMAL,0,NORMAL,7.5,NORMAL,GOOD
2026-01-06 10:45:00,HVAC_01,HVAC System,45.367,11.3418,422.3,70.48,48.94,1.676,981.1,3134.24,1330.47,1200.0,RUNNING_OPTIMAL,0,NORMAL,7.5,NORMAL,GOOD
2026-01-06 10:45:00,MOTOR_01,Spinning Motor,41.286,10.3215,422.6,64.1,65.92,1.971,1483.2,2889.18,49.35,48.0,RUNNING_OPTIMAL,0,NORMAL,7.5,NORMAL,GOOD
2026-01-06 10:45:00,PUMP_01,Water Pump,15.827,3.9568,420.1,24.72,55.92,1.428,1439.8,2731.95,31.6,28.0,RUNNING_OPTIMAL,0,NORMAL,7.5,NORMAL,GOOD
2026-01-06 11:00:00,COMPRESSOR_01,Air Compressor,35.578,8.8945,415.6,56.16,80.07,2.435,2948.1,2813.27,222.95,210.0,RUNNING_OPTIMAL,0,NORMAL,7.5,NORMAL,GOOD
2026-01-06 11:00:00,HVAC_01,HVAC System,39.737,9.9342,413.7,63.02,48.41,1.708,984.0,3134.49,1144.51,1200.0,RUNNING_OPTIMAL,0,NORMAL,7.5,NORMAL,GOOD
2026-01-06 11:00:00,MOTOR_01,Spinning Motor,41.648,10.412,419.9,65.07,66.83,1.916,1484.2,2889.43,48.75,48.0,RUNNING_OPTIMAL,0,NORMAL,7.5,NORMAL,GOOD
2026-01-06 11:00:00,PUMP_01,Water Pump,15.983,3.9958,417.4,25.12,55.91,1.475,1441.8,2732.2,27.8,28.0,RUNNING_OPTIMAL,0,NORMAL,7.5,NORMAL,GOOD
2026-01-06 11:15:00,COMPRESSOR_01,Air Compressor,33.307,8.3268,418.1,52.27,78.95,2.301,2943.8,2813.52,214.43,210.0,RUNNING_OPTIMAL,0,NORMAL,7.5,NORMAL,GOOD
2026-01-06 11:15:00,HVAC_01,HVAC System,39.847,9.9618,420.6,62.16,48.02,1.645,976.3,3134.74,1161.82,1200.0,RUNNING_OPTIMAL,0,NORMAL,7.5,NORMAL,GOOD
2026-01-06 11:15:00,MOTOR_01,Spinning Motor,38.837,9.7093,416.5,61.18,66.95,1.979,1483.7,2889.68,46.04,48.0,RUNNING_OPTIMAL,0,NORMAL,7.5,NORMAL,GOOD
2026-01-06 11:15:00,PUMP_01,Water Pump,16.282,4.0705,411.0,25.99,56.43,1.567,1450.3,2732.45,29.32,28.0,RUNNING_OPTIMAL,0,NORMAL,7.5,NORMAL,GOOD
2026-01-06 11:30:00,COMPRESSOR_01,Air Compressor,34.938,8.7345,420.0,54.58,80.14,2.429,2950.7,2813.77,221.92,210.0,RUNNING_OPTIMAL,0,NORMAL,7.5,NORMAL,GOOD
2026-01-06 11:30:00,HVAC_01,HVAC System,42.888,10.722,416.7,67.53,48.34,1.697,981.2,3134.99,1207.83,1200.0,RUNNING_OPTIMAL,0,NORMAL,7.5,NORMAL,GOOD
2026-01-06 11:30:00,MOTOR_01,Spinning Motor,38.864,9.716,417.2,61.12,65.47,1.899,1483.4,2889.93,48.98,48.0,RUNNING_OPTIMAL,0,NORMAL,7.5,NORMAL,GOOD
2026-01-06 11:30:00,PUMP_01,Water Pump,17.236,4.309,419.3,26.97,57.65,1.519,1442.9,2732.7,29.11,28.0,RUNNING_OPTIMAL,0,NORMAL,7.5,NORMAL,GOOD
2026-01-06 11:45:00,COMPRESSOR_01,Air Compressor,36.69,9.1725,417.1,57.71,79.97,2.5,2945.0,2814.02,222.95,210.0,RUNNING_OPTIMAL,0,NORMAL,7.5,NORMAL,GOOD
2026-01-06 11:45:00,HVAC_01,HVAC System,42.251,10.5628,414.7,66.84,50.17,1.726,980.8,3135.24,1197.63,1200.0,RUNNING_OPTIMAL,0,NORMAL,7.5,NORMAL,GOOD
2026-01-06 11:45:00,MOTOR_01,Spinning Motor,40.048,10.012,419.0,62.71,66.17,1.95,1483.9,2890.18,48.0,48.0,RUNNING_OPTIMAL,0,NORMAL,7.5,NORMAL,GOOD
2026-01-06 11:45:00,PUMP_01,Water Pump,16.365,4.0912,419.8,25.58,56.87,1.54,1451.8,2732.95,26.93,28.0,RUNNING_OPTIMAL,0,NORMAL,7.5,NORMAL,GOOD
2026-01-06 12:00:00,COMPRESSOR_01,Air Compressor,35.198,8.7995,411.8,56.08,78.96,2.399,2945.7,2814.27,215.34,210.0,RUNNING_OPTIMAL,0,NORMAL,7.5,NORMAL,GOOD
2026-01-06 12:00:00,HVAC_01,HVAC System,39.506,9.8765,416.1,62.29,49.93,1.555,984.7,3135.49,1130.21,1200.0,RUNNING_OPTIMAL,0,NORMAL,7.5,NORMAL,GOOD
2026-01-06 12:00:00,MOTOR_01,Spinning Motor,39.487,9.8718,412.0,62.88,66.92,1.98,1484.9,2890.43,47.5,48.0,RUNNING_OPTIMAL,0,NORMAL,7.5,NORMAL,GOOD
2026-01-06 12:00:00,PUMP_01,Water Pump,15.211,3.8028,410.7,24.3,56.81,1.487,1451.1,2733.2,28.63,28.0,RUNNING_OPTIMAL,0,NORMAL,7.5,NORMAL,GOOD
2026-01-06 12:15:00,COMPRESSOR_01,Air Compressor,34.901,8.7253,415.0,55.18,79.96,2.466,2947.8,2814.52,210.48,210.0,RUNNING_OPTIMAL,0,NORMAL,7.5,NORMAL,GOOD
2026-01-06 12:15:00,HVAC_01,HVAC System,41.436,10.359,412.2,65.95,51.05,1.72,983.2,3135.74,1216.51,1200.0,RUNNING_OPTIMAL,0,NORMAL,7.5,NORMAL,GOOD
2026-01-06 12:15:00,MOTOR_01,Spinning Motor,41.59,10.3975,412.3,66.18,67.62,1.935,1485.8,2890.68,48.92,48.0,RUNNING_OPTIMAL,0,NORMAL,7.5,NORMAL,GOOD
2026-01-06 12:15:00,PUMP_01,Water Pump,15.753,3.9382,411.4,25.12,57.0,1.517,1441.9,2733.45,28.86,28.0,RUNNING_OPTIMAL,0,NORMAL,7.5,NORMAL,GOOD
2026-01-06 12:30:00,COMPRESSOR_01,Air Compressor,33.699,8.4248,411.6,53.72,79.99,2.507,2944.0,2814.77,215.09,210.0,RUNNING_OPTIMAL,0,NORMAL,7.5,NORMAL,GOOD
2026-01-06 12:30:00,HVAC_01,HVAC System,39.983,9.9957,413.8,63.39,49.32,1.667,980.2,3135.99,1154.6,1200.0,RUNNING_OPTIMAL,0,NORMAL,7.5,NORMAL,GOOD
2026-01-06 12:30:00,MOTOR_01,Spinning Motor,40.842,10.2105,418.5,64.03,67.0,1.896,1487.2,2890.93,48.67,48.0,RUNNING_OPTIMAL,0,NORMAL,7.5,NORMAL,GOOD
2026-01-06 12:30:00,PUMP_01,Water Pump,15.002,3.7505,414.0,23.77,57.11,1.564,1448.6,2733.7,28.95,28.0,RUNNING_OPTIMAL,0,NORMAL,7.5,NORMAL,GOOD
2026-01-06 12:45:00,COMPRESSOR_01,Air Compressor,32.575,8.1438,414.4,51.57,78.86,2.451,2947.4,2815.02,196.02,210.0,RUNNING_OPTIMAL,0,NORMAL,7.5,NORMAL,GOOD
2026-01-06 12:45:00,HVAC_01,HVAC System,40.525,10.1312,414.7,64.11,49.26,1.558,971.9,3136.24,1169.46,1200.0,RUNNING_OPTIMAL,0,NORMAL,7.5,NORMAL,GOOD
2026-01-06 12:45:00,MOTOR_01,Spinning Motor,39.83,9.9575,414.8,63.0,66.82,1.913,1481.7,2891.18,45.84,48.0,RUNNING_OPTIMAL,0,NORMAL,7.5,NORMAL,GOOD
2026-01-06 12:45:00,PUMP_01,Water Pump,14.201,3.5502,412.0,22.61,55.91,1.512,1451.5,2733.95,27.19,28.0,RUNNING_OPTIMAL,0,NORMAL,7.5,NORMAL,GOOD
2026-01-06 13:00:00,COMPRESSOR_01,Air Compressor,15.426,3.8565,411.3,24.61,66.42,1.562,2954.3,2815.27,0.0,42.0,IDLE_UNLOADED,0,NORMAL,7.5,NORMAL,GOOD
2026-01-06 13:00:00,HVAC_01,HVAC System,14.813,3.7032,408.9,23.77,38.01,1.052,984.3,3136.49,0.0,240.0,IDLE_UNLOADED,0,NORMAL,7.5,NORMAL,GOOD
2026-01-06 13:00:00,MOTOR_01,Spinning Motor,11.421,2.8552,417.1,17.96,54.1,1.228,1485.0,2891.43,0.0,9.6,IDLE_UNLOADED,0,NORMAL,7.5,NORMAL,GOOD
2026-01-06 13:00:00,PUMP_01,Water Pump,4.332,1.083,414.9,6.85,44.79,1.047,1451.1,2734.2,0.0,5.6,IDLE_UNLOADED,0,NORMAL,7.5,NORMAL,GOOD
2026-01-06 13:15:00,COMPRESSOR_01,Air Compressor,15.044,3.761,410.0,24.07,65.91,1.55,2954.3,2815.52,0.0,42.0,IDLE_UNLOADED,0,NORMAL,7.5,NORMAL,GOOD
2026-01-06 13:15:00,HVAC_01,HVAC System,15.06,3.765,410.2,24.09,37.29,1.156,983.5,3136.74,0.0,240.0,IDLE_UNLOADED,0,NORMAL,7.5,NORMAL,GOOD
2026-01-06 13:15:00,MOTOR_01,Spinning Motor,12.5,3.125,406.4,20.18,53.46,1.267,1495.1,2891.68,0.0,9.6,IDLE_UNLOADED,0,NORMAL,7.5,NORMAL,GOOD
2026-01-06 13:15:00,PUMP_01,Water Pump,4.675,1.1688,416.4,7.37,43.16,1.021,1455.2,2734.45,0.0,5.6,IDLE_UNLOADED,0,NORMAL,7.5,NORMAL,GOOD
2026-01-06 13:30:00,COMPRESSOR_01,Air Compressor,32.243,8.0608,404.6,52.28,79.94,2.406,2949.5,2815.77,200.18,210.0,RUNNING_OPTIMAL,0,NORMAL,7.5,NORMAL,GOOD
2026-01-06 13:30:00,HVAC_01,HVAC System,41.297,10.3242,409.5,66.16,49.29,1.731,979.8,3136.99,1196.42,1200.0,RUNNING_OPTIMAL,0,NORMAL,7.5,NORMAL,GOOD
2026-01-06 13:30:00,MOTOR_01,Spinning Motor,38.367,9.5918,414.1,60.79,66.81,1.932,1485.6,2891.93,43.15,48.0,RUNNING_OPTIMAL,0,NORMAL,7.5,NORMAL,GOOD
2026-01-06 13:30:00,PUMP_01,Water Pump,15.255,3.8138,413.7,24.19,56.59,1.397,1446.8,2734.7,26.67,28.0,RUNNING_OPTIMAL,0,NORMAL,7.5,NORMAL,GOOD
2026-01-06 13:45:00,COMPRESSOR_01,Air Compressor,32.694,8.1735,413.3,51.9,80.25,2.455,2945.1,2816.02,206.26,210.0,RUNNING_OPTIMAL,0,NORMAL,7.5,NORMAL,GOOD
2026-01-06 13:45:00,HVAC_01,HVAC System,41.965,10.4913,413.4,66.6,49.83,1.826,983.4,3137.24,1201.34,1200.0,RUNNING_OPTIMAL,0,NORMAL,7.5,NORMAL,GOOD
2026-01-06 13:45:00,MOTOR_01,Spinning Motor,40.77,10.1925,412.8,64.8,68.2,1.755,1483.0,2892.18,48.44,48.0,RUNNING_OPTIMAL,0,NORMAL,7.5,NORMAL,GOOD
2026-01-06 13:45:00,PUMP_01,Water Pump,13.65,3.4125,413.9,21.64,57.46,1.502,1449.7,2734.95,28.94,28.0,RUNNING_OPTIMAL,0,NORMAL,7.5,NORMAL,GOOD
2026-01-06 14:00:00,COMPRESSOR_01,Air Compressor,29.869,7.4672,413.2,47.43,79.44,2.182,2957.8,2816.27,188.74,210.0,RUNNING_OPTIMAL,0,NORMAL,7.5,NORMAL,GOOD
2026-01-06 14:00:00,HVAC_01,HVAC System,40.092,10.023,408.2,64.44,50.56,1.687,982.9,3137.49,1159.25,1200.0,RUNNING_OPTIMAL,0,NORMAL,7.5,NORMAL,GOOD
2026-01-06 14:00:00,MOTOR_01,Spinning Motor,35.887,8.9718,411.3,57.24,66.31,1.917,1486.3,2892.43,43.74,48.0,RUNNING_OPTIMAL,0,NORMAL,7.5,NORMAL,GOOD
2026-01-06 14:00:00,PUMP_01,Water Pump,15.048,3.762,412.5,23.93,56.02,1.372,1454.3,2735.2,25.23,28.0,RUNNING_OPTIMAL,0,NORMAL,7.5,NORMAL,GOOD
2026-01-06 14:15:00,COMPRESSOR_01,Air Compressor,30.436,7.609,416.2,47.98,80.62,2.355,2958.8,2816.52,189.48,210.0,RUNNING_OPTIMAL,0,NORMAL,7.5,NORMAL,GOOD
2026-01-06 14:15:00,HVAC_01,HVAC System,40.595,10.1488,409.5,65.04,49.65,1.831,978.1,3137.74,1163.89,1200.0,RUNNING_OPTIMAL,0,NORMAL,7.5,NORMAL,GOOD
2026-01-06 14:15:00,MOTOR_01,Spinning Motor,39.269,9.8172,414.8,62.11,66.87,1.903,1480.5,2892.68,46.83,48.0,RUNNING_OPTIMAL,0,NORMAL,7.5,NORMAL,GOOD
2026-01-06 14:15:00,PUMP_01,Water Pump,15.431,3.8578,410.3,24.67,56.12,1.43,1444.5,2735.45,26.59,28.0,RUNNING_OPTIMAL,0,NORMAL,7.5,NORMAL,GOOD
2026-01-06 14:30:00,COMPRESSOR_01,Air Compressor,30.517,7.6292,411.1,48.7,80.73,2.519,2950.6,2816.77,196.49,210.0,RUNNING_OPTIMAL,0,NORMAL,7.5,NORMAL,GOOD
2026-01-06 14:30:00,HVAC_01,HVAC System,39.497,9.8742,415.8,62.32,49.07,1.768,981.6,3137.99,1143.36,1200.0,RUNNING_OPTIMAL,0,NORMAL,7.5,NORMAL,GOOD
2026-01-06 14:30:00,MOTOR_01,Spinning Motor,36.603,9.1508,413.4,58.09,66.54,1.81,1487.7,2892.93,44.77,48.0,RUNNING_OPTIMAL,0,NORMAL,7.5,NORMAL,GOOD
2026-01-06 14:30:00,PUMP_01,Water Pump,15.212,3.803,408.0,24.46,56.08,1.311,1450.8,2735.7,25.45,28.0,RUNNING_OPTIMAL,0,NORMAL,7.5,NORMAL,GOOD
2026-01-06 14:45:00,COMPRESSOR_01,Air Compressor,31.918,7.9795,416.6,50.27,80.58,2.44,2949.9,2817.02,193.76,210.0,RUNNING_OPTIMAL,0,NORMAL,7.5,NORMAL,GOOD
2026-01-06 14:45:00,HVAC_01,HVAC System,41.371,10.3428,411.4,65.98,48.88,1.718,983.2,3138.24,1146.1,1200.0,RUNNING_OPTIMAL,0,NORMAL,7.5,NORMAL,GOOD
2026-01-06 14:45:00,MOTOR_01,Spinning Motor,37.273,9.3183,413.3,59.17,65.75,1.807,1485.8,2893.18,46.55,48.0,RUNNING_OPTIMAL,0,NORMAL,7.5,NORMAL,GOOD
2026-01-06 14:45:00,PUMP_01,Water Pump,15.377,3.8442,409.4,24.64,55.32,1.443,1445.9,2735.95,25.69,28.0,RUNNING_OPTIMAL,0,NORMAL,7.5,NORMAL,GOOD
2026-01-06 15:00:00,COMPRESSOR_01,Air Compressor,30.444,7.611,413.2,48.34,81.02,2.305,2944.4,2817.27,196.61,210.0,RUNNING_OPTIMAL,0,NORMAL,7.5,NORMAL,GOOD
2026-01-06 15:00:00,HVAC_01,HVAC System,39.767,9.9418,407.9,63.96,48.71,1.686,981.0,3138.49,1127.88,1200.0,RUNNING_OPTIMAL,0,NORMAL,7.5,NORMAL,GOOD
2026-01-06 15:00:00,MOTOR_01,Spinning Motor,36.859,9.2148,409.8,59.01,65.72,1.873,1490.9,2893.43,43.0,48.0,RUNNING_OPTIMAL,0,NORMAL,7.5,NORMAL,GOOD
2026-01-06 15:00:00,PUMP_01,Water Pump,14.862,3.7155,406.2,24.0,57.12,1.474,1447.5,2736.2,27.14,28.0,RUNNING_OPTIMAL,0,NORMAL,7.5,NORMAL,GOOD
2026-01-06 15:15:00,COMPRESSOR_01,Air Compressor,29.539,7.3848,408.6,47.43,78.89,2.381,2952.0,2817.52,191.43,210.0,RUNNING_OPTIMAL,0,NORMAL,7.5,NORMAL,GOOD
2026-01-06 15:15:00,HVAC_01,HVAC System,37.74,9.435,412.2,60.07,49.05,1.664,982.0,3138.74,1094.39,1200.0,RUNNING_OPTIMAL,0,NORMAL,7.5,NORMAL,GOOD
2026-01-06 15:15:00,MOTOR_01,Spinning Motor,37.518,9.3795,405.4,60.72,66.25,1.785,1478.8,2893.68,45.66,48.0,RUNNING_OPTIMAL,0,NORMAL,7.5,NORMAL,GOOD
2026-01-06 15:15:00,PUMP_01,Water Pump,14.618,3.6545,405.9,23.63,55.74,1.426,1448.8,2736.45,25.94,28.0,RUNNING_OPTIMAL,0,NORMAL,7.5,NORMAL,GOOD
2026-01-06 15:30:00,COMPRESSOR_01,Air Compressor,30.065,7.5162,414.0,47.65,79.43,2.175,2960.9,2817.77,191.11,210.0,RUNNING_OPTIMAL,0,NORMAL,7.5,NORMAL,GOOD
2026-01-06 15:30:00,HVAC_01,HVAC System,41.495,10.3738,411.6,66.14,50.32,1.661,978.7,3138.99,1169.99,1200.0,RUNNING_OPTIMAL,0,NORMAL,7.5,NORMAL,GOOD
2026-01-06 15:30:00,MOTOR_01,Spinning Motor,36.102,9.0255,408.7,57.95,65.4,1.771,1485.7,2893.93,43.7,48.0,RUNNING_OPTIMAL,0,NORMAL,7.5,NORMAL,GOOD
2026-01-06 15:30:00,PUMP_01,Water Pump,15.579,3.8948,407.0,25.11,55.32,1.547,1447.5,2736.7,24.77,28.0,RUNNING_OPTIMAL,0,NORMAL,7.5,NORMAL,GOOD
2026-01-06 15:45:00,COMPRESSOR_01,Air Compressor,31.726,7.9315,405.8,51.29,79.86,2.456,2959.4,2818.02,202.48,210.0,RUNNING_OPTIMAL,0,NORMAL,7.5,NORMAL,GOOD
2026-01-06 15:45:00,HVAC_01,HVAC System,40.62,10.155,407.1,65.46,50.08,1.739,987.0,3139.24,1155.07,1200.0,RUNNING_OPTIMAL,0,NORMAL,7.5,NORMAL,GOOD
2026-01-06 15:45:00,MOTOR_01,Spinning Motor,37.183,9.2958,405.2,60.2,66.56,1.889,1489.3,2894.18,44.68,48.0,RUNNING_OPTIMAL,0,NORMAL,7.5,NORMAL,GOOD
2026-01-06 15:45:00,PUMP_01,Water Pump,15.251,3.8128,406.6,24.61,55.84,1.56,1452.0,2736.95,27.23,28.0,RUNNING_OPTIMAL,0,NORMAL,7.5,NORMAL,GOOD
2026-01-06 16:00:00,COMPRESSOR_01,Air Compressor,28.792,7.198,411.1,45.95,77.04,2.33,2958.9,2818.27,170.42,210.0,RUNNING_OPTIMAL,0,NORMAL,7.5,NORMAL,GOOD
2026-01-06 16:00:00,HVAC_01,HVAC System,38.799,9.6998,408.1,62.38,48.37,1.705,983.2,3139.49,1103.4,1200.0,RUNNING_OPTIMAL,0,NORMAL,7.5,NORMAL,GOOD
2026-01-06 16:00:00,MOTOR_01,Spinning Motor,38.679,9.6698,408.0,62.2,67.85,1.83,1493.1,2894.43,45.61,48.0,RUNNING_OPTIMAL,0,NORMAL,7.5,NORMAL,GOOD
2026-01-06 16:00:00,PUMP_01,Water Pump,14.467,3.6168,404.9,23.44,54.89,1.619,1453.9,2737.2,24.97,28.0,RUNNING_OPTIMAL,0,NORMAL,7.5,NORMAL,GOOD
2026-01-06 16:15:00,COMPRESSOR_01,Air Compressor,29.773,7.4432,405.8,48.14,79.32,2.341,2956.1,2818.52,194.0,210.0,RUNNING_OPTIMAL,0,NORMAL,7.5,NORMAL,GOOD
2026-01-06 16:15:00,HVAC_01,HVAC System,35.084,8.771,409.9,56.15,47.98,1.592,977.8,3139.74,1048.03,1200.0,RUNNING_OPTIMAL,0,NORMAL,7.5,NORMAL,GOOD
2026-01-06 16:15:00,MOTOR_01,Spinning Motor,35.595,8.8988,405.2,57.63,67.3,2.017,1486.6,2894.68,43.89,48.0,RUNNING_OPTIMAL,0,NORMAL,7.5,NORMAL,GOOD
2026-01-06 16:15:00,PUMP_01,Water Pump,13.651,3.4128,408.8,21.91,56.22,1.528,1451.5,2737.45,25.04,28.0,RUNNING_OPTIMAL,0,NORMAL,7.5,NORMAL,GOOD
2026-01-06 16:30:00,COMPRESSOR_01,Air Compressor,30.744,7.686,406.1,49.67,78.43,2.31,2953.6,2818.77,198.73,210.0,RUNNING_OPTIMAL,0,NORMAL,7.5,NORMAL,GOOD
2026-01-06 16:30:00,HVAC_01,HVAC System,40.374,10.0935,412.7,64.18,48.71,1.753,976.8,3139.99,1124.03,1200.0,RUNNING_OPTIMAL,0,NORMAL,7.5,NORMAL,GOOD
2026-01-06 16:30:00,MOTOR_01,Spinning Motor,33.805,8.4512,406.7,54.53,66.61,1.931,1486.6,2894.93,44.47,48.0,RUNNING_OPTIMAL,0,NORMAL,7.5,NORMAL,GOOD
2026-01-06 16:30:00,PUMP_01,Water Pump,14.018,3.5045,404.7,22.73,55.65,1.481,1447.7,2737.7,26.62,28.0,RUNNING_OPTIMAL,0,NORMAL,7.5,NORMAL,GOOD
2026-01-06 16:45:00,COMPRESSOR_01,Air Compressor,31.301,7.8252,409.6,50.14,79.68,2.427,2947.5,2819.02,203.31,210.0,RUNNING_OPTIMAL,0,NORMAL,7.5,NORMAL,GOOD
2026-01-06 16:45:00,HVAC_01,HVAC System,40.463,10.1158,407.5,65.15,48.45,1.733,973.4,3140.24,1109.54,1200.0,RUNNING_OPTIMAL,0,NORMAL,7.5,NORMAL,GOOD
2026-01-06 16:45:00,MOTOR_01,Spinning Motor,34.88,8.72,409.3,55.91,65.61,1.671,1480.0,2895.18,43.69,48.0,RUNNING_OPTIMAL,0,NORMAL,7.5,NORMAL,GOOD
2026-01-06 16:45:00,PUMP_01,Water Pump,13.04,3.26,409.7,20.88,57.65,1.466,1447.8,2737.95,27.01,28.0,RUNNING_OPTIMAL,0,NORMAL,7.5,NORMAL,GOOD
2026-01-06 17:00:00,COMPRESSOR_01,Air Compressor,29.488,7.372,409.7,47.22,77.42,2.349,2958.4,2819.27,188.41,210.0,RUNNING_OPTIMAL,0,NORMAL,7.5,NORMAL,GOOD
2026-01-06 17:00:00,HVAC_01,HVAC System,42.29,10.5725,410.0,67.67,48.41,1.74,981.9,3140.49,1195.78,1200.0,RUNNING_OPTIMAL,0,NORMAL,7.5,NORMAL,GOOD
2026-01-06 17:00:00,MOTOR_01,Spinning Motor,37.709,9.4273,405.0,61.09,65.78,1.86,1492.0,2895.43,45.23,48.0,RUNNING_OPTIMAL,0,NORMAL,7.5,NORMAL,GOOD
2026-01-06 17:00:00,PUMP_01,Water Pump,14.437,3.6092,408.5,23.19,54.44,1.518,1453.8,2738.2,23.77,28.0,RUNNING_OPTIMAL,0,NORMAL,7.5,NORMAL,GOOD
2026-01-06 17:15:00,COMPRESSOR_01,Air Compressor,29.553,7.3882,408.2,47.5,77.63,2.428,2952.9,2819.52,193.84,210.0,RUNNING_OPTIMAL,0,NORMAL,7.5,NORMAL,GOOD
2026-01-06 17:15:00,HVAC_01,HVAC System,39.174,9.7935,405.0,63.46,46.92,1.707,974.0,3140.74,1112.35,1200.0,RUNNING_OPTIMAL,0,NORMAL,7.5,NORMAL,GOOD
2026-01-06 17:15:00,MOTOR_01,Spinning Motor,36.045,9.0112,408.0,57.96,63.96,1.754,1483.7,2895.68,42.45,48.0,RUNNING_OPTIMAL,0,NORMAL,7.5,NORMAL,GOOD
2026-01-06 17:15:00,PUMP_01,Water Pump,13.347,3.3368,407.3,21.5,55.51,1.553,1449.9,2738.45,25.87,28.0,RUNNING_OPTIMAL,0,NORMAL,7.5,NORMAL,GOOD
2026-01-06 17:30:00,COMPRESSOR_01,Air Compressor,31.176,7.794,407.2,50.23,79.14,2.376,2946.6,2819.77,193.58,210.0,RUNNING_OPTIMAL,0,NORMAL,7.5,NORMAL,GOOD
2026-01-06 17:30:00,HVAC_01,HVAC System,37.104,9.276,409.4,59.46,46.32,1.643,978.6,3140.99,1032.27,1200.0,RUNNING_OPTIMAL,0,NORMAL,7.5,NORMAL,GOOD
2026-01-06 17:30:00,MOTOR_01,Spinning Motor,36.671,9.1678,405.8,59.29,64.45,1.911,1479.3,2895.93,42.93,48.0,RUNNING_OPTIMAL,0,NORMAL,7.5,NORMAL,GOOD
2026-01-06 17:30:00,PUMP_01,Water Pump,12.95,3.2375,412.7,20.59,55.39,1.556,1447.6,2738.7,24.16,28.0,RUNNING_OPTIMAL,0,NORMAL,7.5,NORMAL,GOOD
2026-01-06 17:45:00,COMPRESSOR_01,Air Compressor,28.589,7.1472,406.6,46.13,78.48,2.267,2961.4,2820.02,178.98,210.0,RUNNING_OPTIMAL,0,NORMAL,7.5,NORMAL,GOOD
2026-01-06 17:45:00,HVAC_01,HVAC System,38.587,9.6468,406.3,62.31,48.45,1.796,981.9,3141.24,1064.15,1200.0,RUNNING_OPTIMAL,0,NORMAL,7.5,NORMAL,GOOD
2026-01-06 17:45:00,MOTOR_01,Spinning Motor,32.64,8.16,411.1,52.09,64.52,1.957,1488.7,2896.18,40.29,48.0,RUNNING_OPTIMAL,0,NORMAL,7.5,NORMAL,GOOD
2026-01-06 17:45:00,PUMP_01,Water Pump,15.558,3.8895,408.0,25.02,55.33,1.411,1452.8,2738.95,23.53,28.0,RUNNING_OPTIMAL,0,NORMAL,7.5,NORMAL,GOOD
2026-01-06 18:00:00,COMPRESSOR_01,Air Compressor,30.538,7.6345,412.8,48.54,77.5,2.364,2956.9,2820.27,186.96,210.0,RUNNING_OPTIMAL,0,NORMAL,10.0,PEAK,GOOD
2026-01-06 18:00:00,HVAC_01,HVAC System,39.812,9.953,399.6,65.36,48.3,1.749,984.3,3141.49,1128.85,1200.0,RUNNING_OPTIMAL,0,NORMAL,10.0,PEAK,GOOD
2026-01-06 18:00:00,MOTOR_01,Spinning Motor,35.866,8.9665,410.0,57.39,63.53,1.845,1486.8,2896.43,44.89,48.0,RUNNING_OPTIMAL,0,NORMAL,10.0,PEAK,GOOD
2026-01-06 18:00:00,PUMP_01,Water Pump,13.371,3.3428,407.7,21.52,53.49,1.443,1450.0,2739.2,25.79,28.0,RUNNING_OPTIMAL,0,NORMAL,10.0,PEAK,GOOD
2026-01-06 18:15:00,COMPRESSOR_01,Air Compressor,31.121,7.7802,410.2,49.78,77.33,2.146,2953.7,2820.52,193.3,210.0,RUNNING_OPTIMAL,0,NORMAL,10.0,PEAK,GOOD
2026-01-06 18:15:00,HVAC_01,HVAC System,38.12,9.53,412.5,60.63,46.13,1.702,985.3,3141.74,1061.52,1200.0,RUNNING_OPTIMAL,0,NORMAL,10.0,PEAK,GOOD
2026-01-06 18:15:00,MOTOR_01,Spinning Motor,35.13,8.7825,405.3,56.87,62.96,1.968,1484.6,2896.68,45.54,48.0,RUNNING_OPTIMAL,0,NORMAL,10.0,PEAK,GOOD
2026-01-06 18:15:00,PUMP_01,Water Pump,14.596,3.649,404.7,23.66,53.39,1.489,1450.6,2739.45,26.54,28.0,RUNNING_OPTIMAL,0,NORMAL,10.0,PEAK,GOOD
2026-01-06 18:30:00,COMPRESSOR_01,Air Compressor,29.137,7.2842,410.1,46.61,76.35,2.235,2954.6,2820.77,190.25,210.0,RUNNING_OPTIMAL,0,NORMAL,10.0,PEAK,GOOD
2026-01-06 18:30:00,HVAC_01,HVAC System,38.884,9.721,410.2,62.19,48.14,1.59,980.2,3141.99,1119.15,1200.0,RUNNING_OPTIMAL,0,NORMAL,10.0,PEAK,GOOD
2026-01-06 18:30:00,MOTOR_01,Spinning Motor,34.45,8.6125,406.8,55.56,63.13,1.853,1493.7,2896.93,40.93,48.0,RUNNING_OPTIMAL,0,NORMAL,10.0,PEAK,GOOD
2026-01-06 18:30:00,PUMP_01,Water Pump,12.991,3.2478,410.5,20.76,55.49,1.404,1447.9,2739.7,24.27,28.0,RUNNING_OPTIMAL,0,NORMAL,10.0,PEAK,GOOD
2026-01-06 18:45:00,COMPRESSOR_01,Air Compressor,31.456,7.864,404.4,51.03,77.14,2.394,2954.0,2821.02,191.46,210.0,RUNNING_OPTIMAL,0,NORMAL,10.0,PEAK,GOOD
2026-01-06 18:45:00,HVAC_01,HVAC System,38.792,9.698,404.7,62.89,47.41,1.73,982.8,3142.24,1115.7,1200.0,RUNNING_OPTIMAL,0,NORMAL,10.0,PEAK,GOOD
2026-01-06 18:45:00,MOTOR_01,Spinning Motor,33.751,8.4378,404.4,54.76,63.51,1.904,1493.6,2897.18,41.9,48.0,RUNNING_OPTIMAL,0,NORMAL,10.0,PEAK,GOOD
2026-01-06 18:45:00,PUMP_01,Water Pump,14.971,3.7428,407.1,24.13,54.25,1.513,1451.8,2739.95,25.11,28.0,RUNNING_OPTIMAL,0,NORMAL,10.0,PEAK,GOOD
2026-01-06 19:00:00,COMPRESSOR_01,Air Compressor,31.712,7.928,405.2,51.35,75.09,2.43,2950.9,2821.27,200.64,210.0,RUNNING_OPTIMAL,0,NORMAL,10.0,PEAK,GOOD
2026-01-06 19:00:00,HVAC_01,HVAC System,42.228,10.557,407.2,68.04,46.47,1.788,981.7,3142.49,1194.53,1200.0,RUNNING_OPTIMAL,0,NORMAL,10.0,PEAK,GOOD
2026-01-06 19:00:00,MOTOR_01,Spinning Motor,35.452,8.863,405.8,57.32,61.94,1.988,1479.9,2897.43,44.05,48.0,RUNNING_OPTIMAL,0,NORMAL,10.0,PEAK,GOOD
2026-01-06 19:00:00,PUMP_01,Water Pump,14.307,3.5768,412.1,22.78,51.5,1.378,1447.5,2740.2,24.94,28.0,RUNNING_OPTIMAL,0,NORMAL,10.0,PEAK,GOOD
2026-01-06 19:15:00,COMPRESSOR_01,Air Compressor,29.801,7.4502,408.4,47.87,75.75,2.15,2951.4,2821.52,185.44,210.0,RUNNING_OPTIMAL,0,NORMAL,10.0,PEAK,GOOD
2026-01-06 19:15:00,HVAC_01,HVAC System,42.455,10.6138,409.6,68.0,46.83,1.666,976.5,3142.74,1179.17,1200.0,RUNNING_OPTIMAL,0,NORMAL,10.0,PEAK,GOOD
2026-01-06 19:15:00,MOTOR_01,Spinning Motor,34.064,8.516,411.2,54.35,63.33,1.991,1490.5,2897.68,44.95,48.0,RUNNING_OPTIMAL,0,NORMAL,10.0,PEAK,GOOD
2026-01-06 19:15:00,PUMP_01,Water Pump,16.212,4.053,404.0,26.33,53.09,1.525,1448.2,2740.45,28.12,28.0,RUNNING_OPTIMAL,0,NORMAL,10.0,PEAK,GOOD
2026-01-06 19:30:00,COMPRESSOR_01,Air Compressor,32.282,8.0705,405.1,52.28,75.22,2.303,2943.2,2821.77,193.78,210.0,RUNNING_OPTIMAL,0,NORMAL,10.0,PEAK,GOOD
2026-01-06 19:30:00,HVAC_01,HVAC System,35.264,8.816,412.9,56.03,44.44,1.593,981.5,3142.99,1030.9,1200.0,RUNNING_OPTIMAL,0,NORMAL,10.0,PEAK,GOOD
2026-01-06 19:30:00,MOTOR_01,Spinning Motor,34.438,8.6095,413.0,54.71,61.39,1.92,1490.0,2897.93,44.6,48.0,RUNNING_OPTIMAL,0,NORMAL,10.0,PEAK,GOOD
2026-01-06 19:30:00,PUMP_01,Water Pump,14.773,3.6932,410.0,23.64,51.88,1.525,1442.1,2740.7,24.99,28.0,RUNNING_OPTIMAL,0,NORMAL,10.0,PEAK,GOOD
2026-01-06 19:45:00,COMPRESSOR_01,Air Compressor,31.319,7.8298,406.0,50.61,75.36,2.337,2955.9,2822.02,198.12,210.0,RUNNING_OPTIMAL,0,NORMAL,10.0,PEAK,GOOD
2026-01-06 19:45:00,HVAC_01,HVAC System,37.547,9.3867,408.0,60.38,44.48,1.732,982.4,3143.24,1073.22,1200.0,RUNNING_OPTIMAL,0,NORMAL,10.0,PEAK,GOOD
2026-01-06 19:45:00,MOTOR_01,Spinning Motor,33.402,8.3505,407.0,53.84,61.08,1.795,1488.2,2898.18,39.55,48.0,RUNNING_OPTIMAL,0,NORMAL,10.0,PEAK,GOOD
2026-01-06 19:45:00,PUMP_01,Water Pump,14.041,3.5102,406.4,22.67,52.51,1.418,1450.2,2740.95,25.22,28.0,RUNNING_OPTIMAL,0,NORMAL,10.0,PEAK,GOOD
2026-01-06 20:00:00,COMPRESSOR_01,Air Compressor,31.164,7.791,408.1,50.1,75.13,2.353,2954.6,2822.27,192.66,210.0,RUNNING_OPTIMAL,0,NORMAL,10.0,PEAK,GOOD
2026-01-06 20:00:00,HVAC_01,HVAC System,40.679,10.1698,409.7,65.14,43.94,1.6,990.5,3143.49,1123.17,1200.0,RUNNING_OPTIMAL,0,NORMAL,10.0,PEAK,GOOD
2026-01-06 20:00:00,MOTOR_01,Spinning Motor,35.923,8.9808,409.2,57.6,61.72,1.873,1489.3,2898.43,43.58,48.0,RUNNING_OPTIMAL,0,NORMAL,10.0,PEAK,GOOD
2026-01-06 20:00:00,PUMP_01,Water Pump,14.499,3.6248,409.8,23.21,51.52,1.491,1457.6,2741.2,25.58,28.0,RUNNING_OPTIMAL,0,NORMAL,10.0,PEAK,GOOD
2026-01-06 20:15:00,COMPRESSOR_01,Air Compressor,30.974,7.7435,408.1,49.8,73.56,2.393,2952.0,2822.52,195.47,210.0,RUNNING_OPTIMAL,0,NORMAL,10.0,PEAK,GOOD
2026-01-06 20:15:00,HVAC_01,HVAC System,39.371,9.8428,408.5,63.23,44.75,1.738,979.5,3143.74,1110.39,1200.0,RUNNING_OPTIMAL,0,NORMAL,10.0,PEAK,GOOD
2026-01-06 20:15:00,MOTOR_01,Spinning Motor,39.778,9.9445,406.1,64.26,60.45,1.94,1491.4,2898.68,46.87,48.0,RUNNING_OPTIMAL,0,NORMAL,10.0,PEAK,GOOD
2026-01-06 20:15:00,PUMP_01,Water Pump,14.776,3.694,411.3,23.57,51.9,1.517,1452.2,2741.45,27.38,28.0,RUNNING_OPTIMAL,0,NORMAL,10.0,PEAK,GOOD
2026-01-06 20:30:00,COMPRESSOR_01,Air Compressor,28.539,7.1348,406.4,46.07,74.42,2.148,2954.6,2822.77,181.07,210.0,RUNNING_OPTIMAL,0,NORMAL,10.0,PEAK,GOOD
2026-01-06 20:30:00,HVAC_01,HVAC System,41.777,10.4442,410.8,66.72,46.29,1.658,980.2,3143.99,1182.44,1200.0,RUNNING_OPTIMAL,0,NORMAL,10.0,PEAK,GOOD
2026-01-06 20:30:00,MOTOR_01,Spinning Motor,35.57,8.8925,410.7,56.82,61.13,1.876,1487.4,2898.93,45.4,48.0,RUNNING_OPTIMAL,0,NORMAL,10.0,PEAK,GOOD
2026-01-06 20:30:00,PUMP_01,Water Pump,14.257,3.5642,413.7,22.61,50.28,1.556,1453.2,2741.7,22.09,28.0,RUNNING_OPTIMAL,0,NORMAL,10.0,PEAK,GOOD
2026-01-06 20:45:00,COMPRESSOR_01,Air Compressor,30.391,7.5978,405.8,49.13,74.27,2.281,2949.3,2823.02,194.82,210.0,RUNNING_OPTIMAL,0,NORMAL,10.0,PEAK,GOOD
2026-01-06 20:45:00,HVAC_01,HVAC System,39.734,9.9335,407.3,64.0,45.5,1.559,979.2,3144.24,1137.64,1200.0,RUNNING_OPTIMAL,0,NORMAL,10.0,PEAK,GOOD
2026-01-06 20:45:00,MOTOR_01,Spinning Motor,35.109,8.7772,406.5,56.66,61.43,1.935,1490.6,2899.18,43.96,48.0,RUNNING_OPTIMAL,0,NORMAL,10.0,PEAK,GOOD
2026-01-06 20:45:00,PUMP_01,Water Pump,13.683,3.4208,410.3,21.88,52.15,1.46,1449.0,2741.95,22.12,28.0,RUNNING_OPTIMAL,0,NORMAL,10.0,PEAK,GOOD
2026-01-06 21:00:00,COMPRESSOR_01,Air Compressor,16.884,4.221,409.9,27.02,65.51,1.502,2957.9,2823.27,0.0,42.0,IDLE_UNLOADED,0,NORMAL,10.0,PEAK,GOOD
2026-01-06 21:00:00,HVAC_01,HVAC System,15.067,3.7668,407.5,24.26,36.32,1.154,978.9,3144.49,0.0,240.0,IDLE_UNLOADED,0,NORMAL,10.0,PEAK,GOOD
2026-01-06 21:00:00,MOTOR_01,Spinning Motor,12.288,3.072,407.8,19.77,54.9,1.278,1489.6,2899.43,0.0,9.6,IDLE_UNLOADED,0,NORMAL,10.0,PEAK,GOOD
2026-01-06 21:00:00,PUMP_01,Water Pump,4.757,1.1892,413.6,7.55,45.28,0.969,1457.0,2742.2,0.0,5.6,IDLE_UNLOADED,0,NORMAL,10.0,PEAK,GOOD
2026-01-06 21:15:00,COMPRESSOR_01,Air Compressor,16.162,4.0405,410.5,25.83,67.93,1.581,2950.5,2823.52,0.0,42.0,IDLE_UNLOADED,0,NORMAL,10.0,PEAK,GOOD
2026-01-06 21:15:00,HVAC_01,HVAC System,14.349,3.5872,409.7,22.98,37.41,1.066,988.2,3144.74,0.0,240.0,IDLE_UNLOADED,0,NORMAL,10.0,PEAK,GOOD
2026-01-06 21:15:00,MOTOR_01,Spinning Motor,12.169,3.0422,412.4,19.36,54.76,1.19,1487.3,2899.68,0.0,9.6,IDLE_UNLOADED,0,NORMAL,10.0,PEAK,GOOD
2026-01-06 21:15:00,PUMP_01,Water Pump,4.423,1.1058,411.0,7.06,43.89,1.082,1458.4,2742.45,0.0,5.6,IDLE_UNLOADED,0,NORMAL,10.0,PEAK,GOOD
2026-01-06 21:30:00,COMPRESSOR_01,Air Compressor,33.199,8.2998,407.7,53.42,74.97,2.448,2951.0,2823.77,205.2,210.0,RUNNING_OPTIMAL,0,NORMAL,10.0,PEAK,GOOD
2026-01-06 21:30:00,HVAC_01,HVAC System,37.882,9.4705,410.4,60.56,42.44,1.753,981.8,3144.99,1080.74,1200.0,RUNNING_OPTIMAL,0,NORMAL,10.0,PEAK,GOOD
2026-01-06 21:30:00,MOTOR_01,Spinning Motor,37.356,9.339,407.2,60.19,60.86,2.026,1488.6,2899.93,47.02,48.0,RUNNING_OPTIMAL,0,NORMAL,10.0,PEAK,GOOD
2026-01-06 21:30:00,PUMP_01,Water Pump,13.81,3.4525,410.7,22.06,49.78,1.525,1451.7,2742.7,26.9,28.0,RUNNING_OPTIMAL,0,NORMAL,10.0,PEAK,GOOD
2026-01-06 21:45:00,COMPRESSOR_01,Air Compressor,32.246,8.0615,411.4,51.42,115.0,2.37,2945.1,2824.02,199.59,210.0,RUNNING_OPTIMAL,1,SENSOR_GLITCH,10.0,PEAK,GOOD
2026-01-06 21:45:00,HVAC_01,HVAC System,38.522,9.6305,406.6,62.16,42.21,1.701,981.0,3145.24,1064.32,1200.0,RUNNING_OPTIMAL,0,NORMAL,10.0,PEAK,GOOD
2026-01-06 21:45:00,MOTOR_01,Spinning Motor,36.266,9.0665,407.8,58.35,59.87,1.881,1490.6,2900.18,46.25,48.0,RUNNING_OPTIMAL,0,NORMAL,10.0,PEAK,GOOD
2026-01-06 21:45:00,PUMP_01,Water Pump,15.925,3.9812,404.6,25.82,49.68,1.632,1456.5,2742.95,27.75,28.0,RUNNING_OPTIMAL,0,NORMAL,10.0,PEAK,GOOD
2026-01-06 22:00:00,COMPRESSOR_01,Air Compressor,32.065,8.0162,411.8,51.09,72.7,2.365,2956.2,2824.27,199.09,210.0,RUNNING_OPTIMAL,0,NORMAL,5.5,OFF_PEAK,GOOD
2026-01-06 22:00:00,HVAC_01,HVAC System,41.362,10.3405,407.2,66.64,42.09,1.8,981.8,3145.49,1176.67,1200.0,RUNNING_OPTIMAL,0,NORMAL,5.5,OFF_PEAK,GOOD
2026-01-06 22:00:00,MOTOR_01,Spinning Motor,38.804,9.701,411.6,61.85,60.39,1.871,1479.0,2900.43,47.14,48.0,RUNNING_OPTIMAL,0,NORMAL,5.5,OFF_PEAK,GOOD
2026-01-06 22:00:00,PUMP_01,Water Pump,15.935,3.9838,411.1,25.43,50.03,1.6,1447.4,2743.2,25.44,28.0,RUNNING_OPTIMAL,0,NORMAL,5.5,OFF_PEAK,GOOD
2026-01-06 22:15:00,COMPRESSOR_01,Air Compressor,33.421,8.3552,411.3,53.31,71.65,2.425,2941.1,2824.52,208.96,210.0,RUNNING_OPTIMAL,0,NORMAL,5.5,OFF_PEAK,GOOD
2026-01-06 22:15:00,HVAC_01,HVAC System,38.11,9.5275,412.8,60.57,43.25,1.624,986.9,3145.74,1088.19,1200.0,RUNNING_OPTIMAL,0,NORMAL,5.5,OFF_PEAK,GOOD
2026-01-06 22:15:00,MOTOR_01,Spinning Motor,34.574,8.6435,410.1,55.31,59.48,1.819,1491.7,2900.68,43.34,48.0,RUNNING_OPTIMAL,0,NORMAL,5.5,OFF_PEAK,GOOD
2026-01-06 22:15:00,PUMP_01,Water Pump,16.591,4.1478,412.4,26.39,49.61,1.561,1452.3,2743.45,27.57,28.0,RUNNING_OPTIMAL,0,NORMAL,5.5,OFF_PEAK,GOOD
2026-01-06 22:30:00,COMPRESSOR_01,Air Compressor,31.653,7.9132,410.4,50.6,72.31,2.301,2947.4,2824.77,198.81,210.0,RUNNING_OPTIMAL,0,NORMAL,5.5,OFF_PEAK,GOOD
2026-01-06 22:30:00,HVAC_01,HVAC System,40.703,10.1758,411.8,64.85,41.29,1.782,979.9,3145.99,1181.25,1200.0,RUNNING_OPTIMAL,0,NORMAL,5.5,OFF_PEAK,GOOD
2026-01-06 22:30:00,MOTOR_01,Spinning Motor,37.452,9.363,410.8,59.81,59.45,1.909,1489.6,2900.93,46.45,48.0,RUNNING_OPTIMAL,0,NORMAL,5.5,OFF_PEAK,GOOD
2026-01-06 22:30:00,PUMP_01,Water Pump,15.419,3.8548,415.0,24.38,49.16,1.413,1455.5,2743.7,25.72,28.0,RUNNING_OPTIMAL,0,NORMAL,5.5,OFF_PEAK,GOOD
2026-01-06 22:45:00,COMPRESSOR_01,Air Compressor,32.867,8.2168,413.2,52.19,73.79,2.43,2953.1,2825.02,207.7,210.0,RUNNING_OPTIMAL,0,NORMAL,5.5,OFF_PEAK,GOOD
2026-01-06 22:45:00,HVAC_01,HVAC System,40.797,10.1992,415.5,64.42,43.8,1.774,976.8,3146.24,1131.87,1200.0,RUNNING_OPTIMAL,0,NORMAL,5.5,OFF_PEAK,GOOD
2026-01-06 22:45:00,MOTOR_01,Spinning Motor,39.568,9.892,413.9,62.72,58.68,1.958,1482.5,2901.18,45.55,48.0,RUNNING_OPTIMAL,0,NORMAL,5.5,OFF_PEAK,GOOD
2026-01-06 22:45:00,PUMP_01,Water Pump,16.33,4.0825,411.3,26.05,49.48,1.631,1453.3,2743.95,26.52,28.0,RUNNING_OPTIMAL,0,NORMAL,5.5,OFF_PEAK,GOOD
2026-01-06 23:00:00,COMPRESSOR_01,Air Compressor,33.543,8.3858,411.7,53.45,71.36,2.431,2951.7,2825.27,205.81,210.0,RUNNING_OPTIMAL,0,NORMAL,5.5,OFF_PEAK,GOOD
2026-01-06 23:00:00,HVAC_01,HVAC System,39.332,9.833,411.9,62.65,41.49,1.604,985.7,3146.49,1123.52,1200.0,RUNNING_OPTIMAL,0,NORMAL,5.5,OFF_PEAK,GOOD
2026-01-06 23:00:00,MOTOR_01,Spinning Motor,37.855,9.4637,411.7,60.33,58.57,1.834,1485.0,2901.43,48.25,48.0,RUNNING_OPTIMAL,0,NORMAL,5.5,OFF_PEAK,GOOD
2026-01-06 23:00:00,PUMP_01,Water Pump,15.594,3.8985,411.7,24.85,48.1,1.599,1446.4,2744.2,29.35,28.0,RUNNING_OPTIMAL,0,NORMAL,5.5,OFF_PEAK,GOOD
2026-01-06 23:15:00,COMPRESSOR_01,Air Compressor,33.64,8.41,410.1,53.82,71.88,2.408,2952.7,2825.52,207.77,210.0,RUNNING_OPTIMAL,0,NORMAL,5.5,OFF_PEAK,GOOD
2026-01-06 23:15:00,HVAC_01,HVAC System,39.373,9.8432,417.6,61.86,41.13,1.573,980.1,3146.74,1108.18,1200.0,RUNNING_OPTIMAL,0,NORMAL,5.5,OFF_PEAK,GOOD
2026-01-06 23:15:00,MOTOR_01,Spinning Motor,38.335,9.5838,408.7,61.54,58.21,1.888,1485.0,2901.68,48.27,48.0,RUNNING_OPTIMAL,0,NORMAL,5.5,OFF_PEAK,GOOD
2026-01-06 23:15:00,PUMP_01,Water Pump,16.253,4.0632,409.0,26.07,48.85,1.444,1448.2,2744.45,29.07,28.0,RUNNING_OPTIMAL,0,NORMAL,5.5,OFF_PEAK,GOOD
2026-01-06 23:30:00,COMPRESSOR_01,Air Compressor,33.713,8.4282,414.4,53.37,70.79,2.421,2944.4,2825.77,212.43,210.0,RUNNING_OPTIMAL,0,NORMAL,5.5,OFF_PEAK,GOOD
2026-01-06 23:30:00,HVAC_01,HVAC System,42.105,10.5262,411.6,67.11,41.67,1.632,983.1,3146.99,1162.2,1200.0,RUNNING_OPTIMAL,0,NORMAL,5.5,OFF_PEAK,GOOD
2026-01-06 23:30:00,MOTOR_01,Spinning Motor,40.796,10.199,412.1,64.95,59.21,1.853,1490.3,2901.93,48.85,48.0,RUNNING_OPTIMAL,0,NORMAL,5.5,OFF_PEAK,GOOD
2026-01-06 23:30:00,PUMP_01,Water Pump,13.861,3.4652,408.8,22.25,47.83,1.375,1456.6,2744.7,22.82,28.0,RUNNING_OPTIMAL,0,NORMAL,5.5,OFF_PEAK,GOOD
2026-01-06 23:45:00,COMPRESSOR_01,Air Compressor,32.955,8.2388,412.3,52.44,71.23,2.324,2947.6,2826.02,210.55,210.0,RUNNING_OPTIMAL,0,NORMAL,5.5,OFF_PEAK,GOOD
2026-01-06 23:45:00,HVAC_01,HVAC System,40.216,10.054,408.7,64.56,41.99,1.669,979.5,3147.24,1147.55,1200.0,RUNNING_OPTIMAL,0,NORMAL,5.5,OFF_PEAK,GOOD
2026-01-06 23:45:00,MOTOR_01,Spinning Motor,38.542,9.6355,415.4,60.87,59.04,2.083,1479.8,2902.18,48.99,48.0,RUNNING_OPTIMAL,0,NORMAL,5.5,OFF_PEAK,GOOD
2026-01-06 23:45:00,PUMP_01,Water Pump,16.333,4.0832,413.3,25.93,48.41,1.582,1455.6,2744.95,29.75,28.0,RUNNING_OPTIMAL,0,NORMAL,5.5,OFF_PEAK,GOOD
2026-01-07 00:00:00,COMPRESSOR_01,Air Compressor,32.677,8.1692,410.3,52.25,71.06,2.451,2952.9,2826.27,198.52,210.0,RUNNING_OPTIMAL,0,NORMAL,5.5,OFF_PEAK,GOOD
2026-01-07 00:00:00,HVAC_01,HVAC System,40.53,10.1325,408.5,65.09,41.46,1.724,975.7,3147.49,1209.93,1200.0,RUNNING_OPTIMAL,0,NORMAL,5.5,OFF_PEAK,GOOD
2026-01-07 00:00:00,MOTOR_01,Spinning Motor,40.821,10.2052,413.8,64.72,57.3,1.96,1487.1,2902.43,48.95,48.0,RUNNING_OPTIMAL,0,NORMAL,5.5,OFF_PEAK,GOOD
2026-01-07 00:00:00,PUMP_01,Water Pump,14.967,3.7418,414.8,23.67,47.2,1.537,1450.2,2745.2,30.57,28.0,RUNNING_OPTIMAL,0,NORMAL,5.5,OFF_PEAK,GOOD
2026-01-07 00:15:00,COMPRESSOR_01,Air Compressor,36.9,9.225,412.5,58.69,71.29,2.488,2946.8,2826.52,234.71,210.0,RUNNING_OPTIMAL,0,NORMAL,5.5,OFF_PEAK,GOOD
2026-01-07 00:15:00,HVAC_01,HVAC System,40.77,10.1925,414.5,64.53,40.67,1.71,978.0,3147.74,1145.12,1200.0,RUNNING_OPTIMAL,0,NORMAL,5.5,OFF_PEAK,GOOD
2026-01-07 00:15:00,MOTOR_01,Spinning Motor,39.648,9.912,414.1,62.82,57.76,2.012,1481.5,2902.68,48.84,48.0,RUNNING_OPTIMAL,0,NORMAL,5.5,OFF_PEAK,GOOD
2026-01-07 00:15:00,PUMP_01,Water Pump,17.613,4.4032,413.7,27.93,49.02,1.282,1445.4,2745.45,28.15,28.0,RUNNING_OPTIMAL,0,NORMAL,5.5,OFF_PEAK,GOOD
2026-01-07 00:30:00,COMPRESSOR_01,Air Compressor,31.5,7.875,416.5,49.62,71.55,2.363,2948.3,2826.77,208.67,210.0,RUNNING_OPTIMAL,0,NORMAL,5.5,OFF_PEAK,GOOD
2026-01-07 00:30:00,HVAC_01,HVAC System,41.569,10.3922,412.8,66.07,40.45,1.645,983.3,3147.99,1236.41,1200.0,RUNNING_OPTIMAL,0,NORMAL,5.5,OFF_PEAK,GOOD
2026-01-07 00:30:00,MOTOR_01,Spinning Motor,40.903,10.2258,416.3,64.46,58.5,1.975,1479.2,2902.93,46.95,48.0,RUNNING_OPTIMAL,0,NORMAL,5.5,OFF_PEAK,GOOD
2026-01-07 00:30:00,PUMP_01,Water Pump,14.992,3.748,412.9,23.82,46.21,1.476,1445.0,2745.7,28.37,28.0,RUNNING_OPTIMAL,0,NORMAL,5.5,OFF_PEAK,GOOD
2026-01-07 00:45:00,COMPRESSOR_01,Air Compressor,31.619,7.9048,413.7,50.14,69.5,2.338,2960.9,2827.02,200.45,210.0,RUNNING_OPTIMAL,0,NORMAL,5.5,OFF_PEAK,GOOD
2026-01-07 00:45:00,HVAC_01,HVAC System,40.526,10.1315,415.9,63.93,41.31,1.852,980.8,3148.24,1176.05,1200.0,RUNNING_OPTIMAL,0,NORMAL,5.5,OFF_PEAK,GOOD
2026-01-07 00:45:00,MOTOR_01,Spinning Motor,37.427,9.3568,410.1,59.88,57.82,1.849,1485.5,2903.18,45.92,48.0,RUNNING_OPTIMAL,0,NORMAL,5.5,OFF_PEAK,GOOD
2026-01-07 00:45:00,PUMP_01,Water Pump,14.769,3.6922,412.4,23.5,46.98,1.505,1445.1,2745.95,25.59,28.0,RUNNING_OPTIMAL,0,NORMAL,5.5,OFF_PEAK,GOOD
2026-01-07 01:00:00,COMPRESSOR_01,Air Compressor,34.46,8.615,413.9,54.62,70.8,2.357,2943.7,2827.27,216.55,210.0,RUNNING_OPTIMAL,0,NORMAL,5.5,OFF_PEAK,GOOD
2026-01-07 01:00:00,HVAC_01,HVAC System,43.008,10.752,418.5,67.42,40.14,1.748,980.6,3148.49,1177.67,1200.0,RUNNING_OPTIMAL,0,NORMAL,5.5,OFF_PEAK,GOOD
2026-01-07 01:00:00,MOTOR_01,Spinning Motor,40.806,10.2015,418.3,64.0,57.69,1.971,1485.2,2903.43,48.75,48.0,RUNNING_OPTIMAL,0,NORMAL,5.5,OFF_PEAK,GOOD
2026-01-07 01:00:00,PUMP_01,Water Pump,16.566,4.1415,418.2,25.99,47.92,1.456,1451.8,2746.2,28.78,28.0,RUNNING_OPTIMAL,0,NORMAL,5.5,OFF_PEAK,GOOD
2026-01-07 01:15:00,COMPRESSOR_01,Air Compressor,35.552,8.888,417.1,55.92,70.53,2.436,2947.4,2827.52,214.46,210.0,RUNNING_OPTIMAL,0,NORMAL,5.5,OFF_PEAK,GOOD
2026-01-07 01:15:00,HVAC_01,HVAC System,45.613,11.4032,417.1,71.75,41.27,1.755,978.2,3148.74,1283.32,1200.0,RUNNING_OPTIMAL,0,NORMAL,5.5,OFF_PEAK,GOOD
2026-01-07 01:15:00,MOTOR_01,Spinning Motor,41.04,10.26,416.2,64.69,57.42,1.9,1479.6,2903.68,49.04,48.0,RUNNING_OPTIMAL,0,NORMAL,5.5,OFF_PEAK,GOOD
2026-01-07 01:15:00,PUMP_01,Water Pump,16.657,4.1642,422.3,25.88,48.05,1.518,1448.3,2746.45,26.82,28.0,RUNNING_OPTIMAL,0,NORMAL,5.5,OFF_PEAK,GOOD
2026-01-07 01:30:00,COMPRESSOR_01,Air Compressor,34.422,8.6055,417.8,54.05,71.22,2.381,2947.8,2827.77,219.35,210.0,RUNNING_OPTIMAL,0,NORMAL,5.5,OFF_PEAK,GOOD
2026-01-07 01:30:00,HVAC_01,HVAC System,45.851,11.4628,415.9,72.33,41.8,1.796,978.5,3148.99,1292.98,1200.0,RUNNING_OPTIMAL,0,NORMAL,5.5,OFF_PEAK,GOOD
2026-01-07 01:30:00,MOTOR_01,Spinning Motor,39.421,9.8552,420.7,61.48,56.48,2.09,1489.9,2903.93,47.76,48.0,RUNNING_OPTIMAL,0,NORMAL,5.5,OFF_PEAK,GOOD
2026-01-07 01:30:00,PUMP_01,Water Pump,16.408,4.102,420.0,25.63,47.11,1.361,1452.7,2746.7,26.81,28.0,RUNNING_OPTIMAL,0,NORMAL,5.5,OFF_PEAK,GOOD
2026-01-07 01:45:00,COMPRESSOR_01,Air Compressor,34.842,8.7105,423.8,53.94,70.98,2.392,2947.0,2828.02,219.2,210.0,RUNNING_OPTIMAL,0,NORMAL,5.5,OFF_PEAK,GOOD
2026-01-07 01:45:00,HVAC_01,HVAC System,42.676,10.669,417.9,67.0,39.59,1.752,982.4,3149.24,1196.6,1200.0,RUNNING_OPTIMAL,0,NORMAL,5.5,OFF_PEAK,GOOD
2026-01-07 01:45:00,MOTOR_01,Spinning Motor,41.756,10.439,419.1,65.37,58.31,2.042,1487.5,2904.18,52.16,48.0,RUNNING_OPTIMAL,0,NORMAL,5.5,OFF_PEAK,GOOD
2026-01-07 01:45:00,PUMP_01,Water Pump,15.632,3.908,417.4,24.57,47.09,1.583,1450.1,2746.95,27.67,28.0,RUNNING_OPTIMAL,0,NORMAL,5.5,OFF_PEAK,GOOD
2026-01-07 02:00:00,COMPRESSOR_01,Air Compressor,35.832,8.958,418.2,56.21,70.77,2.492,2947.1,2828.27,221.43,210.0,RUNNING_OPTIMAL,0,NORMAL,5.5,OFF_PEAK,GOOD
2026-01-07 02:00:00,HVAC_01,HVAC System,44.155,11.0388,417.3,69.42,41.99,1.694,978.8,3149.49,1285.43,1200.0,RUNNING_OPTIMAL,0,NORMAL,5.5,OFF_PEAK,GOOD
2026-01-07 02:00:00,MOTOR_01,Spinning Motor,41.265,10.3162,414.2,65.36,57.84,2.071,1483.6,2904.43,48.24,48.0,RUNNING_OPTIMAL,0,NORMAL,5.5,OFF_PEAK,GOOD
2026-01-07 02:00:00,PUMP_01,Water Pump,18.146,4.5365,413.3,28.81,48.94,1.564,1449.5,2747.2,28.89,28.0,RUNNING_OPTIMAL,0,NORMAL,5.5,OFF_PEAK,GOOD
2026-01-07 02:15:00,COMPRESSOR_01,Air Compressor,34.158,8.5395,426.1,52.59,70.87,2.277,2943.2,2828.52,212.29,210.0,RUNNING_OPTIMAL,0,NORMAL,5.5,OFF_PEAK,GOOD
2026-01-07 02:15:00,HVAC_01,HVAC System,43.6,10.9,419.6,68.17,40.63,1.739,975.1,3149.74,1250.4,1200.0,RUNNING_OPTIMAL,0,NORMAL,5.5,OFF_PEAK,GOOD
2026-01-07 02:15:00,MOTOR_01,Spinning Motor,42.225,10.5562,418.4,66.21,58.14,1.892,1482.5,2904.68,52.95,48.0,RUNNING_OPTIMAL,0,NORMAL,5.5,OFF_PEAK,GOOD
2026-01-07 02:15:00,PUMP_01,Water Pump,16.965,4.2412,423.2,26.3,48.67,1.508,1441.8,2747.45,27.99,28.0,RUNNING_OPTIMAL,0,NORMAL,5.5,OFF_PEAK,GOOD
2026-01-07 02:30:00,COMPRESSOR_01,Air Compressor,33.082,8.2705,421.3,51.52,70.97,2.431,2953.4,2828.77,207.32,210.0,RUNNING_OPTIMAL,0,NORMAL,5.5,OFF_PEAK,GOOD
2026-01-07 02:30:00,HVAC_01,HVAC System,44.01,11.0025,419.4,68.85,39.65,1.727,977.3,3149.99,1276.47,1200.0,RUNNING_OPTIMAL,0,NORMAL,5.5,OFF_PEAK,GOOD
2026-01-07 02:30:00,MOTOR_01,Spinning Motor,42.291,10.5727,418.2,66.35,58.53,2.07,1478.9,2904.93,48.85,48.0,RUNNING_OPTIMAL,0,NORMAL,5.5,OFF_PEAK,GOOD
2026-01-07 02:30:00,PUMP_01,Water Pump,16.876,4.219,418.0,26.49,48.12,1.479,1450.7,2747.7,29.62,28.0,RUNNING_OPTIMAL,0,NORMAL,5.5,OFF_PEAK,GOOD
2026-01-07 02:45:00,COMPRESSOR_01,Air Compressor,35.394,8.8485,418.6,55.47,70.28,2.487,2944.3,2829.02,222.64,210.0,RUNNING_OPTIMAL,0,NORMAL,5.5,OFF_PEAK,GOOD
2026-01-07 02:45:00,HVAC_01,HVAC System,45.002,11.2505,417.8,70.67,40.26,1.719,975.6,3150.24,1276.05,1200.0,RUNNING_OPTIMAL,0,NORMAL,5.5,OFF_PEAK,GOOD
2026-01-07 02:45:00,MOTOR_01,Spinning Motor,41.371,10.3428,416.9,65.11,56.97,1.939,1488.8,2905.18,51.85,48.0,RUNNING_OPTIMAL,0,NORMAL,5.5,OFF_PEAK,GOOD
2026-01-07 02:45:00,PUMP_01,Water Pump,17.88,4.47,417.9,28.07,47.02,1.555,1457.0,2747.95,29.58,28.0,RUNNING_OPTIMAL,0,NORMAL,5.5,OFF_PEAK,GOOD
2026-01-07 03:00:00,COMPRESSOR_01,Air Compressor,35.4,8.85,419.5,55.36,71.82,2.33,2945.4,2829.27,221.46,210.0,RUNNING_OPTIMAL,0,NORMAL,5.5,OFF_PEAK,GOOD
2026-01-07 03:00:00,HVAC_01,HVAC System,45.598,11.3995,426.8,70.09,41.67,1.729,979.8,3150.49,1294.14,1200.0,RUNNING_OPTIMAL,0,NORMAL,5.5,OFF_PEAK,GOOD
2026-01-07 03:00:00,MOTOR_01,Spinning Motor,42.508,10.627,418.5,66.64,58.89,1.928,1482.3,2905.43,51.83,48.0,RUNNING_OPTIMAL,0,NORMAL,5.5,OFF_PEAK,GOOD
2026-01-07 03:00:00,PUMP_01,Water Pump,16.048,4.012,417.0,25.25,48.61,1.585,1460.5,2748.2,28.98,28.0,RUNNING_OPTIMAL,0,NORMAL,5.5,OFF_PEAK,GOOD
2026-01-07 03:15:00,COMPRESSOR_01,Air Compressor,33.762,8.4405,423.0,52.37,71.84,2.449,2945.8,2829.52,215.83,210.0,RUNNING_OPTIMAL,0,NORMAL,5.5,OFF_PEAK,GOOD
2026-01-07 03:15:00,HVAC_01,HVAC System,43.564,10.891,419.4,68.15,40.84,1.676,974.1,3150.74,1236.53,1200.0,RUNNING_OPTIMAL,0,NORMAL,5.5,OFF_PEAK,GOOD
2026-01-07 03:15:00,MOTOR_01,Spinning Motor,41.362,10.3405,420.9,64.47,58.92,1.934,1480.9,2905.68,49.82,48.0,RUNNING_OPTIMAL,0,NORMAL,5.5,OFF_PEAK,GOOD
2026-01-07 03:15:00,PUMP_01,Water Pump,16.757,4.1892,423.8,25.94,48.63,1.572,1445.5,2748.45,29.64,28.0,RUNNING_OPTIMAL,0,NORMAL,5.5,OFF_PEAK,GOOD
2026-01-07 03:30:00,COMPRESSOR_01,Air Compressor,34.646,8.6615,417.8,54.41,70.81,2.438,2942.2,2829.77,218.73,210.0,RUNNING_OPTIMAL,0,NORMAL,5.5,OFF_PEAK,GOOD
2026-01-07 03:30:00,HVAC_01,HVAC System,43.527,10.8818,422.6,67.57,40.48,1.651,982.7,3150.99,1204.27,1200.0,RUNNING_OPTIMAL,0,NORMAL,5.5,OFF_PEAK,GOOD
2026-01-07 03:30:00,MOTOR_01,Spinning Motor,40.305,10.0762,420.6,62.87,57.66,2.002,1482.1,2905.93,49.31,48.0,RUNNING_OPTIMAL,0,NORMAL,5.5,OFF_PEAK,GOOD
2026-01-07 03:30:00,PUMP_01,Water Pump,16.473,4.1182,424.4,25.47,48.15,1.437,1450.6,2748.7,30.01,28.0,RUNNING_OPTIMAL,0,NORMAL,5.5,OFF_PEAK,GOOD
2026-01-07 03:45:00,COMPRESSOR_01,Air Compressor,35.161,8.7902,416.5,55.39,71.91,2.382,2944.4,2830.02,227.74,210.0,RUNNING_OPTIMAL,0,NORMAL,5.5,OFF_PEAK,GOOD
2026-01-07 03:45:00,HVAC_01,HVAC System,47.037,11.7592,425.2,72.58,41.31,1.827,970.8,3151.24,1311.3,1200.0,RUNNING_OPTIMAL,0,NORMAL,5.5,OFF_PEAK,GOOD
2026-01-07 03:45:00,MOTOR_01,Spinning Motor,44.175,11.0438,419.1,69.15,59.23,2.085,1477.8,2906.18,52.34,48.0,RUNNING_OPTIMAL,0,NORMAL,5.5,OFF_PEAK,GOOD
2026-01-07 03:45:00,PUMP_01,Water Pump,17.782,4.4455,421.7,27.67,47.77,1.522,1445.4,2748.95,33.07,28.0,RUNNING_OPTIMAL,0,NORMAL,5.5,OFF_PEAK,GOOD
2026-01-07 04:00:00,COMPRESSOR_01,Air Compressor,38.103,9.5258,422.0,59.24,72.92,2.409,2939.2,2830.27,228.92,210.0,RUNNING_OPTIMAL,0,NORMAL,5.5,OFF_PEAK,GOOD
2026-01-07 04:00:00,HVAC_01,HVAC System,47.81,11.9525,422.1,74.31,42.49,1.648,975.6,3151.49,1342.27,1200.0,RUNNING_OPTIMAL,0,NORMAL,5.5,OFF_PEAK,GOOD
2026-01-07 04:00:00,MOTOR_01,Spinning Motor,42.919,10.7297,422.5,66.65,58.84,2.073,1487.3,2906.43,51.63,48.0,RUNNING_OPTIMAL,0,NORMAL,5.5,OFF_PEAK,GOOD
2026-01-07 04:00:00,PUMP_01,Water Pump,16.992,4.248,422.1,26.41,50.11,1.742,1452.7,2749.2,29.61,28.0,RUNNING_OPTIMAL,0,NORMAL,5.5,OFF_PEAK,GOOD
2026-01-07 04:15:00,COMPRESSOR_01,Air Compressor,34.561,8.6402,422.4,53.68,71.12,2.408,2938.1,2830.52,223.63,210.0,RUNNING_OPTIMAL,0,NORMAL,5.5,OFF_PEAK,GOOD
2026-01-07 04:15:00,HVAC_01,HVAC System,45.21,11.3025,423.6,70.02,41.22,1.752,981.8,3151.74,1277.93,1200.0,RUNNING_OPTIMAL,0,NORMAL,5.5,OFF_PEAK,GOOD
2026-01-07 04:15:00,MOTOR_01,Spinning Motor,43.818,10.9545,424.8,67.67,60.75,1.921,1475.9,2906.68,53.74,48.0,RUNNING_OPTIMAL,0,NORMAL,5.5,OFF_PEAK,GOOD
2026-01-07 04:15:00,PUMP_01,Water Pump,16.183,4.0458,420.8,25.23,48.29,1.442,1448.4,2749.45,29.7,28.0,RUNNING_OPTIMAL,0,NORMAL,5.5,OFF_PEAK,GOOD
2026-01-07 04:30:00,COMPRESSOR_01,Air Compressor,37.574,9.3935,418.8,58.86,72.89,2.335,2941.8,2830.77,233.71,210.0,RUNNING_OPTIMAL,0,NORMAL,5.5,OFF_PEAK,GOOD
2026-01-07 04:30:00,HVAC_01,HVAC System,47.428,11.857,418.7,74.32,41.2,1.666,979.2,3151.99,1331.17,1200.0,RUNNING_OPTIMAL,0,NORMAL,5.5,OFF_PEAK,GOOD
2026-01-07 04:30:00,MOTOR_01,Spinning Motor,41.043,10.2608,427.6,62.97,59.14,1.903,1482.1,2906.93,50.23,48.0,RUNNING_OPTIMAL,0,NORMAL,5.5,OFF_PEAK,GOOD
2026-01-07 04:30:00,PUMP_01,Water Pump,17.174,4.2935,424.0,26.57,50.26,1.641,1445.8,2749.7,30.65,28.0,RUNNING_OPTIMAL,0,NORMAL,5.5,OFF_PEAK,GOOD
2026-01-07 04:45:00,COMPRESSOR_01,Air Compressor,33.934,8.4835,420.7,52.92,71.05,2.519,2952.5,2831.02,223.57,210.0,RUNNING_OPTIMAL,0,NORMAL,5.5,OFF_PEAK,GOOD
2026-01-07 04:45:00,HVAC_01,HVAC System,46.263,11.5658,419.3,72.39,41.22,1.831,970.1,3152.24,1309.12,1200.0,RUNNING_OPTIMAL,0,NORMAL,5.5,OFF_PEAK,GOOD
2026-01-07 04:45:00,MOTOR_01,Spinning Motor,42.401,10.6003,420.5,66.16,58.36,2.093,1488.9,2907.18,50.89,48.0,RUNNING_OPTIMAL,0,NORMAL,5.5,OFF_PEAK,GOOD
2026-01-07 04:45:00,PUMP_01,Water Pump,19.092,4.773,424.7,29.49,49.33,1.481,1440.4,2749.95,30.71,28.0,RUNNING_OPTIMAL,0,NORMAL,5.5,OFF_PEAK,GOOD
2026-01-07 05:00:00,COMPRESSOR_01,Air Compressor,37.134,9.2835,424.0,57.46,73.37,2.374,2946.0,2831.27,229.35,210.0,RUNNING_OPTIMAL,0,NORMAL,5.5,OFF_PEAK,GOOD
2026-01-07 05:00:00,HVAC_01,HVAC System,43.598,10.8995,426.8,67.02,43.19,1.707,979.5,3152.49,1205.47,1200.0,RUNNING_OPTIMAL,0,NORMAL,5.5,OFF_PEAK,GOOD
2026-01-07 05:00:00,MOTOR_01,Spinning Motor,41.578,10.3945,421.7,64.69,58.34,1.925,1485.6,2907.43,51.44,48.0,RUNNING_OPTIMAL,0,NORMAL,5.5,OFF_PEAK,GOOD
2026-01-07 05:00:00,PUMP_01,Water Pump,18.543,4.6358,421.7,28.85,50.4,1.468,1445.5,2750.2,33.46,28.0,RUNNING_OPTIMAL,0,NORMAL,5.5,OFF_PEAK,GOOD
2026-01-07 05:15:00,COMPRESSOR_01,Air Compressor,38.903,9.7258,421.9,60.5,72.6,2.28,2943.0,2831.52,237.44,210.0,RUNNING_OPTIMAL,0,NORMAL,5.5,OFF_PEAK,GOOD
2026-01-07 05:15:00,HVAC_01,HVAC System,46.673,11.6682,421.7,72.61,42.2,1.721,977.7,3152.74,1325.93,1200.0,RUNNING_OPTIMAL,0,NORMAL,5.5,OFF_PEAK,GOOD
2026-01-07 05:15:00,MOTOR_01,Spinning Motor,43.829,10.9572,423.2,67.95,59.5,1.841,1476.6,2907.68,52.81,48.0,RUNNING_OPTIMAL,0,NORMAL,5.5,OFF_PEAK,GOOD
2026-01-07 05:15:00,PUMP_01,Water Pump,14.61,3.6525,420.0,22.82,48.98,1.581,1450.6,2750.45,29.63,28.0,RUNNING_OPTIMAL,0,NORMAL,5.5,OFF_PEAK,GOOD
2026-01-07 05:30:00,COMPRESSOR_01,Air Compressor,36.065,9.0162,424.6,55.73,72.77,2.205,2944.2,2831.77,226.85,210.0,RUNNING_OPTIMAL,0,NORMAL,5.5,OFF_PEAK,GOOD
2026-01-07 05:30:00,HVAC_01,HVAC System,47.414,11.8535,425.4,73.12,43.61,1.805,982.2,3152.99,1350.02,1200.0,RUNNING_OPTIMAL,0,NORMAL,5.5,OFF_PEAK,GOOD
2026-01-07 05:30:00,MOTOR_01,Spinning Motor,44.525,11.1312,419.3,69.67,59.99,1.961,1487.5,2907.93,57.71,48.0,RUNNING_OPTIMAL,0,NORMAL,5.5,OFF_PEAK,GOOD
2026-01-07 05:30:00,PUMP_01,Water Pump,19.27,4.8175,426.0,29.68,50.44,1.551,1449.7,2750.7,33.09,28.0,RUNNING_OPTIMAL,0,NORMAL,5.5,OFF_PEAK,GOOD
2026-01-07 05:45:00,COMPRESSOR_01,Air Compressor,34.018,8.5045,425.7,52.43,72.15,2.489,2941.4,2832.02,224.7,210.0,RUNNING_OPTIMAL,0,NORMAL,5.5,OFF_PEAK,GOOD
2026-01-07 05:45:00,HVAC_01,HVAC System,49.294,12.3235,420.1,76.98,42.96,1.789,978.9,3153.24,1361.32,1200.0,RUNNING_OPTIMAL,0,NORMAL,5.5,OFF_PEAK,GOOD
2026-01-07 05:45:00,MOTOR_01,Spinning Motor,43.32,10.83,423.0,67.19,59.76,2.145,1483.0,2908.18,53.34,48.0,RUNNING_OPTIMAL,0,NORMAL,5.5,OFF_PEAK,GOOD
2026-01-07 05:45:00,PUMP_01,Water Pump,17.496,4.374,421.2,27.25,48.64,1.453,1452.9,2750.95,29.49,28.0,RUNNING_OPTIMAL,0,NORMAL,5.5,OFF_PEAK,GOOD
2026-01-07 06:00:00,COMPRESSOR_01,Air Compressor,36.974,9.2435,419.2,57.87,72.88,2.519,2946.4,2832.27,226.7,210.0,RUNNING_OPTIMAL,0,NORMAL,7.5,NORMAL,GOOD
2026-01-07 06:00:00,HVAC_01,HVAC System,49.281,12.3202,424.6,76.15,44.19,1.673,971.4,3153.49,1352.94,1200.0,RUNNING_OPTIMAL,0,NORMAL,7.5,NORMAL,GOOD
2026-01-07 06:00:00,MOTOR_01,Spinning Motor,41.922,10.4805,420.1,65.47,62.01,1.902,1478.8,2908.43,51.88,48.0,RUNNING_OPTIMAL,0,NORMAL,7.5,NORMAL,GOOD
2026-01-07 06:00:00,PUMP_01,Water Pump,15.677,3.9192,420.5,24.46,51.42,1.651,1449.8,2751.2,31.32,28.0,RUNNING_OPTIMAL,0,NORMAL,7.5,NORMAL,GOOD
2026-01-07 06:15:00,COMPRESSOR_01,Air Compressor,38.655,9.6638,423.5,59.88,73.86,2.459,2941.6,2832.52,233.0,210.0,RUNNING_OPTIMAL,0,NORMAL,7.5,NORMAL,GOOD
2026-01-07 06:15:00,HVAC_01,HVAC System,47.289,11.8222,425.6,72.9,44.18,1.635,970.7,3153.74,1338.24,1200.0,RUNNING_OPTIMAL,0,NORMAL,7.5,NORMAL,GOOD
2026-01-07 06:15:00,MOTOR_01,Spinning Motor,43.787,10.9468,423.5,67.83,59.06,1.869,1483.8,2908.68,53.84,48.0,RUNNING_OPTIMAL,0,NORMAL,7.5,NORMAL,GOOD
2026-01-07 06:15:00,PUMP_01,Water Pump,16.77,4.1925,423.5,25.98,49.99,1.519,1444.1,2751.45,27.84,28.0,RUNNING_OPTIMAL,0,NORMAL,7.5,NORMAL,GOOD
2026-01-07 06:30:00,COMPRESSOR_01,Air Compressor,35.683,8.9208,428.2,54.67,73.27,2.37,2940.3,2832.77,226.21,210.0,RUNNING_OPTIMAL,0,NORMAL,7.5,NORMAL,GOOD
2026-01-07 06:30:00,HVAC_01,HVAC System,47.123,11.7808,424.4,72.85,43.74,1.643,974.1,3153.99,1333.03,1200.0,RUNNING_OPTIMAL,0,NORMAL,7.5,NORMAL,GOOD
2026-01-07 06:30:00,MOTOR_01,Spinning Motor,42.087,10.5218,421.0,65.59,60.88,2.035,1486.6,2908.93,52.18,48.0,RUNNING_OPTIMAL,0,NORMAL,7.5,NORMAL,GOOD
2026-01-07 06:30:00,PUMP_01,Water Pump,18.116,4.529,421.0,28.23,50.94,1.582,1447.2,2751.7,31.03,28.0,RUNNING_OPTIMAL,0,NORMAL,7.5,NORMAL,GOOD
2026-01-07 06:45:00,COMPRESSOR_01,Air Compressor,35.423,8.8558,423.7,54.85,73.89,2.384,2947.7,2833.02,221.43,210.0,RUNNING_OPTIMAL,0,NORMAL,7.5,NORMAL,GOOD
2026-01-07 06:45:00,HVAC_01,HVAC System,47.007,11.7518,423.1,72.89,43.49,1.717,970.9,3154.24,1338.56,1200.0,RUNNING_OPTIMAL,0,NORMAL,7.5,NORMAL,GOOD
2026-01-07 06:45:00,MOTOR_01,Spinning Motor,45.316,11.329,419.9,70.8,60.62,1.923,1478.2,2909.18,51.91,48.0,RUNNING_OPTIMAL,0,NORMAL,7.5,NORMAL,GOOD
2026-01-07 06:45:00,PUMP_01,Water Pump,20.574,5.1435,422.9,31.92,50.59,1.692,1448.6,2751.95,31.3,28.0,RUNNING_OPTIMAL,0,NORMAL,7.5,NORMAL,GOOD
2026-01-07 07:00:00,COMPRESSOR_01,Air Compressor,34.832,8.708,427.2,53.49,74.1,2.344,2942.3,2833.27,226.63,210.0,RUNNING_OPTIMAL,0,NORMAL,7.5,NORMAL,GOOD
2026-01-07 07:00:00,HVAC_01,HVAC System,46.459,11.6148,423.1,72.04,45.31,1.717,972.9,3154.49,1271.15,1200.0,RUNNING_OPTIMAL,0,NORMAL,7.5,NORMAL,GOOD
2026-01-07 07:00:00,MOTOR_01,Spinning Motor,42.897,10.7242,425.1,66.21,61.53,1.923,1483.8,2909.43,51.88,48.0,RUNNING_OPTIMAL,0,NORMAL,7.5,NORMAL,GOOD
2026-01-07 07:00:00,PUMP_01,Water Pump,16.979,4.2448,419.0,26.59,51.93,1.579,1451.9,2752.2,31.35,28.0,RUNNING_OPTIMAL,0,NORMAL,7.5,NORMAL,GOOD
2026-01-07 07:15:00,COMPRESSOR_01,Air Compressor,36.383,9.0958,423.5,56.36,75.71,2.44,2945.8,2833.52,223.38,210.0,RUNNING_OPTIMAL,0,NORMAL,7.5,NORMAL,GOOD
2026-01-07 07:15:00,HVAC_01,HVAC System,44.051,11.0128,422.1,68.47,44.66,1.654,979.2,3154.74,1260.56,1200.0,RUNNING_OPTIMAL,0,NORMAL,7.5,NORMAL,GOOD
2026-01-07 07:15:00,MOTOR_01,Spinning Motor,44.312,11.078,426.6,68.15,63.33,1.969,1479.1,2909.68,55.02,48.0,RUNNING_OPTIMAL,0,NORMAL,7.5,NORMAL,GOOD
2026-01-07 07:15:00,PUMP_01,Water Pump,17.354,4.3385,427.3,26.65,51.12,1.525,1448.8,2752.45,29.92,28.0,RUNNING_OPTIMAL,0,NORMAL,7.5,NORMAL,GOOD
2026-01-07 07:30:00,COMPRESSOR_01,Air Compressor,34.99,8.7475,422.5,54.33,74.92,2.515,2939.5,2833.77,224.17,210.0,RUNNING_OPTIMAL,0,NORMAL,7.5,NORMAL,GOOD
2026-01-07 07:30:00,HVAC_01,HVAC System,44.768,11.192,419.1,70.08,43.68,1.926,982.5,3154.99,1267.93,1200.0,RUNNING_OPTIMAL,0,NORMAL,7.5,NORMAL,GOOD
2026-01-07 07:30:00,MOTOR_01,Spinning Motor,44.177,11.0442,419.8,69.04,61.78,1.933,1483.6,2909.93,53.94,48.0,RUNNING_OPTIMAL,0,NORMAL,7.5,NORMAL,GOOD
2026-01-07 07:30:00,PUMP_01,Water Pump,16.967,4.2418,420.2,26.49,50.45,1.522,1449.7,2752.7,30.02,28.0,RUNNING_OPTIMAL,0,NORMAL,7.5,NORMAL,GOOD
2026-01-07 07:45:00,COMPRESSOR_01,Air Compressor,35.494,8.8735,423.7,54.96,74.54,2.357,2941.6,2834.02,220.28,210.0,RUNNING_OPTIMAL,0,NORMAL,7.5,NORMAL,GOOD
2026-01-07 07:45:00,HVAC_01,HVAC System,46.659,11.6648,425.7,71.91,45.07,1.742,978.8,3155.24,1301.82,1200.0,RUNNING_OPTIMAL,0,NORMAL,7.5,NORMAL,GOOD
2026-01-07 07:45:00,MOTOR_01,Spinning Motor,45.782,11.4455,428.0,70.18,62.31,1.996,1480.7,2910.18,55.17,48.0,RUNNING_OPTIMAL,0,NORMAL,7.5,NORMAL,GOOD
2026-01-07 07:45:00,PUMP_01,Water Pump,15.738,3.9345,419.3,24.63,51.89,1.6,1448.6,2752.95,30.18,28.0,RUNNING_OPTIMAL,0,NORMAL,7.5,NORMAL,GOOD
2026-01-07 08:00:00,COMPRESSOR_01,Air Compressor,34.706,8.6765,420.7,54.12,77.35,2.431,2931.1,2834.27,219.6,210.0,RUNNING_OPTIMAL,0,NORMAL,7.5,NORMAL,GOOD
2026-01-07 08:00:00,HVAC_01,HVAC System,47.66,11.915,420.5,74.36,46.4,1.851,974.2,3155.49,1329.09,1200.0,RUNNING_OPTIMAL,0,NORMAL,7.5,NORMAL,GOOD
2026-01-07 08:00:00,MOTOR_01,Spinning Motor,41.65,10.4125,419.5,65.14,64.3,1.946,1482.9,2910.43,52.39,48.0,RUNNING_OPTIMAL,0,NORMAL,7.5,NORMAL,GOOD
2026-01-07 08:00:00,PUMP_01,Water Pump,19.038,4.7595,419.4,29.78,53.25,1.6,1443.5,2753.2,29.94,28.0,RUNNING_OPTIMAL,0,NORMAL,7.5,NORMAL,GOOD
2026-01-07 08:15:00,COMPRESSOR_01,Air Compressor,35.376,8.844,423.5,54.8,77.69,2.316,2942.3,2834.52,231.76,210.0,RUNNING_OPTIMAL,0,NORMAL,7.5,NORMAL,GOOD
2026-01-07 08:15:00,HVAC_01,HVAC System,44.308,11.077,423.4,68.66,44.56,1.742,974.1,3155.74,1260.13,1200.0,RUNNING_OPTIMAL,0,NORMAL,7.5,NORMAL,GOOD
2026-01-07 08:15:00,MOTOR_01,Spinning Motor,42.805,10.7012,420.3,66.82,63.49,1.965,1477.6,2910.68,52.67,48.0,RUNNING_OPTIMAL,0,NORMAL,7.5,NORMAL,GOOD
2026-01-07 08:15:00,PUMP_01,Water Pump,16.68,4.17,424.7,25.77,52.54,1.474,1444.1,2753.45,28.68,28.0,RUNNING_OPTIMAL,0,NORMAL,7.5,NORMAL,GOOD
2026-01-07 08:30:00,COMPRESSOR_01,Air Compressor,36.622,9.1555,419.5,57.28,77.15,2.367,2942.3,2834.77,225.08,210.0,RUNNING_OPTIMAL,0,NORMAL,7.5,NORMAL,GOOD
2026-01-07 08:30:00,HVAC_01,HVAC System,49.089,12.2722,417.3,77.18,47.13,1.858,980.0,3155.99,1360.98,1200.0,RUNNING_OPTIMAL,0,NORMAL,7.5,NORMAL,GOOD
2026-01-07 08:30:00,MOTOR_01,Spinning Motor,43.255,10.8138,427.0,66.46,63.56,1.926,1469.0,2910.93,53.49,48.0,RUNNING_OPTIMAL,0,NORMAL,7.5,NORMAL,GOOD
2026-01-07 08:30:00,PUMP_01,Water Pump,18.41,4.6025,421.9,28.63,52.81,1.565,1443.4,2753.7,31.27,28.0,RUNNING_OPTIMAL,0,NORMAL,7.5,NORMAL,GOOD
2026-01-07 08:45:00,COMPRESSOR_01,Air Compressor,35.545,8.8862,416.5,55.99,76.58,2.415,2949.4,2835.02,224.52,210.0,RUNNING_OPTIMAL,0,NORMAL,7.5,NORMAL,GOOD
2026-01-07 08:45:00,HVAC_01,HVAC System,45.926,11.4815,418.8,71.95,46.07,1.759,989.7,3156.24,1321.12,1200.0,RUNNING_OPTIMAL,0,NORMAL,7.5,NORMAL,GOOD
2026-01-07 08:45:00,MOTOR_01,Spinning Motor,41.834,10.4585,419.9,65.36,62.87,1.991,1484.5,2911.18,50.72,48.0,RUNNING_OPTIMAL,0,NORMAL,7.5,NORMAL,GOOD
2026-01-07 08:45:00,PUMP_01,Water Pump,14.383,3.5958,421.0,22.41,53.49,1.482,1450.3,2753.95,28.52,28.0,RUNNING_OPTIMAL,0,NORMAL,7.5,NORMAL,GOOD
2026-01-07 09:00:00,COMPRESSOR_01,Air Compressor,36.354,9.0885,423.7,56.29,77.0,2.431,2944.3,2835.27,224.21,210.0,RUNNING_OPTIMAL,0,NORMAL,7.5,NORMAL,GOOD
2026-01-07 09:00:00,HVAC_01,HVAC System,41.368,10.342,424.6,63.92,46.57,1.882,981.2,3156.49,1223.28,1200.0,RUNNING_OPTIMAL,0,NORMAL,7.5,NORMAL,GOOD
2026-01-07 09:00:00,MOTOR_01,Spinning Motor,43.272,10.818,423.2,67.08,63.87,2.032,1484.0,2911.43,51.86,48.0,RUNNING_OPTIMAL,0,NORMAL,7.5,NORMAL,GOOD
2026-01-07 09:00:00,PUMP_01,Water Pump,16.654,4.1635,418.9,26.08,54.35,1.371,1449.2,2754.2,30.35,28.0,RUNNING_OPTIMAL,0,NORMAL,7.5,NORMAL,GOOD
2026-01-07 09:15:00,COMPRESSOR_01,Air Compressor,37.29,9.3225,421.8,58.0,78.14,2.435,2938.0,2835.52,231.1,210.0,RUNNING_OPTIMAL,0,NORMAL,7.5,NORMAL,GOOD
2026-01-07 09:15:00,HVAC_01,HVAC System,46.982,11.7455,418.4,73.67,48.69,1.689,976.2,3156.74,1329.71,1200.0,RUNNING_OPTIMAL,0,NORMAL,7.5,NORMAL,GOOD
2026-01-07 09:15:00,MOTOR_01,Spinning Motor,41.052,10.263,420.7,64.02,63.67,1.923,1484.6,2911.68,51.08,48.0,RUNNING_OPTIMAL,0,NORMAL,7.5,NORMAL,GOOD
2026-01-07 09:15:00,PUMP_01,Water Pump,16.737,4.1842,418.9,26.21,55.33,1.457,1448.5,2754.45,29.59,28.0,RUNNING_OPTIMAL,0,NORMAL,7.5,NORMAL,GOOD
2026-01-07 09:30:00,COMPRESSOR_01,Air Compressor,37.939,9.4848,424.8,58.59,77.76,2.483,2944.9,2835.77,239.76,210.0,RUNNING_OPTIMAL,0,NORMAL,7.5,NORMAL,GOOD
2026-01-07 09:30:00,HVAC_01,HVAC System,45.949,11.4872,421.6,71.5,47.76,1.564,974.4,3156.99,1287.25,1200.0,RUNNING_OPTIMAL,0,NORMAL,7.5,NORMAL,GOOD
2026-01-07 09:30:00,MOTOR_01,Spinning Motor,42.766,10.6915,418.6,67.03,64.79,2.044,1482.6,2911.93,50.73,48.0,RUNNING_OPTIMAL,0,NORMAL,7.5,NORMAL,GOOD
2026-01-07 09:30:00,PUMP_01,Water Pump,17.683,4.4208,419.6,27.65,54.24,1.431,1445.3,2754.7,31.01,28.0,RUNNING_OPTIMAL,0,NORMAL,7.5,NORMAL,GOOD
2026-01-07 09:45:00,COMPRESSOR_01,Air Compressor,34.192,8.548,417.8,53.69,77.63,2.395,2947.3,2836.02,218.71,210.0,RUNNING_OPTIMAL,0,NORMAL,7.5,NORMAL,GOOD
2026-01-07 09:45:00,HVAC_01,HVAC System,46.273,11.5683,419.8,72.32,47.53,1.78,980.1,3157.24,1313.12,1200.0,RUNNING_OPTIMAL,0,NORMAL,7.5,NORMAL,GOOD
2026-01-07 09:45:00,MOTOR_01,Spinning Motor,43.75,10.9375,421.7,68.07,65.58,1.962,1480.0,2912.18,50.55,48.0,RUNNING_OPTIMAL,0,NORMAL,7.5,NORMAL,GOOD
2026-01-07 09:45:00,PUMP_01,Water Pump,16.685,4.1712,424.7,25.78,53.77,1.474,1449.1,2754.95,29.19,28.0,RUNNING_OPTIMAL,0,NORMAL,7.5,NORMAL,GOOD
2026-01-07 10:00:00,COMPRESSOR_01,Air Compressor,35.25,8.8125,418.2,55.3,78.43,2.362,2947.5,2836.27,221.66,210.0,RUNNING_OPTIMAL,0,NORMAL,7.5,NORMAL,GOOD
2026-01-07 10:00:00,HVAC_01,HVAC System,46.474,11.6185,419.1,72.75,47.77,1.65,983.1,3157.49,1278.45,1200.0,RUNNING_OPTIMAL,0,NORMAL,7.5,NORMAL,GOOD
2026-01-07 10:00:00,MOTOR_01,Spinning Motor,42.473,10.6182,418.0,66.66,65.1,1.88,1480.0,2912.43,49.45,48.0,RUNNING_OPTIMAL,0,NORMAL,7.5,NORMAL,GOOD
2026-01-07 10:00:00,PUMP_01,Water Pump,14.804,3.701,422.0,23.02,54.44,1.628,1454.3,2755.2,30.0,28.0,RUNNING_OPTIMAL,0,NORMAL,7.5,NORMAL,GOOD
2026-01-07 10:15:00,COMPRESSOR_01,Air Compressor,34.406,8.6015,425.7,53.03,78.4,2.563,2949.7,2836.52,218.28,210.0,RUNNING_OPTIMAL,0,NORMAL,7.5,NORMAL,GOOD
2026-01-07 10:15:00,HVAC_01,HVAC System,46.982,11.7455,417.9,73.76,48.63,1.788,977.9,3157.74,1306.56,1200.0,RUNNING_OPTIMAL,0,NORMAL,7.5,NORMAL,GOOD
2026-01-07 10:15:00,MOTOR_01,Spinning Motor,41.221,10.3052,419.9,64.41,66.6,1.891,1491.6,2912.68,47.64,48.0,RUNNING_OPTIMAL,0,NORMAL,7.5,NORMAL,GOOD
2026-01-07 10:15:00,PUMP_01,Water Pump,14.489,3.6222,421.6,22.55,54.41,1.439,1450.7,2755.45,28.49,28.0,RUNNING_OPTIMAL,0,NORMAL,7.5,NORMAL,GOOD
2026-01-07 10:30:00,COMPRESSOR_01,Air Compressor,36.224,9.056,415.7,57.17,78.93,2.433,2947.5,2836.77,221.18,210.0,RUNNING_OPTIMAL,0,NORMAL,7.5,NORMAL,GOOD
2026-01-07 10:30:00,HVAC_01,HVAC System,42.39,10.5975,415.6,66.92,48.56,1.787,979.8,3157.99,1230.88,1200.0,RUNNING_OPTIMAL,0,NORMAL,7.5,NORMAL,GOOD
2026-01-07 10:30:00,MOTOR_01,Spinning Motor,39.59,9.8975,418.2,62.11,64.85,1.995,1490.0,2912.93,47.66,48.0,RUNNING_OPTIMAL,0,NORMAL,7.5,NORMAL,GOOD
2026-01-07 10:30:00,PUMP_01,Water Pump,16.346,4.0865,425.0,25.23,54.31,1.508,1454.5,2755.7,27.87,28.0,RUNNING_OPTIMAL,0,NORMAL,7.5,NORMAL,GOOD
2026-01-07 10:45:00,COMPRESSOR_01,Air Compressor,34.181,8.5452,418.3,53.61,78.51,2.421,2947.6,2837.02,218.64,210.0,RUNNING_OPTIMAL,0,NORMAL,7.5,NORMAL,GOOD
2026-01-07 10:45:00,HVAC_01,HVAC System,45.094,11.2735,419.1,70.59,47.91,1.854,978.1,3158.24,1270.4,1200.0,RUNNING_OPTIMAL,0,NORMAL,7.5,NORMAL,GOOD
2026-01-07 10:45:00,MOTOR_01,Spinning Motor,41.412,10.353,421.2,64.51,65.31,1.915,1478.0,2913.18,49.57,48.0,RUNNING_OPTIMAL,0,NORMAL,7.5,NORMAL,GOOD
2026-01-07 10:45:00,PUMP_01,Water Pump,17.067,4.2668,416.5,26.88,55.32,1.526,1447.4,2755.95,27.85,28.0,RUNNING_OPTIMAL,0,NORMAL,7.5,NORMAL,GOOD
2026-01-07 11:00:00,COMPRESSOR_01,Air Compressor,36.13,9.0325,414.8,57.15,78.4,2.33,2940.8,2837.27,222.78,210.0,RUNNING_OPTIMAL,0,NORMAL,7.5,NORMAL,GOOD
2026-01-07 11:00:00,HVAC_01,HVAC System,44.377,11.0942,418.8,69.52,48.84,1.71,981.1,3158.49,1218.25,1200.0,RUNNING_OPTIMAL,0,NORMAL,7.5,NORMAL,GOOD
2026-01-07 11:00:00,MOTOR_01,Spinning Motor,40.189,10.0472,417.9,63.09,64.88,1.989,1484.2,2913.43,47.35,48.0,RUNNING_OPTIMAL,0,NORMAL,7.5,NORMAL,GOOD
2026-01-07 11:00:00,PUMP_01,Water Pump,16.048,4.012,416.7,25.27,56.44,1.471,1445.8,2756.2,29.6,28.0,RUNNING_OPTIMAL,0,NORMAL,7.5,NORMAL,GOOD
2026-01-07 11:15:00,COMPRESSOR_01,Air Compressor,36.045,9.0112,417.2,56.68,80.25,2.46,2948.1,2837.52,216.05,210.0,RUNNING_OPTIMAL,0,NORMAL,7.5,NORMAL,GOOD
2026-01-07 11:15:00,HVAC_01,HVAC System,41.012,10.253,420.2,64.03,47.86,1.572,979.7,3158.74,1171.38,1200.0,RUNNING_OPTIMAL,0,NORMAL,7.5,NORMAL,GOOD
2026-01-07 11:15:00,MOTOR_01,Spinning Motor,42.916,10.729,415.9,67.7,66.61,1.959,1481.1,2913.68,52.56,48.0,RUNNING_OPTIMAL,0,NORMAL,7.5,NORMAL,GOOD
2026-01-07 11:15:00,PUMP_01,Water Pump,16.42,4.105,418.4,25.75,55.37,1.488,1448.2,2756.45,27.5,28.0,RUNNING_OPTIMAL,0,NORMAL,7.5,NORMAL,GOOD
2026-01-07 11:30:00,COMPRESSOR_01,Air Compressor,35.079,8.7698,417.7,55.1,77.13,2.273,2948.5,2837.77,213.06,210.0,RUNNING_OPTIMAL,0,NORMAL,7.5,NORMAL,GOOD
2026-01-07 11:30:00,HVAC_01,HVAC System,42.866,10.7165,421.1,66.79,50.0,1.752,969.3,3158.99,1228.03,1200.0,RUNNING_OPTIMAL,0,NORMAL,7.5,NORMAL,GOOD
2026-01-07 11:30:00,MOTOR_01,Spinning Motor,38.246,9.5615,418.5,59.96,66.96,1.919,1485.2,2913.93,46.71,48.0,RUNNING_OPTIMAL,0,NORMAL,7.5,NORMAL,GOOD
2026-01-07 11:30:00,PUMP_01,Water Pump,16.1,4.025,416.1,25.39,55.77,1.625,1436.2,2756.7,29.05,28.0,RUNNING_OPTIMAL,0,NORMAL,7.5,NORMAL,GOOD
2026-01-07 11:45:00,COMPRESSOR_01,Air Compressor,33.783,8.4458,421.6,52.57,79.75,2.28,2949.2,2838.02,215.21,210.0,RUNNING_OPTIMAL,0,NORMAL,7.5,NORMAL,GOOD
2026-01-07 11:45:00,HVAC_01,HVAC System,41.406,10.3515,419.3,64.79,49.78,1.701,981.9,3159.24,1183.82,1200.0,RUNNING_OPTIMAL,0,NORMAL,7.5,NORMAL,GOOD
2026-01-07 11:45:00,MOTOR_01,Spinning Motor,41.443,10.3608,413.9,65.69,65.89,1.966,1480.4,2914.18,49.35,48.0,RUNNING_OPTIMAL,0,NORMAL,7.5,NORMAL,GOOD
2026-01-07 11:45:00,PUMP_01,Water Pump,16.747,4.1868,415.6,26.44,55.38,1.508,1452.9,2756.95,26.73,28.0,RUNNING_OPTIMAL,0,NORMAL,7.5,NORMAL,GOOD
2026-01-07 12:00:00,COMPRESSOR_01,Air Compressor,35.828,8.957,415.3,56.6,80.92,2.353,2942.3,2838.27,221.25,210.0,RUNNING_OPTIMAL,0,NORMAL,7.5,NORMAL,GOOD
2026-01-07 12:00:00,HVAC_01,HVAC System,42.766,10.6915,418.8,67.0,49.09,1.803,979.2,3159.49,1246.71,1200.0,RUNNING_OPTIMAL,0,NORMAL,7.5,NORMAL,GOOD
2026-01-07 12:00:00,MOTOR_01,Spinning Motor,42.568,10.642,416.0,67.13,67.96,1.911,1482.5,2914.43,51.89,48.0,RUNNING_OPTIMAL,0,NORMAL,7.5,NORMAL,GOOD
2026-01-07 12:00:00,PUMP_01,Water Pump,15.754,3.9385,414.5,24.94,56.4,1.416,1455.1,2757.2,27.58,28.0,RUNNING_OPTIMAL,0,NORMAL,7.5,NORMAL,GOOD
2026-01-07 12:15:00,COMPRESSOR_01,Air Compressor,32.799,8.1998,414.3,51.94,79.58,2.164,2940.1,2838.52,206.8,210.0,RUNNING_OPTIMAL,0,NORMAL,7.5,NORMAL,GOOD
2026-01-07 12:15:00,HVAC_01,HVAC System,42.903,10.7258,413.8,68.02,49.81,1.694,978.5,3159.74,1212.82,1200.0,RUNNING_OPTIMAL,0,NORMAL,7.5,NORMAL,GOOD
2026-01-07 12:15:00,MOTOR_01,Spinning Motor,39.442,9.8605,414.2,62.47,66.01,1.825,1480.2,2914.68,46.7,48.0,RUNNING_OPTIMAL,0,NORMAL,7.5,NORMAL,GOOD
2026-01-07 12:15:00,PUMP_01,Water Pump,17.039,4.2598,414.1,27.0,55.79,1.445,1449.8,2757.45,30.39,28.0,RUNNING_OPTIMAL,0,NORMAL,7.5,NORMAL,GOOD
2026-01-07 12:30:00,COMPRESSOR_01,Air Compressor,33.299,8.3248,414.5,52.71,80.45,2.127,2947.5,2838.77,213.49,210.0,RUNNING_OPTIMAL,0,NORMAL,7.5,NORMAL,GOOD
2026-01-07 12:30:00,HVAC_01,HVAC System,41.379,10.3448,412.9,65.75,50.29,1.685,985.4,3159.99,1179.94,1200.0,RUNNING_OPTIMAL,0,NORMAL,7.5,NORMAL,GOOD
2026-01-07 12:30:00,MOTOR_01,Spinning Motor,39.0,9.75,413.8,61.83,67.38,2.139,1484.8,2914.93,48.49,48.0,RUNNING_OPTIMAL,0,NORMAL,7.5,NORMAL,GOOD
2026-01-07 12:30:00,PUMP_01,Water Pump,16.827,4.2068,417.1,26.47,56.42,1.49,1446.8,2757.7,29.03,28.0,RUNNING_OPTIMAL,0,NORMAL,7.5,NORMAL,GOOD
2026-01-07 12:45:00,COMPRESSOR_01,Air Compressor,34.202,8.5505,414.9,54.08,78.87,2.507,2943.2,2839.02,220.14,210.0,RUNNING_OPTIMAL,0,NORMAL,7.5,NORMAL,GOOD
2026-01-07 12:45:00,HVAC_01,HVAC System,42.653,10.6632,413.5,67.68,49.74,1.672,988.0,3160.24,1180.37,1200.0,RUNNING_OPTIMAL,0,NORMAL,7.5,NORMAL,GOOD
2026-01-07 12:45:00,MOTOR_01,Spinning Motor,39.426,9.8565,414.0,62.48,66.84,1.993,1482.1,2915.18,50.16,48.0,RUNNING_OPTIMAL,0,NORMAL,7.5,NORMAL,GOOD
2026-01-07 12:45:00,PUMP_01,Water Pump,15.132,3.783,421.7,23.54,55.65,1.565,1458.9,2757.95,25.37,28.0,RUNNING_OPTIMAL,0,NORMAL,7.5,NORMAL,GOOD
2026-01-07 13:00:00,COMPRESSOR_01,Air Compressor,16.318,4.0795,411.8,26.0,69.12,1.563,2956.0,2839.27,0.0,42.0,IDLE_UNLOADED,0,NORMAL,7.5,NORMAL,GOOD
2026-01-07 13:00:00,HVAC_01,HVAC System,14.642,3.6605,412.4,23.29,37.1,1.113,984.8,3160.49,0.0,240.0,IDLE_UNLOADED,0,NORMAL,7.5,NORMAL,GOOD
2026-01-07 13:00:00,MOTOR_01,Spinning Motor,12.223,3.0558,413.4,19.4,54.96,1.29,1487.6,2915.43,0.0,9.6,IDLE_UNLOADED,0,NORMAL,7.5,NORMAL,GOOD
2026-01-07 13:00:00,PUMP_01,Water Pump,5.029,1.2572,413.6,7.98,43.92,1.027,1459.0,2758.2,0.0,5.6,IDLE_UNLOADED,0,NORMAL,7.5,NORMAL,GOOD
2026-01-07 13:15:00,COMPRESSOR_01,Air Compressor,15.719,3.9298,414.9,24.86,65.8,1.542,2953.8,2839.52,0.0,42.0,IDLE_UNLOADED,0,NORMAL,7.5,NORMAL,GOOD
2026-01-07 13:15:00,HVAC_01,HVAC System,15.38,3.845,416.8,24.21,36.87,1.111,984.3,3160.74,0.0,240.0,IDLE_UNLOADED,0,NORMAL,7.5,NORMAL,GOOD
2026-01-07 13:15:00,MOTOR_01,Spinning Motor,12.195,3.0488,414.2,19.32,53.5,1.239,1488.6,2915.68,0.0,9.6,IDLE_UNLOADED,0,NORMAL,7.5,NORMAL,GOOD
2026-01-07 13:15:00,PUMP_01,Water Pump,5.513,1.3782,410.6,8.81,44.95,1.001,1451.7,2758.45,0.0,5.6,IDLE_UNLOADED,0,NORMAL,7.5,NORMAL,GOOD
2026-01-07 13:30:00,COMPRESSOR_01,Air Compressor,31.308,7.827,413.9,49.63,78.72,2.185,2956.6,2839.77,199.28,210.0,RUNNING_OPTIMAL,0,NORMAL,7.5,NORMAL,GOOD
2026-01-07 13:30:00,HVAC_01,HVAC System,41.016,10.254,410.1,65.62,50.01,1.754,977.1,3160.99,1152.97,1200.0,RUNNING_OPTIMAL,0,NORMAL,7.5,NORMAL,GOOD
2026-01-07 13:30:00,MOTOR_01,Spinning Motor,38.601,9.6502,408.7,61.97,66.89,1.876,1487.5,2915.93,47.5,48.0,RUNNING_OPTIMAL,0,NORMAL,7.5,NORMAL,GOOD
2026-01-07 13:30:00,PUMP_01,Water Pump,14.038,3.5095,412.1,22.35,56.0,1.467,1436.9,2758.7,27.18,28.0,RUNNING_OPTIMAL,0,NORMAL,7.5,NORMAL,GOOD
2026-01-07 13:45:00,COMPRESSOR_01,Air Compressor,32.066,8.0165,414.8,50.72,79.33,2.415,2954.7,2840.02,204.29,210.0,RUNNING_OPTIMAL,0,NORMAL,7.5,NORMAL,GOOD
2026-01-07 13:45:00,HVAC_01,HVAC System,40.889,10.2222,412.1,65.1,50.24,1.606,988.6,3161.24,1140.65,1200.0,RUNNING_OPTIMAL,0,NORMAL,7.5,NORMAL,GOOD
2026-01-07 13:45:00,MOTOR_01,Spinning Motor,38.135,9.5338,413.9,60.45,66.26,2.026,1483.7,2916.18,46.07,48.0,RUNNING_OPTIMAL,0,NORMAL,7.5,NORMAL,GOOD
2026-01-07 13:45:00,PUMP_01,Water Pump,15.134,3.7835,416.3,23.85,56.51,1.61,1445.2,2758.95,25.49,28.0,RUNNING_OPTIMAL,0,NORMAL,7.5,NORMAL,GOOD
2026-01-07 14:00:00,COMPRESSOR_01,Air Compressor,32.384,8.096,410.5,51.76,78.64,2.315,2944.7,2840.27,197.66,210.0,RUNNING_OPTIMAL,0,NORMAL,7.5,NORMAL,GOOD
2026-01-07 14:00:00,HVAC_01,HVAC System,40.874,10.2185,407.6,65.79,49.53,1.795,980.3,3161.49,1152.48,1200.0,RUNNING_OPTIMAL,0,NORMAL,7.5,NORMAL,GOOD
2026-01-07 14:00:00,MOTOR_01,Spinning Motor,34.781,8.6952,410.3,55.62,66.07,1.835,1488.0,2916.43,44.29,48.0,RUNNING_OPTIMAL,0,NORMAL,7.5,NORMAL,GOOD
2026-01-07 14:00:00,PUMP_01,Water Pump,15.296,3.824,407.7,24.61,56.94,1.67,1447.5,2759.2,27.91,28.0,RUNNING_OPTIMAL,0,NORMAL,7.5,NORMAL,GOOD
2026-01-07 14:15:00,COMPRESSOR_01,Air Compressor,32.415,8.1038,411.2,51.72,79.89,2.298,2946.0,2840.52,204.49,210.0,RUNNING_OPTIMAL,0,NORMAL,7.5,NORMAL,GOOD
2026-01-07 14:15:00,HVAC_01,HVAC System,39.649,9.9122,411.1,63.28,49.6,1.833,976.7,3161.74,1155.84,1200.0,RUNNING_OPTIMAL,0,NORMAL,7.5,NORMAL,GOOD
2026-01-07 14:15:00,MOTOR_01,Spinning Motor,36.833,9.2082,408.2,59.2,65.25,1.922,1491.4,2916.68,45.38,48.0,RUNNING_OPTIMAL,0,NORMAL,7.5,NORMAL,GOOD
2026-01-07 14:15:00,PUMP_01,Water Pump,15.18,3.795,412.3,24.16,56.7,1.636,1453.4,2759.45,26.49,28.0,RUNNING_OPTIMAL,0,NORMAL,7.5,NORMAL,GOOD
2026-01-07 14:30:00,COMPRESSOR_01,Air Compressor,32.045,8.0112,408.0,51.53,79.3,2.487,2945.8,2840.77,195.26,210.0,RUNNING_OPTIMAL,0,NORMAL,7.5,NORMAL,GOOD
2026-01-07 14:30:00,HVAC_01,HVAC System,41.604,10.401,409.9,66.59,49.96,1.83,982.9,3161.99,1154.13,1200.0,RUNNING_OPTIMAL,0,NORMAL,7.5,NORMAL,GOOD
2026-01-07 14:30:00,MOTOR_01,Spinning Motor,39.17,9.7925,413.0,62.22,67.29,1.935,1488.5,2916.93,45.43,48.0,RUNNING_OPTIMAL,0,NORMAL,7.5,NORMAL,GOOD
2026-01-07 14:30:00,PUMP_01,Water Pump,14.888,3.722,413.8,23.6,55.98,1.478,1445.9,2759.7,28.86,28.0,RUNNING_OPTIMAL,0,NORMAL,7.5,NORMAL,GOOD
2026-01-07 14:45:00,COMPRESSOR_01,Air Compressor,31.621,7.9052,413.9,50.12,79.49,2.196,2953.7,2841.02,191.23,210.0,RUNNING_OPTIMAL,0,NORMAL,7.5,NORMAL,GOOD
2026-01-07 14:45:00,HVAC_01,HVAC System,39.26,9.815,410.0,62.82,50.27,1.588,982.3,3162.24,1120.65,1200.0,RUNNING_OPTIMAL,0,NORMAL,7.5,NORMAL,GOOD
2026-01-07 14:45:00,MOTOR_01,Spinning Motor,36.555,9.1388,408.5,58.71,67.09,1.904,1488.9,2917.18,42.93,48.0,RUNNING_OPTIMAL,0,NORMAL,7.5,NORMAL,GOOD
2026-01-07 14:45:00,PUMP_01,Water Pump,14.636,3.659,410.4,23.4,57.35,1.597,1443.2,2759.95,24.82,28.0,RUNNING_OPTIMAL,0,NORMAL,7.5,NORMAL,GOOD
2026-01-07 15:00:00,COMPRESSOR_01,Air Compressor,31.149,7.7872,411.5,49.66,80.22,2.208,2951.6,2841.27,199.94,210.0,RUNNING_OPTIMAL,0,NORMAL,7.5,NORMAL,GOOD
2026-01-07 15:00:00,HVAC_01,HVAC System,41.023,10.2558,413.2,65.14,50.23,1.633,980.8,3162.49,1173.54,1200.0,RUNNING_OPTIMAL,0,NORMAL,7.5,NORMAL,GOOD
2026-01-07 15:00:00,MOTOR_01,Spinning Motor,36.788,9.197,408.7,59.06,67.12,1.993,1494.4,2917.43,45.4,48.0,RUNNING_OPTIMAL,0,NORMAL,7.5,NORMAL,GOOD
2026-01-07 15:00:00,PUMP_01,Water Pump,13.984,3.496,408.9,22.44,56.08,1.435,1454.2,2760.2,25.88,28.0,RUNNING_OPTIMAL,0,NORMAL,7.5,NORMAL,GOOD
2026-01-07 15:15:00,COMPRESSOR_01,Air Compressor,30.161,7.5402,408.5,48.44,79.5,2.271,2954.7,2841.52,186.19,210.0,RUNNING_OPTIMAL,0,NORMAL,7.5,NORMAL,GOOD
2026-01-07 15:15:00,HVAC_01,HVAC System,39.073,9.7682,407.7,62.88,49.6,1.883,976.2,3162.74,1118.2,1200.0,RUNNING_OPTIMAL,0,NORMAL,7.5,NORMAL,GOOD
2026-01-07 15:15:00,MOTOR_01,Spinning Motor,36.957,9.2392,412.6,58.77,66.45,1.891,1487.5,2917.68,43.9,48.0,RUNNING_OPTIMAL,0,NORMAL,7.5,NORMAL,GOOD
2026-01-07 15:15:00,PUMP_01,Water Pump,14.193,3.5482,410.0,22.71,55.26,1.427,1453.0,2760.45,25.67,28.0,RUNNING_OPTIMAL,0,NORMAL,7.5,NORMAL,GOOD
2026-01-07 15:30:00,COMPRESSOR_01,Air Compressor,30.792,7.698,411.2,49.13,79.43,2.269,2958.1,2841.77,195.77,210.0,RUNNING_OPTIMAL,0,NORMAL,7.5,NORMAL,GOOD
2026-01-07 15:30:00,HVAC_01,HVAC System,40.503,10.1258,409.4,64.91,50.07,1.564,979.9,3162.99,1146.96,1200.0,RUNNING_OPTIMAL,0,NORMAL,7.5,NORMAL,GOOD
2026-01-07 15:30:00,MOTOR_01,Spinning Motor,40.991,10.2478,408.2,65.88,67.86,2.022,1478.8,2917.93,48.04,48.0,RUNNING_OPTIMAL,0,NORMAL,7.5,NORMAL,GOOD
2026-01-07 15:30:00,PUMP_01,Water Pump,16.895,4.2238,405.4,27.34,56.56,1.415,1447.6,2760.7,28.68,28.0,RUNNING_OPTIMAL,0,NORMAL,7.5,NORMAL,GOOD
2026-01-07 15:45:00,COMPRESSOR_01,Air Compressor,31.246,7.8115,411.9,49.77,79.36,2.317,2955.2,2842.02,186.96,210.0,RUNNING_OPTIMAL,0,NORMAL,7.5,NORMAL,GOOD
2026-01-07 15:45:00,HVAC_01,HVAC System,37.957,9.4892,410.8,60.62,50.03,1.642,975.6,3163.24,1092.49,1200.0,RUNNING_OPTIMAL,0,NORMAL,7.5,NORMAL,GOOD
2026-01-07 15:45:00,MOTOR_01,Spinning Motor,39.411,9.8528,409.2,63.19,67.53,2.018,1480.8,2918.18,47.65,48.0,RUNNING_OPTIMAL,0,NORMAL,7.5,NORMAL,GOOD
2026-01-07 15:45:00,PUMP_01,Water Pump,14.762,3.6905,411.5,23.54,56.11,1.551,1449.6,2760.95,28.19,28.0,RUNNING_OPTIMAL,0,NORMAL,7.5,NORMAL,GOOD
2026-01-07 16:00:00,COMPRESSOR_01,Air Compressor,31.412,7.853,407.3,50.6,78.99,2.272,2950.6,2842.27,194.87,210.0,RUNNING_OPTIMAL,0,NORMAL,7.5,NORMAL,GOOD
2026-01-07 16:00:00,HVAC_01,HVAC System,37.093,9.2733,404.5,60.16,49.21,1.733,988.6,3163.49,1020.97,1200.0,RUNNING_OPTIMAL,0,NORMAL,7.5,NORMAL,GOOD
2026-01-07 16:00:00,MOTOR_01,Spinning Motor,34.83,8.7075,410.1,55.72,65.36,1.964,1489.3,2918.43,41.89,48.0,RUNNING_OPTIMAL,0,NORMAL,7.5,NORMAL,GOOD
2026-01-07 16:00:00,PUMP_01,Water Pump,15.215,3.8038,407.0,24.53,55.4,1.465,1455.5,2761.2,23.57,28.0,RUNNING_OPTIMAL,0,NORMAL,7.5,NORMAL,GOOD
2026-01-07 16:15:00,COMPRESSOR_01,Air Compressor,30.165,7.5412,406.1,48.73,78.52,2.444,2955.8,2842.52,190.23,210.0,RUNNING_OPTIMAL,0,NORMAL,7.5,NORMAL,GOOD
2026-01-07 16:15:00,HVAC_01,HVAC System,36.779,9.1948,411.8,58.6,48.66,1.656,978.8,3163.74,1069.51,1200.0,RUNNING_OPTIMAL,0,NORMAL,7.5,NORMAL,GOOD
2026-01-07 16:15:00,MOTOR_01,Spinning Motor,36.452,9.113,411.3,58.15,65.46,1.856,1490.1,2918.68,41.19,48.0,RUNNING_OPTIMAL,0,NORMAL,7.5,NORMAL,GOOD
2026-01-07 16:15:00,PUMP_01,Water Pump,14.659,3.6648,409.1,23.51,55.85,1.38,1451.4,2761.45,26.33,28.0,RUNNING_OPTIMAL,0,NORMAL,7.5,NORMAL,GOOD
2026-01-07 16:30:00,COMPRESSOR_01,Air Compressor,31.274,7.8185,408.4,50.24,79.84,2.29,2951.0,2842.77,197.18,210.0,RUNNING_OPTIMAL,0,NORMAL,7.5,NORMAL,GOOD
2026-01-07 16:30:00,HVAC_01,HVAC System,41.67,10.4175,413.1,66.18,49.05,1.782,980.8,3163.99,1193.47,1200.0,RUNNING_OPTIMAL,0,NORMAL,7.5,NORMAL,GOOD
2026-01-07 16:30:00,MOTOR_01,Spinning Motor,32.923,8.2308,408.8,52.84,63.54,1.849,1489.8,2918.93,42.2,48.0,RUNNING_OPTIMAL,0,NORMAL,7.5,NORMAL,GOOD
2026-01-07 16:30:00,PUMP_01,Water Pump,15.359,3.8398,412.2,24.45,56.64,1.432,1446.3,2761.7,26.95,28.0,RUNNING_OPTIMAL,0,NORMAL,7.5,NORMAL,GOOD
2026-01-07 16:45:00,COMPRESSOR_01,Air Compressor,28.914,7.2285,407.1,46.6,79.7,2.329,2954.1,2843.02,186.89,210.0,RUNNING_OPTIMAL,0,NORMAL,7.5,NORMAL,GOOD
2026-01-07 16:45:00,HVAC_01,HVAC System,34.999,8.7498,407.9,56.29,48.11,1.635,984.5,3164.24,1053.33,1200.0,RUNNING_OPTIMAL,0,NORMAL,7.5,NORMAL,GOOD
2026-01-07 16:45:00,MOTOR_01,Spinning Motor,34.463,8.6158,407.2,55.53,65.72,2.05,1487.6,2919.18,43.87,48.0,RUNNING_OPTIMAL,0,NORMAL,7.5,NORMAL,GOOD
2026-01-07 16:45:00,PUMP_01,Water Pump,15.76,3.94,413.0,25.04,56.31,1.508,1447.5,2761.95,26.57,28.0,RUNNING_OPTIMAL,0,NORMAL,7.5,NORMAL,GOOD
2026-01-07 17:00:00,COMPRESSOR_01,Air Compressor,32.608,8.152,410.0,52.18,78.85,2.33,2947.5,2843.27,200.19,210.0,RUNNING_OPTIMAL,0,NORMAL,7.5,NORMAL,GOOD
2026-01-07 17:00:00,HVAC_01,HVAC System,37.868,9.467,405.5,61.27,47.35,1.687,974.4,3164.49,1065.92,1200.0,RUNNING_OPTIMAL,0,NORMAL,7.5,NORMAL,GOOD
2026-01-07 17:00:00,MOTOR_01,Spinning Motor,40.694,10.1735,411.7,64.85,65.9,1.871,1481.0,2919.43,45.83,48.0,RUNNING_OPTIMAL,0,NORMAL,7.5,NORMAL,GOOD
2026-01-07 17:00:00,PUMP_01,Water Pump,14.83,3.7075,413.1,23.55,55.98,1.595,1446.1,2762.2,26.53,28.0,RUNNING_OPTIMAL,0,NORMAL,7.5,NORMAL,GOOD
2026-01-07 17:15:00,COMPRESSOR_01,Air Compressor,32.937,8.2342,406.9,53.11,79.21,2.425,2948.5,2843.52,206.68,210.0,RUNNING_OPTIMAL,0,NORMAL,7.5,NORMAL,GOOD
2026-01-07 17:15:00,HVAC_01,HVAC System,38.535,9.6337,408.1,61.95,47.94,1.787,979.3,3164.74,1131.74,1200.0,RUNNING_OPTIMAL,0,NORMAL,7.5,NORMAL,GOOD
2026-01-07 17:15:00,MOTOR_01,Spinning Motor,33.966,8.4915,405.2,55.0,64.75,1.878,1485.0,2919.68,39.48,48.0,RUNNING_OPTIMAL,0,NORMAL,7.5,NORMAL,GOOD
2026-01-07 17:15:00,PUMP_01,Water Pump,13.887,3.4718,406.8,22.4,55.73,1.501,1451.4,2762.45,27.17,28.0,RUNNING_OPTIMAL,0,NORMAL,7.5,NORMAL,GOOD
2026-01-07 17:30:00,COMPRESSOR_01,Air Compressor,30.118,7.5295,411.1,48.07,78.25,2.371,2947.9,2843.77,187.14,210.0,RUNNING_OPTIMAL,0,NORMAL,7.5,NORMAL,GOOD
2026-01-07 17:30:00,HVAC_01,HVAC System,35.836,8.959,405.3,58.01,47.55,1.621,975.0,3164.99,1020.98,1200.0,RUNNING_OPTIMAL,0,NORMAL,7.5,NORMAL,GOOD
2026-01-07 17:30:00,MOTOR_01,Spinning Motor,38.972,9.743,408.0,62.67,66.31,1.91,1484.0,2919.93,45.59,48.0,RUNNING_OPTIMAL,0,NORMAL,7.5,NORMAL,GOOD
2026-01-07 17:30:00,PUMP_01,Water Pump,13.376,3.344,404.6,21.69,54.61,1.427,1444.2,2762.7,24.93,28.0,RUNNING_OPTIMAL,0,NORMAL,7.5,NORMAL,GOOD
2026-01-07 17:45:00,COMPRESSOR_01,Air Compressor,31.012,7.753,410.6,49.55,77.67,2.389,2948.9,2844.02,196.6,210.0,RUNNING_OPTIMAL,0,NORMAL,7.5,NORMAL,GOOD
2026-01-07 17:45:00,HVAC_01,HVAC System,39.561,9.8902,408.5,63.54,48.73,1.679,983.8,3165.24,1142.11,1200.0,RUNNING_OPTIMAL,0,NORMAL,7.5,NORMAL,GOOD
2026-01-07 17:45:00,MOTOR_01,Spinning Motor,35.39,8.8475,407.1,57.03,64.86,1.906,1490.0,2920.18,43.47,48.0,RUNNING_OPTIMAL,0,NORMAL,7.5,NORMAL,GOOD
2026-01-07 17:45:00,PUMP_01,Water Pump,14.562,3.6405,407.9,23.42,54.64,1.648,1449.7,2762.95,26.31,28.0,RUNNING_OPTIMAL,0,NORMAL,7.5,NORMAL,GOOD
2026-01-07 18:00:00,COMPRESSOR_01,Air Compressor,29.249,7.3122,406.3,47.23,77.2,2.449,2954.6,2844.27,182.59,210.0,RUNNING_OPTIMAL,0,NORMAL,10.0,PEAK,GOOD
2026-01-07 18:00:00,HVAC_01,HVAC System,37.484,9.371,406.7,60.47,46.7,1.708,985.5,3165.49,1060.57,1200.0,RUNNING_OPTIMAL,0,NORMAL,10.0,PEAK,GOOD
2026-01-07 18:00:00,MOTOR_01,Spinning Motor,35.511,8.8778,409.6,56.88,63.58,1.705,1480.5,2920.43,40.85,48.0,RUNNING_OPTIMAL,0,NORMAL,10.0,PEAK,GOOD
2026-01-07 18:00:00,PUMP_01,Water Pump,13.681,3.4202,405.6,22.13,53.72,1.475,1451.0,2763.2,23.42,28.0,RUNNING_OPTIMAL,0,NORMAL,10.0,PEAK,GOOD
2026-01-07 18:15:00,COMPRESSOR_01,Air Compressor,28.415,7.1038,407.3,45.77,76.2,2.19,2957.1,2844.52,184.33,210.0,RUNNING_OPTIMAL,0,NORMAL,10.0,PEAK,GOOD
2026-01-07 18:15:00,HVAC_01,HVAC System,35.432,8.858,405.7,57.3,45.76,1.549,979.0,3165.74,1038.41,1200.0,RUNNING_OPTIMAL,0,NORMAL,10.0,PEAK,GOOD
2026-01-07 18:15:00,MOTOR_01,Spinning Motor,35.009,8.7522,409.3,56.12,64.6,1.949,1488.4,2920.68,43.43,48.0,RUNNING_OPTIMAL,0,NORMAL,10.0,PEAK,GOOD
2026-01-07 18:15:00,PUMP_01,Water Pump,16.438,4.1095,401.2,26.88,54.41,1.629,1443.1,2763.45,28.08,28.0,RUNNING_OPTIMAL,0,NORMAL,10.0,PEAK,GOOD
2026-01-07 18:30:00,COMPRESSOR_01,Air Compressor,29.357,7.3392,407.9,47.22,75.18,2.232,2954.2,2844.77,184.0,210.0,RUNNING_OPTIMAL,0,NORMAL,10.0,PEAK,GOOD
2026-01-07 18:30:00,HVAC_01,HVAC System,36.924,9.231,410.1,59.07,45.52,1.736,985.6,3165.99,1087.37,1200.0,RUNNING_OPTIMAL,0,NORMAL,10.0,PEAK,GOOD
2026-01-07 18:30:00,MOTOR_01,Spinning Motor,35.39,8.8475,409.4,56.71,62.6,1.976,1485.9,2920.93,45.34,48.0,RUNNING_OPTIMAL,0,NORMAL,10.0,PEAK,GOOD
2026-01-07 18:30:00,PUMP_01,Water Pump,14.451,3.6128,406.4,23.33,54.25,1.426,1443.4,2763.7,25.61,28.0,RUNNING_OPTIMAL,0,NORMAL,10.0,PEAK,GOOD
2026-01-07 18:45:00,COMPRESSOR_01,Air Compressor,31.533,7.8832,406.8,50.86,78.06,2.48,2950.7,2845.02,200.37,210.0,RUNNING_OPTIMAL,0,NORMAL,10.0,PEAK,GOOD
2026-01-07 18:45:00,HVAC_01,HVAC System,35.928,8.982,411.8,57.24,46.64,1.686,984.5,3166.24,1024.66,1200.0,RUNNING_OPTIMAL,0,NORMAL,10.0,PEAK,GOOD
2026-01-07 18:45:00,MOTOR_01,Spinning Motor,34.97,8.7425,402.2,57.04,63.23,1.898,1493.3,2921.18,40.1,48.0,RUNNING_OPTIMAL,0,NORMAL,10.0,PEAK,GOOD
2026-01-07 18:45:00,PUMP_01,Water Pump,15.052,3.763,404.1,24.44,55.43,1.41,1461.6,2763.95,27.63,28.0,RUNNING_OPTIMAL,0,NORMAL,10.0,PEAK,GOOD
2026-01-07 19:00:00,COMPRESSOR_01,Air Compressor,30.612,7.653,403.9,49.72,76.4,2.417,2953.8,2845.27,195.57,210.0,RUNNING_OPTIMAL,0,NORMAL,10.0,PEAK,GOOD
2026-01-07 19:00:00,HVAC_01,HVAC System,37.141,9.2852,406.6,59.93,45.58,1.745,982.6,3166.49,1029.4,1200.0,RUNNING_OPTIMAL,0,NORMAL,10.0,PEAK,GOOD
2026-01-07 19:00:00,MOTOR_01,Spinning Motor,37.367,9.3418,402.3,60.94,63.08,1.888,1485.1,2921.43,45.38,48.0,RUNNING_OPTIMAL,0,NORMAL,10.0,PEAK,GOOD
2026-01-07 19:00:00,PUMP_01,Water Pump,13.365,3.3412,404.6,21.67,52.31,1.513,1456.7,2764.2,20.26,28.0,RUNNING_OPTIMAL,0,NORMAL,10.0,PEAK,GOOD
2026-01-07 19:15:00,COMPRESSOR_01,Air Compressor,32.419,8.1047,405.0,52.52,76.34,2.394,2950.2,2845.52,194.35,210.0,RUNNING_OPTIMAL,0,NORMAL,10.0,PEAK,GOOD
2026-01-07 19:15:00,HVAC_01,HVAC System,36.202,9.0505,405.6,58.56,45.63,1.714,983.1,3166.74,1033.14,1200.0,RUNNING_OPTIMAL,0,NORMAL,10.0,PEAK,GOOD
2026-01-07 19:15:00,MOTOR_01,Spinning Motor,37.08,9.27,407.8,59.66,62.76,1.767,1480.5,2921.68,43.82,48.0,RUNNING_OPTIMAL,0,NORMAL,10.0,PEAK,GOOD
2026-01-07 19:15:00,PUMP_01,Water Pump,12.633,3.1582,408.1,20.31,52.62,1.399,1453.0,2764.45,24.74,28.0,RUNNING_OPTIMAL,0,NORMAL,10.0,PEAK,GOOD
2026-01-07 19:30:00,COMPRESSOR_01,Air Compressor,27.013,6.7532,408.9,43.34,75.67,2.295,2955.3,2845.77,174.6,210.0,RUNNING_OPTIMAL,0,NORMAL,10.0,PEAK,GOOD
2026-01-07 19:30:00,HVAC_01,HVAC System,35.975,8.9938,408.1,57.84,46.24,1.608,981.7,3166.99,1039.67,1200.0,RUNNING_OPTIMAL,0,NORMAL,10.0,PEAK,GOOD
2026-01-07 19:30:00,MOTOR_01,Spinning Motor,36.539,9.1348,409.5,58.54,62.8,1.877,1483.4,2921.93,42.34,48.0,RUNNING_OPTIMAL,0,NORMAL,10.0,PEAK,GOOD
2026-01-07 19:30:00,PUMP_01,Water Pump,13.588,3.397,409.5,21.77,51.92,1.529,1453.4,2764.7,23.39,28.0,RUNNING_OPTIMAL,0,NORMAL,10.0,PEAK,GOOD
2026-01-07 19:45:00,COMPRESSOR_01,Air Compressor,32.903,8.2258,403.4,53.51,75.18,2.323,2952.8,2846.02,203.62,210.0,RUNNING_OPTIMAL,0,NORMAL,10.0,PEAK,GOOD
2026-01-07 19:45:00,HVAC_01,HVAC System,40.224,10.056,404.3,65.27,45.3,1.724,974.4,3167.24,1145.88,1200.0,RUNNING_OPTIMAL,0,NORMAL,10.0,PEAK,GOOD
2026-01-07 19:45:00,MOTOR_01,Spinning Motor,38.788,9.697,407.8,62.4,63.36,2.066,1491.2,2922.18,48.85,48.0,RUNNING_OPTIMAL,0,NORMAL,10.0,PEAK,GOOD
2026-01-07 19:45:00,PUMP_01,Water Pump,13.76,3.44,408.3,22.11,52.02,1.525,1444.7,2764.95,25.48,28.0,RUNNING_OPTIMAL,0,NORMAL,10.0,PEAK,GOOD
2026-01-07 20:00:00,COMPRESSOR_01,Air Compressor,31.034,7.7585,407.2,50.0,72.89,2.344,2949.4,2846.27,192.12,210.0,RUNNING_OPTIMAL,0,NORMAL,10.0,PEAK,GOOD
2026-01-07 20:00:00,HVAC_01,HVAC System,38.292,9.573,406.9,61.74,43.89,1.674,977.1,3167.49,1110.18,1200.0,RUNNING_OPTIMAL,0,NORMAL,10.0,PEAK,GOOD
2026-01-07 20:00:00,MOTOR_01,Spinning Motor,36.26,9.065,408.5,58.24,61.59,1.854,1488.1,2922.43,44.33,48.0,RUNNING_OPTIMAL,0,NORMAL,10.0,PEAK,GOOD
2026-01-07 20:00:00,PUMP_01,Water Pump,13.311,3.3278,405.2,21.55,49.87,1.429,1448.4,2765.2,26.87,28.0,RUNNING_OPTIMAL,0,NORMAL,10.0,PEAK,GOOD
2026-01-07 20:15:00,COMPRESSOR_01,Air Compressor,30.648,7.662,407.3,49.37,74.33,2.194,2949.0,2846.52,192.88,210.0,RUNNING_OPTIMAL,0,NORMAL,10.0,PEAK,GOOD
2026-01-07 20:15:00,HVAC_01,HVAC System,39.809,9.9522,408.9,63.87,45.12,1.776,989.1,3167.74,1145.22,1200.0,RUNNING_OPTIMAL,0,NORMAL,10.0,PEAK,GOOD
2026-01-07 20:15:00,MOTOR_01,Spinning Motor,37.107,9.2768,406.0,59.96,60.91,1.879,1487.4,2922.68,45.12,48.0,RUNNING_OPTIMAL,0,NORMAL,10.0,PEAK,GOOD
2026-01-07 20:15:00,PUMP_01,Water Pump,14.201,3.5502,412.7,22.58,51.35,1.506,1456.2,2765.45,29.45,28.0,RUNNING_OPTIMAL,0,NORMAL,10.0,PEAK,GOOD
2026-01-07 20:30:00,COMPRESSOR_01,Air Compressor,31.008,7.752,407.8,49.89,75.67,2.084,2953.6,2846.77,199.87,210.0,RUNNING_OPTIMAL,0,NORMAL,10.0,PEAK,GOOD
2026-01-07 20:30:00,HVAC_01,HVAC System,37.505,9.3762,409.7,60.06,44.17,1.765,980.0,3167.99,1089.74,1200.0,RUNNING_OPTIMAL,0,NORMAL,10.0,PEAK,GOOD
2026-01-07 20:30:00,MOTOR_01,Spinning Motor,37.009,9.2522,411.0,59.08,61.22,1.92,1489.1,2922.93,43.93,48.0,RUNNING_OPTIMAL,0,NORMAL,10.0,PEAK,GOOD
2026-01-07 20:30:00,PUMP_01,Water Pump,14.484,3.621,406.9,23.35,52.49,1.447,1447.7,2765.7,28.01,28.0,RUNNING_OPTIMAL,0,NORMAL,10.0,PEAK,GOOD
2026-01-07 20:45:00,COMPRESSOR_01,Air Compressor,28.813,7.2032,405.0,46.68,74.73,2.269,2960.0,2847.02,195.17,210.0,RUNNING_OPTIMAL,0,NORMAL,10.0,PEAK,GOOD
2026-01-07 20:45:00,HVAC_01,HVAC System,39.444,9.861,404.6,63.96,45.97,1.661,987.2,3168.24,1157.09,1200.0,RUNNING_OPTIMAL,0,NORMAL,10.0,PEAK,GOOD
2026-01-07 20:45:00,MOTOR_01,Spinning Motor,37.984,9.496,405.6,61.44,62.27,1.923,1485.9,2923.18,43.78,48.0,RUNNING_OPTIMAL,0,NORMAL,10.0,PEAK,GOOD
2026-01-07 20:45:00,PUMP_01,Water Pump,15.048,3.762,406.9,24.26,50.97,1.504,1451.4,2765.95,27.2,28.0,RUNNING_OPTIMAL,0,NORMAL,10.0,PEAK,GOOD
2026-01-07 21:00:00,COMPRESSOR_01,Air Compressor,14.85,3.7125,410.1,23.76,67.27,1.573,2960.4,2847.27,0.0,42.0,IDLE_UNLOADED,0,NORMAL,10.0,PEAK,GOOD
2026-01-07 21:00:00,HVAC_01,HVAC System,14.666,3.6665,410.3,23.45,37.0,1.193,981.1,3168.49,0.0,240.0,IDLE_UNLOADED,0,NORMAL,10.0,PEAK,GOOD
2026-01-07 21:00:00,MOTOR_01,Spinning Motor,13.17,3.2925,406.3,21.27,54.52,1.259,1489.0,2923.43,0.0,9.6,IDLE_UNLOADED,0,NORMAL,10.0,PEAK,GOOD
2026-01-07 21:00:00,PUMP_01,Water Pump,4.669,1.1672,415.6,7.37,44.03,1.034,1458.6,2766.2,0.0,5.6,IDLE_UNLOADED,0,NORMAL,10.0,PEAK,GOOD
2026-01-07 21:15:00,COMPRESSOR_01,Air Compressor,16.287,4.0718,407.8,26.2,67.22,1.545,2955.2,2847.52,0.0,42.0,IDLE_UNLOADED,0,NORMAL,10.0,PEAK,GOOD
2026-01-07 21:15:00,HVAC_01,HVAC System,15.509,3.8772,409.1,24.87,37.08,1.059,983.9,3168.74,0.0,240.0,IDLE_UNLOADED,0,NORMAL,10.0,PEAK,GOOD
2026-01-07 21:15:00,MOTOR_01,Spinning Motor,11.051,2.7628,405.2,17.89,55.24,1.223,1492.2,2923.68,0.0,9.6,IDLE_UNLOADED,0,NORMAL,10.0,PEAK,GOOD
2026-01-07 21:15:00,PUMP_01,Water Pump,4.515,1.1288,411.1,7.21,44.41,1.023,1459.0,2766.45,0.0,5.6,IDLE_UNLOADED,0,NORMAL,10.0,PEAK,GOOD
2026-01-07 21:30:00,COMPRESSOR_01,Air Compressor,31.456,7.864,410.8,50.24,72.34,2.234,2952.1,2847.77,197.47,210.0,RUNNING_OPTIMAL,0,NORMAL,10.0,PEAK,GOOD
2026-01-07 21:30:00,HVAC_01,HVAC System,38.322,9.5805,413.8,60.76,42.9,1.865,980.0,3168.99,1094.47,1200.0,RUNNING_OPTIMAL,0,NORMAL,10.0,PEAK,GOOD
2026-01-07 21:30:00,MOTOR_01,Spinning Motor,35.866,8.9665,411.0,57.25,60.7,1.909,1483.5,2923.93,43.39,48.0,RUNNING_OPTIMAL,0,NORMAL,10.0,PEAK,GOOD
2026-01-07 21:30:00,PUMP_01,Water Pump,16.198,4.0495,411.2,25.84,50.38,1.534,1449.6,2766.7,25.47,28.0,RUNNING_OPTIMAL,0,NORMAL,10.0,PEAK,GOOD
2026-01-07 21:45:00,COMPRESSOR_01,Air Compressor,28.867,7.2168,414.0,45.75,72.84,2.275,2950.1,2848.02,190.23,210.0,RUNNING_OPTIMAL,0,NORMAL,10.0,PEAK,GOOD
2026-01-07 21:45:00,HVAC_01,HVAC System,41.551,10.3878,405.4,67.24,44.06,1.7,979.2,3169.24,1179.68,1200.0,RUNNING_OPTIMAL,0,NORMAL,10.0,PEAK,GOOD
2026-01-07 21:45:00,MOTOR_01,Spinning Motor,36.71,9.1775,408.2,59.0,60.56,1.916,1488.2,2924.18,46.08,48.0,RUNNING_OPTIMAL,0,NORMAL,10.0,PEAK,GOOD
2026-01-07 21:45:00,PUMP_01,Water Pump,14.761,3.6902,409.3,23.66,50.85,1.563,1454.6,2766.95,26.96,28.0,RUNNING_OPTIMAL,0,NORMAL,10.0,PEAK,GOOD
2026-01-07 22:00:00,COMPRESSOR_01,Air Compressor,30.451,7.6128,414.6,48.19,71.47,2.373,2954.1,2848.27,202.42,210.0,RUNNING_OPTIMAL,0,NORMAL,5.5,OFF_PEAK,GOOD
2026-01-07 22:00:00,HVAC_01,HVAC System,39.722,9.9305,412.1,63.24,42.56,1.682,979.8,3169.49,1149.12,1200.0,RUNNING_OPTIMAL,0,NORMAL,5.5,OFF_PEAK,GOOD
2026-01-07 22:00:00,MOTOR_01,Spinning Motor,36.753,9.1882,414.0,58.24,58.78,1.884,1488.2,2924.43,46.36,48.0,RUNNING_OPTIMAL,0,NORMAL,5.5,OFF_PEAK,GOOD
2026-01-07 22:00:00,PUMP_01,Water Pump,16.511,4.1278,406.8,26.63,50.45,1.336,1451.0,2767.2,27.52,28.0,RUNNING_OPTIMAL,0,NORMAL,5.5,OFF_PEAK,GOOD
2026-01-07 22:15:00,COMPRESSOR_01,Air Compressor,30.972,7.743,411.0,49.44,72.72,2.342,2952.9,2848.52,193.91,210.0,RUNNING_OPTIMAL,0,NORMAL,5.5,OFF_PEAK,GOOD
2026-01-07 22:15:00,HVAC_01,HVAC System,39.966,9.9915,410.0,63.95,42.04,1.731,980.6,3169.74,1121.84,1200.0,RUNNING_OPTIMAL,0,NORMAL,5.5,OFF_PEAK,GOOD
2026-01-07 22:15:00,MOTOR_01,Spinning Motor,37.936,9.484,406.6,61.21,60.36,1.833,1484.2,2924.68,47.63,48.0,RUNNING_OPTIMAL,0,NORMAL,5.5,OFF_PEAK,GOOD
2026-01-07 22:15:00,PUMP_01,Water Pump,14.671,3.6678,407.5,23.62,49.39,1.275,1452.0,2767.45,26.56,28.0,RUNNING_OPTIMAL,0,NORMAL,5.5,OFF_PEAK,GOOD
2026-01-07 22:30:00,COMPRESSOR_01,Air Compressor,33.67,8.4175,410.1,53.87,73.28,2.335,2945.3,2848.77,210.36,210.0,RUNNING_OPTIMAL,0,NORMAL,5.5,OFF_PEAK,GOOD
2026-01-07 22:30:00,HVAC_01,HVAC System,43.065,10.7662,405.1,69.75,43.07,1.625,977.3,3169.99,1250.08,1200.0,RUNNING_OPTIMAL,0,NORMAL,5.5,OFF_PEAK,GOOD
2026-01-07 22:30:00,MOTOR_01,Spinning Motor,37.292,9.323,412.6,59.3,59.43,1.769,1480.5,2924.93,45.2,48.0,RUNNING_OPTIMAL,0,NORMAL,5.5,OFF_PEAK,GOOD
2026-01-07 22:30:00,PUMP_01,Water Pump,17.313,4.3282,414.5,27.4,49.96,1.523,1443.7,2767.7,25.91,28.0,RUNNING_OPTIMAL,0,NORMAL,5.5,OFF_PEAK,GOOD
2026-01-07 22:45:00,COMPRESSOR_01,Air Compressor,32.238,8.0595,412.5,51.27,72.69,2.345,2948.7,2849.02,209.15,210.0,RUNNING_OPTIMAL,0,NORMAL,5.5,OFF_PEAK,GOOD
2026-01-07 22:45:00,HVAC_01,HVAC System,40.812,10.203,405.6,66.02,43.1,1.686,979.4,3170.24,1173.44,1200.0,RUNNING_OPTIMAL,0,NORMAL,5.5,OFF_PEAK,GOOD
2026-01-07 22:45:00,MOTOR_01,Spinning Motor,37.733,9.4332,408.5,60.6,58.68,1.821,1482.1,2925.18,44.68,48.0,RUNNING_OPTIMAL,0,NORMAL,5.5,OFF_PEAK,GOOD
2026-01-07 22:45:00,PUMP_01,Water Pump,16.119,4.0298,410.5,25.76,48.52,1.492,1452.5,2767.95,24.15,28.0,RUNNING_OPTIMAL,0,NORMAL,5.5,OFF_PEAK,GOOD
2026-01-07 23:00:00,COMPRESSOR_01,Air Compressor,30.798,7.6995,414.7,48.72,70.51,2.132,2957.4,2849.27,191.19,210.0,RUNNING_OPTIMAL,0,NORMAL,5.5,OFF_PEAK,GOOD
2026-01-07 23:00:00,HVAC_01,HVAC System,38.521,9.6302,412.9,61.21,40.66,1.722,987.7,3170.49,1118.59,1200.0,RUNNING_OPTIMAL,0,NORMAL,5.5,OFF_PEAK,GOOD
2026-01-07 23:00:00,MOTOR_01,Spinning Motor,36.759,9.1898,409.4,58.91,56.44,1.944,1492.8,2925.43,43.77,48.0,RUNNING_OPTIMAL,0,NORMAL,5.5,OFF_PEAK,GOOD
2026-01-07 23:00:00,PUMP_01,Water Pump,14.08,3.52,410.8,22.49,48.57,1.387,1449.8,2768.2,28.23,28.0,RUNNING_OPTIMAL,0,NORMAL,5.5,OFF_PEAK,GOOD
2026-01-07 23:15:00,COMPRESSOR_01,Air Compressor,34.642,8.6605,414.9,54.78,71.48,2.4,2942.5,2849.52,220.03,210.0,RUNNING_OPTIMAL,0,NORMAL,5.5,OFF_PEAK,GOOD
2026-01-07 23:15:00,HVAC_01,HVAC System,42.64,10.66,413.3,67.69,41.15,1.742,981.4,3170.74,1185.02,1200.0,RUNNING_OPTIMAL,0,NORMAL,5.5,OFF_PEAK,GOOD
2026-01-07 23:15:00,MOTOR_01,Spinning Motor,40.15,10.0375,416.5,63.25,58.5,1.876,1484.9,2925.68,45.55,48.0,RUNNING_OPTIMAL,0,NORMAL,5.5,OFF_PEAK,GOOD
2026-01-07 23:15:00,PUMP_01,Water Pump,16.085,4.0212,409.4,25.78,49.65,1.644,1455.3,2768.45,25.65,28.0,RUNNING_OPTIMAL,0,NORMAL,5.5,OFF_PEAK,GOOD
2026-01-07 23:30:00,COMPRESSOR_01,Air Compressor,33.218,8.3045,413.4,52.72,71.41,2.17,2945.0,2849.77,208.67,210.0,RUNNING_OPTIMAL,0,NORMAL,5.5,OFF_PEAK,GOOD
2026-01-07 23:30:00,HVAC_01,HVAC System,39.852,9.963,416.0,62.85,41.3,1.711,984.1,3170.99,1119.1,1200.0,RUNNING_OPTIMAL,0,NORMAL,5.5,OFF_PEAK,GOOD
2026-01-07 23:30:00,MOTOR_01,Spinning Motor,36.248,9.062,412.5,57.65,58.69,1.873,1487.3,2925.93,45.0,48.0,RUNNING_OPTIMAL,0,NORMAL,5.5,OFF_PEAK,GOOD
2026-01-07 23:30:00,PUMP_01,Water Pump,15.918,3.9795,414.7,25.18,47.98,1.455,1453.8,2768.7,27.42,28.0,RUNNING_OPTIMAL,0,NORMAL,5.5,OFF_PEAK,GOOD
2026-01-07 23:45:00,COMPRESSOR_01,Air Compressor,33.537,8.3842,411.1,53.52,71.79,2.252,2948.1,2850.02,207.97,210.0,RUNNING_OPTIMAL,0,NORMAL,5.5,OFF_PEAK,GOOD
2026-01-07 23:45:00,HVAC_01,HVAC System,41.237,10.3092,413.5,65.43,41.51,1.712,982.3,3171.24,1175.06,1200.0,RUNNING_OPTIMAL,0,NORMAL,5.5,OFF_PEAK,GOOD
2026-01-07 23:45:00,MOTOR_01,Spinning Motor,41.968,10.492,413.1,66.65,59.8,1.949,1477.0,2926.18,50.17,48.0,RUNNING_OPTIMAL,0,NORMAL,5.5,OFF_PEAK,GOOD
2026-01-07 23:45:00,PUMP_01,Water Pump,13.999,3.4998,415.6,22.1,48.63,1.517,1455.3,2768.95,25.62,28.0,RUNNING_OPTIMAL,0,NORMAL,5.5,OFF_PEAK,GOOD
2026-01-08 00:00:00,COMPRESSOR_01,Air Compressor,33.894,8.4735,409.7,54.28,71.42,2.438,2947.6,2850.27,217.24,210.0,RUNNING_OPTIMAL,0,NORMAL,5.5,OFF_PEAK,GOOD
2026-01-08 00:00:00,HVAC_01,HVAC System,43.129,10.7822,413.3,68.46,39.66,1.698,976.9,3171.49,1203.75,1200.0,RUNNING_OPTIMAL,0,NORMAL,5.5,OFF_PEAK,GOOD
2026-01-08 00:00:00,MOTOR_01,Spinning Motor,40.311,10.0778,409.2,64.63,58.87,1.877,1480.3,2926.43,50.01,48.0,RUNNING_OPTIMAL,0,NORMAL,5.5,OFF_PEAK,GOOD
2026-01-08 00:00:00,PUMP_01,Water Pump,13.905,3.4762,416.0,21.93,47.29,1.554,1451.0,2769.2,27.44,28.0,RUNNING_OPTIMAL,0,NORMAL,5.5,OFF_PEAK,GOOD
2026-01-08 00:15:00,COMPRESSOR_01,Air Compressor,36.023,9.0058,413.6,57.14,71.63,2.312,2944.2,2850.52,216.21,210.0,RUNNING_OPTIMAL,0,NORMAL,5.5,OFF_PEAK,GOOD
2026-01-08 00:15:00,HVAC_01,HVAC System,43.929,10.9822,415.0,69.45,40.67,1.672,982.1,3171.74,1222.7,1200.0,RUNNING_OPTIMAL,0,NORMAL,5.5,OFF_PEAK,GOOD
2026-01-08 00:15:00,MOTOR_01,Spinning Motor,39.092,9.773,413.8,61.98,56.04,2.036,1483.0,2926.68,47.26,48.0,RUNNING_OPTIMAL,0,NORMAL,5.5,OFF_PEAK,GOOD
2026-01-08 00:15:00,PUMP_01,Water Pump,15.731,3.9328,415.0,24.87,48.22,1.476,1451.1,2769.45,27.93,28.0,RUNNING_OPTIMAL,0,NORMAL,5.5,OFF_PEAK,GOOD
2026-01-08 00:30:00,COMPRESSOR_01,Air Compressor,32.268,8.067,421.0,50.29,70.89,2.301,2945.9,2850.77,208.11,210.0,RUNNING_OPTIMAL,0,NORMAL,5.5,OFF_PEAK,GOOD
2026-01-08 00:30:00,HVAC_01,HVAC System,40.906,10.2265,412.5,65.06,40.47,1.722,978.1,3171.99,1191.42,1200.0,RUNNING_OPTIMAL,0,NORMAL,5.5,OFF_PEAK,GOOD
2026-01-08 00:30:00,MOTOR_01,Spinning Motor,41.785,10.4462,416.0,65.9,59.39,1.974,1480.7,2926.93,47.83,48.0,RUNNING_OPTIMAL,0,NORMAL,5.5,OFF_PEAK,GOOD
2026-01-08 00:30:00,PUMP_01,Water Pump,15.957,3.9892,413.0,25.35,47.19,1.732,1448.1,2769.7,25.8,28.0,RUNNING_OPTIMAL,0,NORMAL,5.5,OFF_PEAK,GOOD
2026-01-08 00:45:00,COMPRESSOR_01,Air Compressor,34.918,8.7295,411.5,55.67,71.64,2.408,2943.8,2851.02,217.44,210.0,RUNNING_OPTIMAL,0,NORMAL,5.5,OFF_PEAK,GOOD
2026-01-08 00:45:00,HVAC_01,HVAC System,42.907,10.7267,415.0,67.83,41.57,1.694,976.6,3172.24,1241.3,1200.0,RUNNING_OPTIMAL,0,NORMAL,5.5,OFF_PEAK,GOOD
2026-01-08 00:45:00,MOTOR_01,Spinning Motor,40.298,10.0745,418.6,63.16,58.39,2.071,1480.3,2927.18,48.74,48.0,RUNNING_OPTIMAL,0,NORMAL,5.5,OFF_PEAK,GOOD
2026-01-08 00:45:00,PUMP_01,Water Pump,16.097,4.0242,412.1,25.63,47.29,1.391,1451.5,2769.95,29.52,28.0,RUNNING_OPTIMAL,0,NORMAL,5.5,OFF_PEAK,GOOD
2026-01-08 01:00:00,COMPRESSOR_01,Air Compressor,34.393,8.5982,414.5,54.44,70.55,2.362,2946.3,2851.27,212.19,210.0,RUNNING_OPTIMAL,0,NORMAL,5.5,OFF_PEAK,GOOD
2026-01-08 01:00:00,HVAC_01,HVAC System,41.88,10.47,416.0,66.05,41.27,1.726,983.7,3172.49,1243.97,1200.0,RUNNING_OPTIMAL,0,NORMAL,5.5,OFF_PEAK,GOOD
2026-01-08 01:00:00,MOTOR_01,Spinning Motor,40.535,10.1337,419.1,63.46,57.53,1.966,1487.3,2927.43,49.43,48.0,RUNNING_OPTIMAL,0,NORMAL,5.5,OFF_PEAK,GOOD
2026-01-08 01:00:00,PUMP_01,Water Pump,15.129,3.7822,419.5,23.66,47.46,1.337,1443.9,2770.2,26.89,28.0,RUNNING_OPTIMAL,0,NORMAL,5.5,OFF_PEAK,GOOD
2026-01-08 01:15:00,COMPRESSOR_01,Air Compressor,34.92,8.73,415.4,55.15,70.94,2.308,2942.7,2851.52,218.89,210.0,RUNNING_OPTIMAL,0,NORMAL,5.5,OFF_PEAK,GOOD
2026-01-08 01:15:00,HVAC_01,HVAC System,44.62,11.155,414.2,70.68,40.74,1.756,980.6,3172.74,1245.45,1200.0,RUNNING_OPTIMAL,0,NORMAL,5.5,OFF_PEAK,GOOD
2026-01-08 01:15:00,MOTOR_01,Spinning Motor,39.253,9.8132,412.8,62.39,57.23,1.873,1477.9,2927.68,47.75,48.0,RUNNING_OPTIMAL,0,NORMAL,5.5,OFF_PEAK,GOOD
2026-01-08 01:15:00,PUMP_01,Water Pump,17.912,4.478,418.4,28.09,48.3,1.516,1451.8,2770.45,31.32,28.0,RUNNING_OPTIMAL,0,NORMAL,5.5,OFF_PEAK,GOOD
2026-01-08 01:30:00,COMPRESSOR_01,Air Compressor,31.745,7.9362,415.0,50.19,70.72,2.371,2955.5,2851.77,205.39,210.0,RUNNING_OPTIMAL,0,NORMAL,5.5,OFF_PEAK,GOOD
2026-01-08 01:30:00,HVAC_01,HVAC System,44.442,11.1105,420.1,69.41,41.01,1.704,983.3,3172.99,1250.59,1200.0,RUNNING_OPTIMAL,0,NORMAL,5.5,OFF_PEAK,GOOD
2026-01-08 01:30:00,MOTOR_01,Spinning Motor,37.267,9.3168,418.2,58.47,57.27,1.862,1487.1,2927.93,47.3,48.0,RUNNING_OPTIMAL,0,NORMAL,5.5,OFF_PEAK,GOOD
2026-01-08 01:30:00,PUMP_01,Water Pump,15.511,3.8778,417.2,24.39,46.47,1.511,1453.1,2770.7,28.6,28.0,RUNNING_OPTIMAL,0,NORMAL,5.5,OFF_PEAK,GOOD
2026-01-08 01:45:00,COMPRESSOR_01,Air Compressor,34.434,8.6085,416.0,54.31,71.6,2.456,2943.0,2852.02,221.34,210.0,RUNNING_OPTIMAL,0,NORMAL,5.5,OFF_PEAK,GOOD
2026-01-08 01:45:00,HVAC_01,HVAC System,43.439,10.8598,418.2,68.15,41.61,1.671,984.1,3173.24,1237.77,1200.0,RUNNING_OPTIMAL,0,NORMAL,5.5,OFF_PEAK,GOOD
2026-01-08 01:45:00,MOTOR_01,Spinning Motor,39.347,9.8368,413.0,62.51,58.16,1.969,1481.4,2928.18,49.7,48.0,RUNNING_OPTIMAL,0,NORMAL,5.5,OFF_PEAK,GOOD
2026-01-08 01:45:00,PUMP_01,Water Pump,16.977,4.2442,417.5,26.68,46.93,1.467,1447.7,2770.95,28.32,28.0,RUNNING_OPTIMAL,0,NORMAL,5.5,OFF_PEAK,GOOD
2026-01-08 02:00:00,COMPRESSOR_01,Air Compressor,34.459,8.6148,415.5,54.41,69.22,2.325,2951.1,2852.27,220.06,210.0,RUNNING_OPTIMAL,0,NORMAL,5.5,OFF_PEAK,GOOD
2026-01-08 02:00:00,HVAC_01,HVAC System,45.571,11.3928,420.5,71.1,40.79,1.724,980.0,3173.49,1271.74,1200.0,RUNNING_OPTIMAL,0,NORMAL,5.5,OFF_PEAK,GOOD
2026-01-08 02:00:00,MOTOR_01,Spinning Motor,44.555,11.1388,413.8,70.64,58.34,2.063,1483.1,2928.43,52.33,48.0,RUNNING_OPTIMAL,0,NORMAL,5.5,OFF_PEAK,GOOD
2026-01-08 02:00:00,PUMP_01,Water Pump,16.708,4.177,419.3,26.14,47.98,1.622,1444.3,2771.2,29.76,28.0,RUNNING_OPTIMAL,0,NORMAL,5.5,OFF_PEAK,GOOD
2026-01-08 02:15:00,COMPRESSOR_01,Air Compressor,35.697,8.9242,412.4,56.79,72.15,2.428,2951.1,2852.52,224.4,210.0,RUNNING_OPTIMAL,0,NORMAL,5.5,OFF_PEAK,GOOD
2026-01-08 02:15:00,HVAC_01,HVAC System,40.588,10.147,417.2,63.83,38.98,1.759,981.9,3173.74,1170.99,1200.0,RUNNING_OPTIMAL,0,NORMAL,5.5,OFF_PEAK,GOOD
2026-01-08 02:15:00,MOTOR_01,Spinning Motor,41.451,10.3628,417.7,65.11,59.03,2.024,1483.4,2928.68,52.76,48.0,RUNNING_OPTIMAL,0,NORMAL,5.5,OFF_PEAK,GOOD
2026-01-08 02:15:00,PUMP_01,Water Pump,16.904,4.226,421.1,26.34,47.22,1.501,1442.9,2771.45,29.45,28.0,RUNNING_OPTIMAL,0,NORMAL,5.5,OFF_PEAK,GOOD
2026-01-08 02:30:00,COMPRESSOR_01,Air Compressor,33.451,8.3628,421.3,52.09,70.54,2.295,2950.8,2852.77,210.69,210.0,RUNNING_OPTIMAL,0,NORMAL,5.5,OFF_PEAK,GOOD
2026-01-08 02:30:00,HVAC_01,HVAC System,46.626,11.6565,421.5,72.58,41.93,1.815,974.1,3173.99,1316.58,1200.0,RUNNING_OPTIMAL,0,NORMAL,5.5,OFF_PEAK,GOOD
2026-01-08 02:30:00,MOTOR_01,Spinning Motor,40.828,10.207,420.4,63.72,59.03,1.927,1479.6,2928.93,48.92,48.0,RUNNING_OPTIMAL,0,NORMAL,5.5,OFF_PEAK,GOOD
2026-01-08 02:30:00,PUMP_01,Water Pump,17.655,4.4138,419.9,27.59,47.31,1.7,1451.3,2771.7,31.32,28.0,RUNNING_OPTIMAL,0,NORMAL,5.5,OFF_PEAK,GOOD
2026-01-08 02:45:00,COMPRESSOR_01,Air Compressor,35.641,8.9102,416.8,56.1,71.3,2.439,2948.4,2853.02,227.07,210.0,RUNNING_OPTIMAL,0,NORMAL,5.5,OFF_PEAK,GOOD
2026-01-08 02:45:00,HVAC_01,HVAC System,44.847,11.2118,418.9,70.24,39.96,1.69,973.4,3174.24,1288.93,1200.0,RUNNING_OPTIMAL,0,NORMAL,5.5,OFF_PEAK,GOOD
2026-01-08 02:45:00,MOTOR_01,Spinning Motor,41.648,10.412,418.1,65.35,58.3,1.894,1483.4,2929.18,51.23,48.0,RUNNING_OPTIMAL,0,NORMAL,5.5,OFF_PEAK,GOOD
2026-01-08 02:45:00,PUMP_01,Water Pump,15.643,3.9108,416.1,24.66,47.07,1.572,1447.7,2771.95,28.14,28.0,RUNNING_OPTIMAL,0,NORMAL,5.5,OFF_PEAK,GOOD
2026-01-08 03:00:00,COMPRESSOR_01,Air Compressor,36.285,9.0712,419.8,56.71,71.8,2.45,2943.3,2853.27,222.55,210.0,RUNNING_OPTIMAL,0,NORMAL,5.5,OFF_PEAK,GOOD
2026-01-08 03:00:00,HVAC_01,HVAC System,47.179,11.7948,422.4,73.28,40.56,1.935,977.1,3174.49,1346.45,1200.0,RUNNING_OPTIMAL,0,NORMAL,5.5,OFF_PEAK,GOOD
2026-01-08 03:00:00,MOTOR_01,Spinning Motor,42.863,10.7158,424.1,66.31,57.55,1.947,1489.2,2929.43,51.89,48.0,RUNNING_OPTIMAL,0,NORMAL,5.5,OFF_PEAK,GOOD
2026-01-08 03:00:00,PUMP_01,Water Pump,16.501,4.1252,424.3,25.51,48.03,1.757,1448.3,2772.2,26.85,28.0,RUNNING_OPTIMAL,0,NORMAL,5.5,OFF_PEAK,GOOD
2026-01-08 03:15:00,COMPRESSOR_01,Air Compressor,37.658,9.4145,420.1,58.81,71.13,2.405,2942.2,2853.52,234.06,210.0,RUNNING_OPTIMAL,0,NORMAL,5.5,OFF_PEAK,GOOD
2026-01-08 03:15:00,HVAC_01,HVAC System,46.624,11.656,423.1,72.3,41.24,1.826,981.0,3174.74,1288.6,1200.0,RUNNING_OPTIMAL,0,NORMAL,5.5,OFF_PEAK,GOOD
2026-01-08 03:15:00,MOTOR_01,Spinning Motor,40.456,10.114,423.5,62.67,57.92,1.961,1485.9,2929.68,48.32,48.0,RUNNING_OPTIMAL,0,NORMAL,5.5,OFF_PEAK,GOOD
2026-01-08 03:15:00,PUMP_01,Water Pump,16.323,4.0808,419.4,25.53,49.81,1.569,1450.0,2772.45,28.32,28.0,RUNNING_OPTIMAL,0,NORMAL,5.5,OFF_PEAK,GOOD
2026-01-08 03:30:00,COMPRESSOR_01,Air Compressor,35.142,8.7855,422.6,54.56,70.06,2.518,2951.5,2853.77,217.59,210.0,RUNNING_OPTIMAL,0,NORMAL,5.5,OFF_PEAK,GOOD
2026-01-08 03:30:00,HVAC_01,HVAC System,44.552,11.138,418.0,69.93,40.86,1.703,979.0,3174.99,1269.23,1200.0,RUNNING_OPTIMAL,0,NORMAL,5.5,OFF_PEAK,GOOD
2026-01-08 03:30:00,MOTOR_01,Spinning Motor,39.415,9.8538,418.2,61.83,58.01,2.038,1476.6,2929.93,48.23,48.0,RUNNING_OPTIMAL,0,NORMAL,5.5,OFF_PEAK,GOOD
2026-01-08 03:30:00,PUMP_01,Water Pump,15.748,3.937,420.1,24.59,47.59,1.391,1449.1,2772.7,28.48,28.0,RUNNING_OPTIMAL,0,NORMAL,5.5,OFF_PEAK,GOOD
2026-01-08 03:45:00,COMPRESSOR_01,Air Compressor,35.015,8.7538,422.0,54.44,70.48,2.444,2944.1,2854.02,219.96,210.0,RUNNING_OPTIMAL,0,NORMAL,5.5,OFF_PEAK,GOOD
2026-01-08 03:45:00,HVAC_01,HVAC System,45.869,11.4672,421.2,71.45,41.7,1.639,981.9,3175.24,1304.82,1200.0,RUNNING_OPTIMAL,0,NORMAL,5.5,OFF_PEAK,GOOD
2026-01-08 03:45:00,MOTOR_01,Spinning Motor,41.504,10.376,419.8,64.86,57.63,1.989,1486.3,2930.18,50.23,48.0,RUNNING_OPTIMAL,0,NORMAL,5.5,OFF_PEAK,GOOD
2026-01-08 03:45:00,PUMP_01,Water Pump,17.381,4.3452,418.5,27.25,48.88,1.527,1445.4,2772.95,29.59,28.0,RUNNING_OPTIMAL,0,NORMAL,5.5,OFF_PEAK,GOOD
2026-01-08 04:00:00,COMPRESSOR_01,Air Compressor,33.776,8.444,421.4,52.59,70.59,2.196,2951.0,2854.27,218.65,210.0,RUNNING_OPTIMAL,0,NORMAL,5.5,OFF_PEAK,GOOD
2026-01-08 04:00:00,HVAC_01,HVAC System,44.672,11.168,423.4,69.22,40.77,1.622,976.1,3175.49,1275.79,1200.0,RUNNING_OPTIMAL,0,NORMAL,5.5,OFF_PEAK,GOOD
2026-01-08 04:00:00,MOTOR_01,Spinning Motor,43.904,10.976,421.9,68.27,58.14,2.045,1480.7,2930.43,51.25,48.0,RUNNING_OPTIMAL,0,NORMAL,5.5,OFF_PEAK,GOOD
2026-01-08 04:00:00,PUMP_01,Water Pump,16.962,4.2405,423.6,26.27,49.43,1.682,1448.0,2773.2,31.16,28.0,RUNNING_OPTIMAL,0,NORMAL,5.5,OFF_PEAK,GOOD
2026-01-08 04:15:00,COMPRESSOR_01,Air Compressor,35.9,8.975,420.0,56.08,72.78,2.275,2941.7,2854.52,224.82,210.0,RUNNING_OPTIMAL,0,NORMAL,5.5,OFF_PEAK,GOOD
2026-01-08 04:15:00,HVAC_01,HVAC System,43.658,10.9145,418.4,68.46,43.11,1.73,976.8,3175.74,1270.91,1200.0,RUNNING_OPTIMAL,0,NORMAL,5.5,OFF_PEAK,GOOD
2026-01-08 04:15:00,MOTOR_01,Spinning Motor,42.114,10.5285,422.8,65.35,56.3,2.051,1484.7,2930.68,50.42,48.0,RUNNING_OPTIMAL,0,NORMAL,5.5,OFF_PEAK,GOOD
2026-01-08 04:15:00,PUMP_01,Water Pump,17.509,4.3772,423.5,27.12,48.49,1.437,1446.8,2773.45,30.77,28.0,RUNNING_OPTIMAL,0,NORMAL,5.5,OFF_PEAK,GOOD
2026-01-08 04:30:00,COMPRESSOR_01,Air Compressor,35.719,8.9298,426.3,54.97,71.07,2.455,2942.0,2854.77,219.25,210.0,RUNNING_OPTIMAL,0,NORMAL,5.5,OFF_PEAK,GOOD
2026-01-08 04:30:00,HVAC_01,HVAC System,47.454,11.8635,428.5,72.66,42.02,1.741,972.0,3175.99,1354.65,1200.0,RUNNING_OPTIMAL,0,NORMAL,5.5,OFF_PEAK,GOOD
2026-01-08 04:30:00,MOTOR_01,Spinning Motor,44.597,11.1492,421.2,69.47,58.2,1.948,1477.6,2930.93,51.52,48.0,RUNNING_OPTIMAL,0,NORMAL,5.5,OFF_PEAK,GOOD
2026-01-08 04:30:00,PUMP_01,Water Pump,16.862,4.2155,425.7,25.99,49.77,1.494,1443.7,2773.7,32.11,28.0,RUNNING_OPTIMAL,0,NORMAL,5.5,OFF_PEAK,GOOD
2026-01-08 04:45:00,COMPRESSOR_01,Air Compressor,35.146,8.7865,423.8,54.41,72.11,2.548,2946.1,2855.02,220.75,210.0,RUNNING_OPTIMAL,0,NORMAL,5.5,OFF_PEAK,GOOD
2026-01-08 04:45:00,HVAC_01,HVAC System,44.706,11.1765,423.0,69.34,41.44,1.764,970.7,3176.24,1254.79,1200.0,RUNNING_OPTIMAL,0,NORMAL,5.5,OFF_PEAK,GOOD
2026-01-08 04:45:00,MOTOR_01,Spinning Motor,41.82,10.455,423.9,64.73,58.38,1.76,1481.7,2931.18,49.1,48.0,RUNNING_OPTIMAL,0,NORMAL,5.5,OFF_PEAK,GOOD
2026-01-08 04:45:00,PUMP_01,Water Pump,17.821,4.4553,422.8,27.65,47.98,1.547,1441.8,2773.95,29.07,28.0,RUNNING_OPTIMAL,0,NORMAL,5.5,OFF_PEAK,GOOD
2026-01-08 05:00:00,COMPRESSOR_01,Air Compressor,36.85,9.2125,422.1,57.28,71.74,2.539,2947.7,2855.27,225.59,210.0,RUNNING_OPTIMAL,0,NORMAL,5.5,OFF_PEAK,GOOD
2026-01-08 05:00:00,HVAC_01,HVAC System,45.831,11.4578,419.0,71.76,43.51,1.825,975.7,3176.49,1292.83,1200.0,RUNNING_OPTIMAL,0,NORMAL,5.5,OFF_PEAK,GOOD
2026-01-08 05:00:00,MOTOR_01,Spinning Motor,39.943,9.9858,421.5,62.17,58.59,1.936,1487.7,2931.43,50.94,48.0,RUNNING_OPTIMAL,0,NORMAL,5.5,OFF_PEAK,GOOD
2026-01-08 05:00:00,PUMP_01,Water Pump,16.147,4.0367,424.3,24.97,49.12,1.562,1446.3,2774.2,29.75,28.0,RUNNING_OPTIMAL,0,NORMAL,5.5,OFF_PEAK,GOOD
2026-01-08 05:15:00,COMPRESSOR_01,Air Compressor,37.753,9.4382,426.2,58.12,74.27,2.396,2941.0,2855.52,237.22,210.0,RUNNING_OPTIMAL,0,NORMAL,5.5,OFF_PEAK,GOOD
2026-01-08 05:15:00,HVAC_01,HVAC System,47.921,11.9802,428.3,73.41,43.79,1.841,981.2,3176.74,1362.38,1200.0,RUNNING_OPTIMAL,0,NORMAL,5.5,OFF_PEAK,GOOD
2026-01-08 05:15:00,MOTOR_01,Spinning Motor,44.348,11.087,420.0,69.28,59.71,1.921,1483.7,2931.68,52.6,48.0,RUNNING_OPTIMAL,0,NORMAL,5.5,OFF_PEAK,GOOD
2026-01-08 05:15:00,PUMP_01,Water Pump,16.422,4.1055,420.3,25.63,48.84,1.377,1444.2,2774.45,30.76,28.0,RUNNING_OPTIMAL,0,NORMAL,5.5,OFF_PEAK,GOOD
2026-01-08 05:30:00,COMPRESSOR_01,Air Compressor,38.002,9.5005,433.9,57.46,72.33,2.406,2946.5,2855.77,227.92,210.0,RUNNING_OPTIMAL,0,NORMAL,5.5,OFF_PEAK,GOOD
2026-01-08 05:30:00,HVAC_01,HVAC System,42.883,10.7208,422.7,66.56,42.24,1.689,979.0,3176.99,1243.96,1200.0,RUNNING_OPTIMAL,0,NORMAL,5.5,OFF_PEAK,GOOD
2026-01-08 05:30:00,MOTOR_01,Spinning Motor,43.883,10.9708,423.7,67.95,59.38,1.94,1481.3,2931.93,52.1,48.0,RUNNING_OPTIMAL,0,NORMAL,5.5,OFF_PEAK,GOOD
2026-01-08 05:30:00,PUMP_01,Water Pump,17.092,4.273,421.2,26.62,50.25,1.462,1444.6,2774.7,26.85,28.0,RUNNING_OPTIMAL,0,NORMAL,5.5,OFF_PEAK,GOOD
2026-01-08 05:45:00,COMPRESSOR_01,Air Compressor,38.227,9.5567,419.0,59.86,74.22,2.503,2939.4,2856.02,237.99,210.0,RUNNING_OPTIMAL,0,NORMAL,5.5,OFF_PEAK,GOOD
2026-01-08 05:45:00,HVAC_01,HVAC System,45.545,11.3862,417.1,71.64,41.47,1.768,976.1,3177.24,1295.31,1200.0,RUNNING_OPTIMAL,0,NORMAL,5.5,OFF_PEAK,GOOD
2026-01-08 05:45:00,MOTOR_01,Spinning Motor,41.558,10.3895,422.1,64.59,58.84,2.048,1490.8,2932.18,49.86,48.0,RUNNING_OPTIMAL,0,NORMAL,5.5,OFF_PEAK,GOOD
2026-01-08 05:45:00,PUMP_01,Water Pump,17.031,4.2578,419.2,26.65,50.1,1.555,1449.1,2774.95,30.83,28.0,RUNNING_OPTIMAL,0,NORMAL,5.5,OFF_PEAK,GOOD
2026-01-08 06:00:00,COMPRESSOR_01,Air Compressor,34.412,8.603,423.0,53.37,73.65,2.342,2941.7,2856.27,223.63,210.0,RUNNING_OPTIMAL,0,NORMAL,7.5,NORMAL,GOOD
2026-01-08 06:00:00,HVAC_01,HVAC System,45.981,11.4952,420.2,71.79,44.1,1.706,972.4,3177.49,1285.68,1200.0,RUNNING_OPTIMAL,0,NORMAL,7.5,NORMAL,GOOD
2026-01-08 06:00:00,MOTOR_01,Spinning Motor,42.508,10.627,419.9,66.42,60.02,1.89,1482.5,2932.43,49.45,48.0,RUNNING_OPTIMAL,0,NORMAL,7.5,NORMAL,GOOD
2026-01-08 06:00:00,PUMP_01,Water Pump,18.076,4.519,422.8,28.05,50.82,1.579,1447.9,2775.2,31.2,28.0,RUNNING_OPTIMAL,0,NORMAL,7.5,NORMAL,GOOD
2026-01-08 06:15:00,COMPRESSOR_01,Air Compressor,39.191,9.7978,423.2,60.76,72.89,2.403,2939.3,2856.52,237.86,210.0,RUNNING_OPTIMAL,0,NORMAL,7.5,NORMAL,GOOD
2026-01-08 06:15:00,HVAC_01,HVAC System,48.653,12.1632,426.4,74.86,44.94,1.8,979.6,3177.74,1364.77,1200.0,RUNNING_OPTIMAL,0,NORMAL,7.5,NORMAL,GOOD
2026-01-08 06:15:00,MOTOR_01,Spinning Motor,43.679,10.9198,422.3,67.86,60.32,2.038,1482.6,2932.68,51.88,48.0,RUNNING_OPTIMAL,0,NORMAL,7.5,NORMAL,GOOD
2026-01-08 06:15:00,PUMP_01,Water Pump,16.366,4.0915,423.5,25.35,49.98,1.524,1444.3,2775.45,30.37,28.0,RUNNING_OPTIMAL,0,NORMAL,7.5,NORMAL,GOOD
2026-01-08 06:30:00,COMPRESSOR_01,Air Compressor,36.971,9.2427,419.9,57.77,74.13,2.368,2938.5,2856.77,229.78,210.0,RUNNING_OPTIMAL,0,NORMAL,7.5,NORMAL,GOOD
2026-01-08 06:30:00,HVAC_01,HVAC System,48.24,12.06,425.5,74.38,43.43,1.778,975.9,3177.99,1363.82,1200.0,RUNNING_OPTIMAL,0,NORMAL,7.5,NORMAL,GOOD
2026-01-08 06:30:00,MOTOR_01,Spinning Motor,43.453,10.8633,422.9,67.41,60.49,1.921,1484.7,2932.93,52.07,48.0,RUNNING_OPTIMAL,0,NORMAL,7.5,NORMAL,GOOD
2026-01-08 06:30:00,PUMP_01,Water Pump,17.992,4.498,420.7,28.06,51.0,1.454,1446.5,2775.7,32.41,28.0,RUNNING_OPTIMAL,0,NORMAL,7.5,NORMAL,GOOD
2026-01-08 06:45:00,COMPRESSOR_01,Air Compressor,36.064,9.016,425.7,55.58,74.35,2.341,2942.0,2857.02,226.41,210.0,RUNNING_OPTIMAL,0,NORMAL,7.5,NORMAL,GOOD
2026-01-08 06:45:00,HVAC_01,HVAC System,45.092,11.273,421.7,70.15,43.12,1.794,973.4,3178.24,1290.73,1200.0,RUNNING_OPTIMAL,0,NORMAL,7.5,NORMAL,GOOD
2026-01-08 06:45:00,MOTOR_01,Spinning Motor,41.56,10.39,421.9,64.63,61.01,1.941,1470.3,2933.18,47.87,48.0,RUNNING_OPTIMAL,0,NORMAL,7.5,NORMAL,GOOD
2026-01-08 06:45:00,PUMP_01,Water Pump,16.697,4.1742,420.1,26.08,50.99,1.485,1446.7,2775.95,30.78,28.0,RUNNING_OPTIMAL,0,NORMAL,7.5,NORMAL,GOOD
2026-01-08 07:00:00,COMPRESSOR_01,Air Compressor,36.183,9.0458,422.7,56.16,74.76,2.484,2952.4,2857.27,226.92,210.0,RUNNING_OPTIMAL,0,NORMAL,7.5,NORMAL,GOOD
2026-01-08 07:00:00,HVAC_01,HVAC System,44.409,11.1022,423.6,68.78,44.74,1.71,977.1,3178.49,1259.87,1200.0,RUNNING_OPTIMAL,0,NORMAL,7.5,NORMAL,GOOD
2026-01-08 07:00:00,MOTOR_01,Spinning Motor,41.938,10.4845,420.3,65.46,61.77,1.742,1484.7,2933.43,49.43,48.0,RUNNING_OPTIMAL,0,NORMAL,7.5,NORMAL,GOOD
2026-01-08 07:00:00,PUMP_01,Water Pump,15.901,3.9752,420.8,24.79,52.56,1.614,1453.9,2776.2,31.77,28.0,RUNNING_OPTIMAL,0,NORMAL,7.5,NORMAL,GOOD
2026-01-08 07:15:00,COMPRESSOR_01,Air Compressor,36.079,9.0198,420.1,56.35,74.8,2.589,2939.4,2857.52,232.06,210.0,RUNNING_OPTIMAL,0,NORMAL,7.5,NORMAL,GOOD
2026-01-08 07:15:00,HVAC_01,HVAC System,47.442,11.8605,420.9,73.95,46.7,1.804,979.4,3178.74,1356.84,1200.0,RUNNING_OPTIMAL,0,NORMAL,7.5,NORMAL,GOOD
2026-01-08 07:15:00,MOTOR_01,Spinning Motor,41.616,10.404,425.6,64.15,62.38,2.015,1483.0,2933.68,51.37,48.0,RUNNING_OPTIMAL,0,NORMAL,7.5,NORMAL,GOOD
2026-01-08 07:15:00,PUMP_01,Water Pump,17.887,4.4718,426.9,27.49,52.09,1.383,1443.6,2776.45,29.47,28.0,RUNNING_OPTIMAL,0,NORMAL,7.5,NORMAL,GOOD
2026-01-08 07:30:00,COMPRESSOR_01,Air Compressor,37.129,9.2822,422.2,57.7,75.66,2.298,2947.0,2857.77,231.48,210.0,RUNNING_OPTIMAL,0,NORMAL,7.5,NORMAL,GOOD
2026-01-08 07:30:00,HVAC_01,HVAC System,45.677,11.4192,422.7,70.9,44.43,1.738,982.3,3178.99,1300.14,1200.0,RUNNING_OPTIMAL,0,NORMAL,7.5,NORMAL,GOOD
2026-01-08 07:30:00,MOTOR_01,Spinning Motor,42.554,10.6385,420.6,66.38,62.66,1.851,1487.3,2933.93,53.35,48.0,RUNNING_OPTIMAL,0,NORMAL,7.5,NORMAL,GOOD
2026-01-08 07:30:00,PUMP_01,Water Pump,16.828,4.207,423.9,26.05,52.22,1.639,1454.4,2776.7,31.19,28.0,RUNNING_OPTIMAL,0,NORMAL,7.5,NORMAL,GOOD
2026-01-08 07:45:00,COMPRESSOR_01,Air Compressor,37.611,9.4028,424.0,58.2,75.21,2.339,2937.7,2858.02,236.26,210.0,RUNNING_OPTIMAL,0,NORMAL,7.5,NORMAL,GOOD
2026-01-08 07:45:00,HVAC_01,HVAC System,45.391,11.3478,425.6,69.97,43.97,1.765,973.2,3179.24,1316.23,1200.0,RUNNING_OPTIMAL,0,NORMAL,7.5,NORMAL,GOOD
2026-01-08 07:45:00,MOTOR_01,Spinning Motor,40.19,10.0475,424.8,62.07,62.39,2.02,1483.5,2934.18,48.28,48.0,RUNNING_OPTIMAL,0,NORMAL,7.5,NORMAL,GOOD
2026-01-08 07:45:00,PUMP_01,Water Pump,17.721,4.4302,424.6,27.38,53.27,1.553,1448.4,2776.95,29.5,28.0,RUNNING_OPTIMAL,0,NORMAL,7.5,NORMAL,GOOD
2026-01-08 08:00:00,COMPRESSOR_01,Air Compressor,34.246,8.5615,424.9,52.88,75.17,2.387,2944.6,2858.27,214.49,210.0,RUNNING_OPTIMAL,0,NORMAL,7.5,NORMAL,GOOD
2026-01-08 08:00:00,HVAC_01,HVAC System,47.775,11.9438,420.8,74.49,47.75,1.702,976.9,3179.49,1352.55,1200.0,RUNNING_OPTIMAL,0,NORMAL,7.5,NORMAL,GOOD
2026-01-08 08:00:00,MOTOR_01,Spinning Motor,42.364,10.591,418.7,66.38,63.49,1.996,1479.8,2934.43,51.57,48.0,RUNNING_OPTIMAL,0,NORMAL,7.5,NORMAL,GOOD
2026-01-08 08:00:00,PUMP_01,Water Pump,15.953,3.9882,424.7,24.64,52.52,1.486,1451.6,2777.2,28.87,28.0,RUNNING_OPTIMAL,0,NORMAL,7.5,NORMAL,GOOD
2026-01-08 08:15:00,COMPRESSOR_01,Air Compressor,37.024,9.256,421.8,57.59,76.67,2.401,2938.2,2858.52,234.26,210.0,RUNNING_OPTIMAL,0,NORMAL,7.5,NORMAL,GOOD
2026-01-08 08:15:00,HVAC_01,HVAC System,44.955,11.2388,421.1,70.04,45.81,1.842,979.5,3179.74,1295.02,1200.0,RUNNING_OPTIMAL,0,NORMAL,7.5,NORMAL,GOOD
2026-01-08 08:15:00,MOTOR_01,Spinning Motor,41.85,10.4625,421.6,65.13,64.14,1.972,1486.2,2934.68,53.51,48.0,RUNNING_OPTIMAL,0,NORMAL,7.5,NORMAL,GOOD
2026-01-08 08:15:00,PUMP_01,Water Pump,17.078,4.2695,419.6,26.7,54.04,1.611,1451.9,2777.45,31.99,28.0,RUNNING_OPTIMAL,0,NORMAL,7.5,NORMAL,GOOD
2026-01-08 08:30:00,COMPRESSOR_01,Air Compressor,36.163,9.0407,418.9,56.64,76.82,2.292,2947.5,2858.77,224.12,210.0,RUNNING_OPTIMAL,0,NORMAL,7.5,NORMAL,GOOD
2026-01-08 08:30:00,HVAC_01,HVAC System,46.639,11.6598,422.9,72.35,46.18,1.801,979.0,3179.99,1304.93,1200.0,RUNNING_OPTIMAL,0,NORMAL,7.5,NORMAL,GOOD
2026-01-08 08:30:00,MOTOR_01,Spinning Motor,41.637,10.4092,422.3,64.69,61.85,1.834,1488.9,2934.93,49.37,48.0,RUNNING_OPTIMAL,0,NORMAL,7.5,NORMAL,GOOD
2026-01-08 08:30:00,PUMP_01,Water Pump,17.697,4.4242,422.2,27.5,52.15,1.378,1442.7,2777.7,28.37,28.0,RUNNING_OPTIMAL,0,NORMAL,7.5,NORMAL,GOOD
2026-01-08 08:45:00,COMPRESSOR_01,Air Compressor,36.439,9.1098,423.0,56.52,77.13,2.436,2943.4,2859.02,222.99,210.0,RUNNING_OPTIMAL,0,NORMAL,7.5,NORMAL,GOOD
2026-01-08 08:45:00,HVAC_01,HVAC System,45.182,11.2955,422.9,70.09,46.69,1.727,976.3,3180.24,1320.58,1200.0,RUNNING_OPTIMAL,0,NORMAL,7.5,NORMAL,GOOD
2026-01-08 08:45:00,MOTOR_01,Spinning Motor,42.552,10.638,422.1,66.14,63.34,2.016,1487.3,2935.18,54.5,48.0,RUNNING_OPTIMAL,0,NORMAL,7.5,NORMAL,GOOD
2026-01-08 08:45:00,PUMP_01,Water Pump,16.995,4.2488,422.5,26.39,51.35,1.515,1448.3,2777.95,29.28,28.0,RUNNING_OPTIMAL,0,NORMAL,7.5,NORMAL,GOOD
2026-01-08 09:00:00,COMPRESSOR_01,Air Compressor,36.014,9.0035,422.2,55.96,77.01,2.311,2947.6,2859.27,218.24,210.0,RUNNING_OPTIMAL,0,NORMAL,7.5,NORMAL,GOOD
2026-01-08 09:00:00,HVAC_01,HVAC System,44.994,11.2485,423.5,69.7,48.06,1.685,972.4,3180.49,1295.27,1200.0,RUNNING_OPTIMAL,0,NORMAL,7.5,NORMAL,GOOD
2026-01-08 09:00:00,MOTOR_01,Spinning Motor,42.776,10.694,418.7,67.03,63.21,1.863,1479.6,2935.43,51.44,48.0,RUNNING_OPTIMAL,0,NORMAL,7.5,NORMAL,GOOD
2026-01-08 09:00:00,PUMP_01,Water Pump,20.10875,5.0272,421.8,31.28,54.12,3.918,1449.7,2778.2,12.3615,28.0,RUNNING_OPTIMAL,1,INEFFICIENT_OPERATION,7.5,NORMAL,GOOD
2026-01-08 09:15:00,COMPRESSOR_01,Air Compressor,35.678,8.9195,421.0,55.6,76.68,2.272,2949.4,2859.52,220.56,210.0,RUNNING_OPTIMAL,0,NORMAL,7.5,NORMAL,GOOD
2026-01-08 09:15:00,HVAC_01,HVAC System,45.535,11.3837,417.8,71.5,47.38,1.823,980.9,3180.74,1284.38,1200.0,RUNNING_OPTIMAL,0,NORMAL,7.5,NORMAL,GOOD
2026-01-08 09:15:00,MOTOR_01,Spinning Motor,45.262,11.3155,419.6,70.77,65.45,1.943,1479.8,2935.68,54.16,48.0,RUNNING_OPTIMAL,0,NORMAL,7.5,NORMAL,GOOD
2026-01-08 09:15:00,PUMP_01,Water Pump,22.97625,5.7441,420.8,35.82,55.68,3.8810000000000002,1444.5,2778.45,13.779,28.0,RUNNING_OPTIMAL,1,INEFFICIENT_OPERATION,7.5,NORMAL,GOOD
2026-01-08 09:30:00,COMPRESSOR_01,Air Compressor,36.055,9.0138,418.0,56.59,77.95,2.345,2944.1,2859.77,221.5,210.0,RUNNING_OPTIMAL,0,NORMAL,7.5,NORMAL,GOOD
2026-01-08 09:30:00,HVAC_01,HVAC System,45.968,11.492,418.9,71.99,47.32,1.845,976.2,3180.99,1293.56,1200.0,RUNNING_OPTIMAL,0,NORMAL,7.5,NORMAL,GOOD
2026-01-08 09:30:00,MOTOR_01,Spinning Motor,42.2,10.55,422.8,65.48,62.51,1.896,1485.5,2935.93,49.03,48.0,RUNNING_OPTIMAL,0,NORMAL,7.5,NORMAL,GOOD
2026-01-08 09:30:00,PUMP_01,Water Pump,22.66,5.665,422.1,35.22,54.72,3.849,1445.4,2778.7,13.662,28.0,RUNNING_OPTIMAL,1,INEFFICIENT_OPERATION,7.5,NORMAL,GOOD
2026-01-08 09:45:00,COMPRESSOR_01,Air Compressor,38.122,9.5305,423.5,59.06,77.48,2.459,2944.6,2860.02,225.64,210.0,RUNNING_OPTIMAL,0,NORMAL,7.5,NORMAL,GOOD
2026-01-08 09:45:00,HVAC_01,HVAC System,47.036,11.759,415.2,74.32,47.54,1.584,972.1,3181.24,1323.05,1200.0,RUNNING_OPTIMAL,0,NORMAL,7.5,NORMAL,GOOD
2026-01-08 09:45:00,MOTOR_01,Spinning Motor,41.06,10.265,424.7,63.43,64.72,1.94,1480.9,2936.18,50.34,48.0,RUNNING_OPTIMAL,0,NORMAL,7.5,NORMAL,GOOD
2026-01-08 09:45:00,PUMP_01,Water Pump,21.1875,5.2969,421.1,33.01,54.11,3.6870000000000003,1447.0,2778.95,12.96,28.0,RUNNING_OPTIMAL,1,INEFFICIENT_OPERATION,7.5,NORMAL,GOOD
2026-01-08 10:00:00,COMPRESSOR_01,Air Compressor,32.343,8.0858,415.9,51.02,77.37,2.303,2954.2,2860.27,206.26,210.0,RUNNING_OPTIMAL,0,NORMAL,7.5,NORMAL,GOOD
2026-01-08 10:00:00,HVAC_01,HVAC System,42.239,10.5598,426.1,65.04,47.54,1.582,979.4,3181.49,1196.55,1200.0,RUNNING_OPTIMAL,0,NORMAL,7.5,NORMAL,GOOD
2026-01-08 10:00:00,MOTOR_01,Spinning Motor,43.064,10.766,416.7,67.8,65.5,1.954,1480.2,2936.43,51.08,48.0,RUNNING_OPTIMAL,0,NORMAL,7.5,NORMAL,GOOD
2026-01-08 10:00:00,PUMP_01,Water Pump,19.310000000000002,4.8275,420.7,30.11,55.28,3.708,1444.8,2779.2,13.1625,28.0,RUNNING_OPTIMAL,1,INEFFICIENT_OPERATION,7.5,NORMAL,GOOD
2026-01-08 10:15:00,COMPRESSOR_01,Air Compressor,35.127,8.7818,420.2,54.85,78.88,2.426,2940.4,2860.52,221.08,210.0,RUNNING_OPTIMAL,0,NORMAL,7.5,NORMAL,GOOD
2026-01-08 10:15:00,HVAC_01,HVAC System,45.004,11.251,422.1,69.95,49.23,1.692,977.8,3181.74,1308.96,1200.0,RUNNING_OPTIMAL,0,NORMAL,7.5,NORMAL,GOOD
2026-01-08 10:15:00,MOTOR_01,Spinning Motor,40.972,10.243,413.2,65.06,67.07,1.917,1477.0,2936.68,52.12,48.0,RUNNING_OPTIMAL,0,NORMAL,7.5,NORMAL,GOOD
2026-01-08 10:15:00,PUMP_01,Water Pump,20.855,5.2138,416.5,32.85,53.98,3.732,1443.8,2779.45,13.2615,28.0,RUNNING_OPTIMAL,1,INEFFICIENT_OPERATION,7.5,NORMAL,GOOD
2026-01-08 10:30:00,COMPRESSOR_01,Air Compressor,36.091,9.0228,417.8,56.67,79.16,2.471,2946.4,2860.77,228.11,210.0,RUNNING_OPTIMAL,0,NORMAL,7.5,NORMAL,GOOD
2026-01-08 10:30:00,HVAC_01,HVAC System,45.543,11.3858,421.8,70.84,47.72,1.76,975.6,3181.99,1286.88,1200.0,RUNNING_OPTIMAL,0,NORMAL,7.5,NORMAL,GOOD
2026-01-08 10:30:00,MOTOR_01,Spinning Motor,43.44,10.86,418.9,68.04,64.92,2.079,1488.5,2936.93,51.14,48.0,RUNNING_OPTIMAL,0,NORMAL,7.5,NORMAL,GOOD
2026-01-08 10:30:00,PUMP_01,Water Pump,21.48625,5.3716,419.0,33.64,54.74,3.673,1442.9,2779.7,13.4955,28.0,RUNNING_OPTIMAL,1,INEFFICIENT_OPERATION,7.5,NORMAL,GOOD
2026-01-08 10:45:00,COMPRESSOR_01,Air Compressor,36.806,9.2015,420.9,57.37,79.03,2.363,2943.3,2861.02,222.13,210.0,RUNNING_OPTIMAL,0,NORMAL,7.5,NORMAL,GOOD
2026-01-08 10:45:00,HVAC_01,HVAC System,45.143,11.2858,418.7,70.74,48.53,1.773,977.0,3182.24,1307.83,1200.0,RUNNING_OPTIMAL,0,NORMAL,7.5,NORMAL,GOOD
2026-01-08 10:45:00,MOTOR_01,Spinning Motor,42.48,10.62,418.4,66.61,63.43,1.976,1474.9,2937.18,51.13,48.0,RUNNING_OPTIMAL,0,NORMAL,7.5,NORMAL,GOOD
2026-01-08 10:45:00,PUMP_01,Water Pump,19.69375,4.9234,412.6,31.32,55.97,3.7880000000000003,1453.6,2779.95,13.0815,28.0,RUNNING_OPTIMAL,1,INEFFICIENT_OPERATION,7.5,NORMAL,GOOD
2026-01-08 11:00:00,COMPRESSOR_01,Air Compressor,32.354,8.0885,419.6,50.59,78.8,2.268,2954.2,2861.27,205.07,210.0,RUNNING_OPTIMAL,0,NORMAL,7.5,NORMAL,GOOD
2026-01-08 11:00:00,HVAC_01,HVAC System,44.426,11.1065,419.3,69.51,49.57,1.838,981.2,3182.49,1262.18,1200.0,RUNNING_OPTIMAL,0,NORMAL,7.5,NORMAL,GOOD
2026-01-08 11:00:00,MOTOR_01,Spinning Motor,43.441,10.8602,417.0,68.35,67.11,1.932,1479.9,2937.43,52.54,48.0,RUNNING_OPTIMAL,0,NORMAL,7.5,NORMAL,GOOD
2026-01-08 11:00:00,PUMP_01,Water Pump,22.325,5.5812,417.7,35.07,55.53,3.7030000000000003,1446.0,2780.2,12.519,28.0,RUNNING_OPTIMAL,1,INEFFICIENT_OPERATION,7.5,NORMAL,GOOD
2026-01-08 11:15:00,COMPRESSOR_01,Air Compressor,36.227,9.0567,415.8,57.16,78.98,2.311,2950.3,2861.52,213.9,210.0,RUNNING_OPTIMAL,0,NORMAL,7.5,NORMAL,GOOD
2026-01-08 11:15:00,HVAC_01,HVAC System,45.969,11.4922,417.6,72.22,49.25,1.651,975.5,3182.74,1247.85,1200.0,RUNNING_OPTIMAL,0,NORMAL,7.5,NORMAL,GOOD
2026-01-08 11:15:00,MOTOR_01,Spinning Motor,38.988,9.747,413.9,61.8,65.21,1.94,1491.8,2937.68,47.38,48.0,RUNNING_OPTIMAL,0,NORMAL,7.5,NORMAL,GOOD
2026-01-08 11:15:00,PUMP_01,Water Pump,21.096249999999998,5.2741,414.8,33.37,55.97,3.745,1443.2,2780.45,13.6035,28.0,RUNNING_OPTIMAL,1,INEFFICIENT_OPERATION,7.5,NORMAL,GOOD
2026-01-08 11:30:00,COMPRESSOR_01,Air Compressor,37.308,9.327,419.9,58.29,78.92,2.345,2946.6,2861.77,228.43,210.0,RUNNING_OPTIMAL,0,NORMAL,7.5,NORMAL,GOOD
2026-01-08 11:30:00,HVAC_01,HVAC System,44.429,11.1072,417.6,69.8,49.17,1.656,977.7,3182.99,1249.54,1200.0,RUNNING_OPTIMAL,0,NORMAL,7.5,NORMAL,GOOD
2026-01-08 11:30:00,MOTOR_01,Spinning Motor,43.295,10.8238,416.5,68.2,67.3,1.923,1479.4,2937.93,52.31,48.0,RUNNING_OPTIMAL,0,NORMAL,7.5,NORMAL,GOOD
2026-01-08 11:30:00,PUMP_01,Water Pump,22.60125,5.6503,415.9,35.65,57.81,3.6690000000000005,1452.4,2780.7,13.788,28.0,RUNNING_OPTIMAL,1,INEFFICIENT_OPERATION,7.5,NORMAL,GOOD
2026-01-08 11:45:00,COMPRESSOR_01,Air Compressor,34.809,8.7022,416.4,54.85,79.25,2.398,2943.4,2862.02,219.58,210.0,RUNNING_OPTIMAL,0,NORMAL,7.5,NORMAL,GOOD
2026-01-08 11:45:00,HVAC_01,HVAC System,44.744,11.186,415.8,70.6,48.72,1.716,984.8,3183.24,1256.25,1200.0,RUNNING_OPTIMAL,0,NORMAL,7.5,NORMAL,GOOD
2026-01-08 11:45:00,MOTOR_01,Spinning Motor,39.238,9.8095,417.9,61.6,65.95,1.901,1485.7,2938.18,45.58,48.0,RUNNING_OPTIMAL,0,NORMAL,7.5,NORMAL,GOOD
2026-01-08 11:45:00,PUMP_01,Water Pump,18.7475,4.6869,411.4,29.9,54.79,3.84,1448.9,2780.95,11.8485,28.0,RUNNING_OPTIMAL,1,INEFFICIENT_OPERATION,7.5,NORMAL,GOOD
2026-01-08 12:00:00,COMPRESSOR_01,Air Compressor,34.021,8.5052,414.6,53.84,78.78,2.422,2944.5,2862.27,208.5,210.0,RUNNING_OPTIMAL,0,NORMAL,7.5,NORMAL,GOOD
2026-01-08 12:00:00,HVAC_01,HVAC System,45.065,11.2662,414.6,71.31,50.31,1.736,980.4,3183.49,1246.87,1200.0,RUNNING_OPTIMAL,0,NORMAL,7.5,NORMAL,GOOD
2026-01-08 12:00:00,MOTOR_01,Spinning Motor,38.201,9.5502,416.9,60.12,65.94,2.051,1487.3,2938.43,44.9,48.0,RUNNING_OPTIMAL,0,NORMAL,7.5,NORMAL,GOOD
2026-01-08 12:00:00,PUMP_01,Water Pump,22.43,5.6075,413.0,35.63,57.64,3.704,1441.0,2781.2,13.563,28.0,RUNNING_OPTIMAL,1,INEFFICIENT_OPERATION,7.5,NORMAL,GOOD
2026-01-08 12:15:00,COMPRESSOR_01,Air Compressor,31.291,7.8228,412.7,49.74,78.76,2.348,2952.5,2862.52,199.81,210.0,RUNNING_OPTIMAL,0,NORMAL,7.5,NORMAL,GOOD
2026-01-08 12:15:00,HVAC_01,HVAC System,44.034,11.0085,418.3,69.06,50.84,1.716,979.2,3183.74,1275.13,1200.0,RUNNING_OPTIMAL,0,NORMAL,7.5,NORMAL,GOOD
2026-01-08 12:15:00,MOTOR_01,Spinning Motor,38.596,9.649,412.4,61.4,66.43,2.006,1484.8,2938.68,48.31,48.0,RUNNING_OPTIMAL,0,NORMAL,7.5,NORMAL,GOOD
2026-01-08 12:15:00,PUMP_01,Water Pump,17.95375,4.4884,417.1,28.24,55.23,3.8100000000000005,1449.5,2781.45,11.7855,28.0,RUNNING_OPTIMAL,1,INEFFICIENT_OPERATION,7.5,NORMAL,GOOD
2026-01-08 12:30:00,COMPRESSOR_01,Air Compressor,34.231,8.5578,413.6,54.3,78.17,2.451,2955.5,2862.77,208.16,210.0,RUNNING_OPTIMAL,0,NORMAL,7.5,NORMAL,GOOD
2026-01-08 12:30:00,HVAC_01,HVAC System,43.79,10.9475,418.8,68.6,50.65,1.641,975.2,3183.99,1245.07,1200.0,RUNNING_OPTIMAL,0,NORMAL,7.5,NORMAL,GOOD
2026-01-08 12:30:00,MOTOR_01,Spinning Motor,40.066,10.0165,415.4,63.28,66.58,1.859,1481.2,2938.93,46.2,48.0,RUNNING_OPTIMAL,0,NORMAL,7.5,NORMAL,GOOD
2026-01-08 12:30:00,PUMP_01,Water Pump,22.83125,5.7078,413.4,36.23,57.35,3.811,1453.1,2781.7,13.5495,28.0,RUNNING_OPTIMAL,1,INEFFICIENT_OPERATION,7.5,NORMAL,GOOD
2026-01-08 12:45:00,COMPRESSOR_01,Air Compressor,31.892,7.973,417.0,50.18,78.08,2.238,2947.6,2863.02,198.06,210.0,RUNNING_OPTIMAL,0,NORMAL,7.5,NORMAL,GOOD
2026-01-08 12:45:00,HVAC_01,HVAC System,42.645,10.6613,414.7,67.47,49.95,1.748,972.3,3184.24,1226.12,1200.0,RUNNING_OPTIMAL,0,NORMAL,7.5,NORMAL,GOOD
2026-01-08 12:45:00,MOTOR_01,Spinning Motor,41.927,10.4818,417.8,65.84,66.53,2.007,1482.1,2939.18,51.74,48.0,RUNNING_OPTIMAL,0,NORMAL,7.5,NORMAL,GOOD
2026-01-08 12:45:00,PUMP_01,Water Pump,20.172500000000003,5.0431,416.0,31.81,57.6,3.5780000000000003,1443.3,2781.95,13.41,28.0,RUNNING_OPTIMAL,1,INEFFICIENT_OPERATION,7.5,NORMAL,GOOD
2026-01-08 13:00:00,COMPRESSOR_01,Air Compressor,16.335,4.0838,412.4,25.99,66.94,1.514,2953.7,2863.27,0.0,42.0,IDLE_UNLOADED,0,NORMAL,7.5,NORMAL,GOOD
2026-01-08 13:00:00,HVAC_01,HVAC System,13.859,3.4648,412.5,22.04,37.36,1.139,983.8,3184.49,0.0,240.0,IDLE_UNLOADED,0,NORMAL,7.5,NORMAL,GOOD
2026-01-08 13:00:00,MOTOR_01,Spinning Motor,12.176,3.044,415.3,19.24,54.16,1.254,1488.6,2939.43,0.0,9.6,IDLE_UNLOADED,0,NORMAL,7.5,NORMAL,GOOD
2026-01-08 13:00:00,PUMP_01,Water Pump,5.645,1.4112,413.0,8.97,42.8,3.223,1452.5,2782.2,0.0,5.6,IDLE_UNLOADED,1,INEFFICIENT_OPERATION,7.5,NORMAL,GOOD
2026-01-08 13:15:00,COMPRESSOR_01,Air Compressor,15.516,3.879,416.1,24.46,67.86,1.499,2956.2,2863.52,0.0,42.0,IDLE_UNLOADED,0,NORMAL,7.5,NORMAL,GOOD
2026-01-08 13:15:00,HVAC_01,HVAC System,14.829,3.7072,413.6,23.52,37.07,1.103,979.0,3184.74,0.0,240.0,IDLE_UNLOADED,0,NORMAL,7.5,NORMAL,GOOD
2026-01-08 13:15:00,MOTOR_01,Spinning Motor,12.413,3.1032,414.4,19.65,52.83,1.327,1489.1,2939.68,0.0,9.6,IDLE_UNLOADED,0,NORMAL,7.5,NORMAL,GOOD
2026-01-08 13:15:00,PUMP_01,Water Pump,4.812,1.203,416.3,7.58,44.59,1.079,1448.4,2782.45,0.0,5.6,IDLE_UNLOADED,0,NORMAL,7.5,NORMAL,GOOD
2026-01-08 13:30:00,COMPRESSOR_01,Air Compressor,32.975,8.2438,417.1,51.87,78.72,2.371,2942.5,2863.77,206.82,210.0,RUNNING_OPTIMAL,0,NORMAL,7.5,NORMAL,GOOD
2026-01-08 13:30:00,HVAC_01,HVAC System,42.946,10.7365,416.5,67.65,49.21,1.674,975.7,3184.99,1190.98,1200.0,RUNNING_OPTIMAL,0,NORMAL,7.5,NORMAL,GOOD
2026-01-08 13:30:00,MOTOR_01,Spinning Motor,38.671,9.6678,414.3,61.24,67.75,1.772,1485.3,2939.93,45.87,48.0,RUNNING_OPTIMAL,0,NORMAL,7.5,NORMAL,GOOD
2026-01-08 13:30:00,PUMP_01,Water Pump,14.792,3.698,410.5,23.64,57.16,1.463,1450.0,2782.7,27.12,28.0,RUNNING_OPTIMAL,0,NORMAL,7.5,NORMAL,GOOD
2026-01-08 13:45:00,COMPRESSOR_01,Air Compressor,32.764,8.191,414.7,51.83,81.94,2.268,2948.3,2864.02,210.95,210.0,RUNNING_OPTIMAL,0,NORMAL,7.5,NORMAL,GOOD
2026-01-08 13:45:00,HVAC_01,HVAC System,43.038,10.7595,414.3,68.15,49.17,1.652,979.7,3185.24,1179.07,1200.0,RUNNING_OPTIMAL,0,NORMAL,7.5,NORMAL,GOOD
2026-01-08 13:45:00,MOTOR_01,Spinning Motor,40.084,10.021,408.9,64.31,68.29,1.814,1487.4,2940.18,49.42,48.0,RUNNING_OPTIMAL,0,NORMAL,7.5,NORMAL,GOOD
2026-01-08 13:45:00,PUMP_01,Water Pump,15.685,3.9212,408.2,25.21,56.58,1.353,1458.8,2782.95,24.37,28.0,RUNNING_OPTIMAL,0,NORMAL,7.5,NORMAL,GOOD
2026-01-08 14:00:00,COMPRESSOR_01,Air Compressor,33.056,8.264,411.0,52.77,81.89,2.372,2952.8,2864.27,210.47,210.0,RUNNING_OPTIMAL,0,NORMAL,7.5,NORMAL,GOOD
2026-01-08 14:00:00,HVAC_01,HVAC System,39.062,9.7655,416.5,61.53,49.34,1.639,986.0,3185.49,1130.77,1200.0,RUNNING_OPTIMAL,0,NORMAL,7.5,NORMAL,GOOD
2026-01-08 14:00:00,MOTOR_01,Spinning Motor,38.128,9.532,412.6,60.63,66.95,1.939,1484.0,2940.43,45.35,48.0,RUNNING_OPTIMAL,0,NORMAL,7.5,NORMAL,GOOD
2026-01-08 14:00:00,PUMP_01,Water Pump,13.951,3.4878,409.9,22.33,56.45,1.339,1447.1,2783.2,28.26,28.0,RUNNING_OPTIMAL,0,NORMAL,7.5,NORMAL,GOOD
2026-01-08 14:15:00,COMPRESSOR_01,Air Compressor,32.356,8.089,409.7,51.81,79.74,2.47,2955.7,2864.52,201.03,210.0,RUNNING_OPTIMAL,0,NORMAL,7.5,NORMAL,GOOD
2026-01-08 14:15:00,HVAC_01,HVAC System,41.374,10.3435,406.1,66.84,48.85,1.73,977.7,3185.74,1187.94,1200.0,RUNNING_OPTIMAL,0,NORMAL,7.5,NORMAL,GOOD
2026-01-08 14:15:00,MOTOR_01,Spinning Motor,35.664,8.916,412.9,56.67,66.0,1.847,1492.3,2940.68,44.09,48.0,RUNNING_OPTIMAL,0,NORMAL,7.5,NORMAL,GOOD
2026-01-08 14:15:00,PUMP_01,Water Pump,15.68,3.92,409.9,25.1,58.13,1.455,1451.2,2783.45,26.69,28.0,RUNNING_OPTIMAL,0,NORMAL,7.5,NORMAL,GOOD
2026-01-08 14:30:00,COMPRESSOR_01,Air Compressor,30.573,7.6432,411.0,48.8,78.81,2.396,2955.5,2864.77,194.78,210.0,RUNNING_OPTIMAL,0,NORMAL,7.5,NORMAL,GOOD
2026-01-08 14:30:00,HVAC_01,HVAC System,41.64,10.41,410.2,66.6,49.33,1.707,980.4,3185.99,1144.28,1200.0,RUNNING_OPTIMAL,0,NORMAL,7.5,NORMAL,GOOD
2026-01-08 14:30:00,MOTOR_01,Spinning Motor,35.941,8.9852,409.8,57.54,68.34,2.026,1490.0,2940.93,41.63,48.0,RUNNING_OPTIMAL,0,NORMAL,7.5,NORMAL,GOOD
2026-01-08 14:30:00,PUMP_01,Water Pump,16.623,4.1558,407.2,26.78,57.57,1.603,1456.8,2783.7,28.47,28.0,RUNNING_OPTIMAL,0,NORMAL,7.5,NORMAL,GOOD
2026-01-08 14:45:00,COMPRESSOR_01,Air Compressor,34.354,8.5885,405.8,55.54,81.38,2.379,2954.0,2865.02,208.61,210.0,RUNNING_OPTIMAL,0,NORMAL,7.5,NORMAL,GOOD
2026-01-08 14:45:00,HVAC_01,HVAC System,38.604,9.651,409.3,61.88,49.84,1.758,981.7,3186.24,1098.58,1200.0,RUNNING_OPTIMAL,0,NORMAL,7.5,NORMAL,GOOD
2026-01-08 14:45:00,MOTOR_01,Spinning Motor,36.434,9.1085,409.2,58.42,66.85,1.915,1485.7,2941.18,42.7,48.0,RUNNING_OPTIMAL,0,NORMAL,7.5,NORMAL,GOOD
2026-01-08 14:45:00,PUMP_01,Water Pump,14.079,3.5198,414.6,22.28,57.57,1.412,1454.7,2783.95,27.84,28.0,RUNNING_OPTIMAL,0,NORMAL,7.5,NORMAL,GOOD
2026-01-08 15:00:00,COMPRESSOR_01,Air Compressor,30.11,7.5275,409.2,48.28,78.99,2.367,2951.2,2865.27,188.38,210.0,RUNNING_OPTIMAL,0,NORMAL,7.5,NORMAL,GOOD
2026-01-08 15:00:00,HVAC_01,HVAC System,37.384,9.346,411.9,59.55,49.47,1.646,978.1,3186.49,1049.08,1200.0,RUNNING_OPTIMAL,0,NORMAL,7.5,NORMAL,GOOD
2026-01-08 15:00:00,MOTOR_01,Spinning Motor,33.64,8.41,409.4,53.91,66.89,1.855,1486.5,2941.43,41.2,48.0,RUNNING_OPTIMAL,0,NORMAL,7.5,NORMAL,GOOD
2026-01-08 15:00:00,PUMP_01,Water Pump,15.101,3.7752,404.5,24.49,56.87,1.479,1456.7,2784.2,27.1,28.0,RUNNING_OPTIMAL,0,NORMAL,7.5,NORMAL,GOOD
2026-01-08 15:15:00,COMPRESSOR_01,Air Compressor,30.049,7.5122,406.6,48.49,79.0,2.472,2958.5,2865.52,191.79,210.0,RUNNING_OPTIMAL,0,NORMAL,7.5,NORMAL,GOOD
2026-01-08 15:15:00,HVAC_01,HVAC System,41.248,10.312,408.5,66.25,50.21,1.722,975.5,3186.74,1157.64,1200.0,RUNNING_OPTIMAL,0,NORMAL,7.5,NORMAL,GOOD
2026-01-08 15:15:00,MOTOR_01,Spinning Motor,40.249,10.0622,408.6,64.63,67.03,1.886,1485.9,2941.68,46.39,48.0,RUNNING_OPTIMAL,0,NORMAL,7.5,NORMAL,GOOD
2026-01-08 15:15:00,PUMP_01,Water Pump,14.391,3.5978,409.4,23.06,57.02,1.499,1453.5,2784.45,26.16,28.0,RUNNING_OPTIMAL,0,NORMAL,7.5,NORMAL,GOOD
2026-01-08 15:30:00,COMPRESSOR_01,Air Compressor,32.153,8.0382,411.1,51.31,80.13,2.438,2949.7,2865.77,195.2,210.0,RUNNING_OPTIMAL,0,NORMAL,7.5,NORMAL,GOOD
2026-01-08 15:30:00,HVAC_01,HVAC System,41.604,10.401,407.2,67.03,49.44,1.735,983.6,3186.99,1183.63,1200.0,RUNNING_OPTIMAL,0,NORMAL,7.5,NORMAL,GOOD
2026-01-08 15:30:00,MOTOR_01,Spinning Motor,36.815,9.2038,408.0,59.2,66.4,1.753,1483.6,2941.93,45.31,48.0,RUNNING_OPTIMAL,0,NORMAL,7.5,NORMAL,GOOD
2026-01-08 15:30:00,PUMP_01,Water Pump,14.207,3.5518,410.9,22.68,57.15,1.531,1453.6,2784.7,25.86,28.0,RUNNING_OPTIMAL,0,NORMAL,7.5,NORMAL,GOOD
2026-01-08 15:45:00,COMPRESSOR_01,Air Compressor,30.915,7.7288,402.4,50.4,79.52,2.219,2949.9,2866.02,198.51,210.0,RUNNING_OPTIMAL,0,NORMAL,7.5,NORMAL,GOOD
2026-01-08 15:45:00,HVAC_01,HVAC System,34.432,8.608,407.1,55.49,47.43,1.579,985.1,3187.24,995.68,1200.0,RUNNING_OPTIMAL,0,NORMAL,7.5,NORMAL,GOOD
2026-01-08 15:45:00,MOTOR_01,Spinning Motor,38.24,9.56,408.5,61.42,66.46,1.776,1490.6,2942.18,45.85,48.0,RUNNING_OPTIMAL,0,NORMAL,7.5,NORMAL,GOOD
2026-01-08 15:45:00,PUMP_01,Water Pump,13.936,3.484,408.9,22.36,56.49,1.566,1460.2,2784.95,23.49,28.0,RUNNING_OPTIMAL,0,NORMAL,7.5,NORMAL,GOOD
2026-01-08 16:00:00,COMPRESSOR_01,Air Compressor,30.187,7.5468,406.1,48.77,78.44,2.249,2959.1,2866.27,193.91,210.0,RUNNING_OPTIMAL,0,NORMAL,7.5,NORMAL,GOOD
2026-01-08 16:00:00,HVAC_01,HVAC System,41.259,10.3148,410.4,65.96,49.51,1.65,980.9,3187.49,1154.53,1200.0,RUNNING_OPTIMAL,0,NORMAL,7.5,NORMAL,GOOD
2026-01-08 16:00:00,MOTOR_01,Spinning Motor,36.417,9.1042,409.7,58.32,66.03,1.893,1487.7,2942.43,44.46,48.0,RUNNING_OPTIMAL,0,NORMAL,7.5,NORMAL,GOOD
2026-01-08 16:00:00,PUMP_01,Water Pump,14.18,3.545,403.3,23.07,55.9,1.425,1446.2,2785.2,26.5,28.0,RUNNING_OPTIMAL,0,NORMAL,7.5,NORMAL,GOOD
2026-01-08 16:15:00,COMPRESSOR_01,Air Compressor,30.556,7.639,409.3,48.98,80.25,2.39,2945.6,2866.52,196.8,210.0,RUNNING_OPTIMAL,0,NORMAL,7.5,NORMAL,GOOD
2026-01-08 16:15:00,HVAC_01,HVAC System,39.549,9.8872,403.1,64.37,48.46,1.768,978.8,3187.74,1131.9,1200.0,RUNNING_OPTIMAL,0,NORMAL,7.5,NORMAL,GOOD
2026-01-08 16:15:00,MOTOR_01,Spinning Motor,35.694,8.9235,402.1,58.24,65.37,1.95,1480.2,2942.68,41.95,48.0,RUNNING_OPTIMAL,0,NORMAL,7.5,NORMAL,GOOD
2026-01-08 16:15:00,PUMP_01,Water Pump,15.687,3.9218,412.4,24.96,56.12,1.4,1448.1,2785.45,27.04,28.0,RUNNING_OPTIMAL,0,NORMAL,7.5,NORMAL,GOOD
2026-01-08 16:30:00,COMPRESSOR_01,Air Compressor,31.312,7.828,409.9,50.12,78.85,2.334,2952.1,2866.77,200.63,210.0,RUNNING_OPTIMAL,0,NORMAL,7.5,NORMAL,GOOD
2026-01-08 16:30:00,HVAC_01,HVAC System,36.915,9.2288,413.4,58.59,47.25,1.67,985.2,3187.99,1019.63,1200.0,RUNNING_OPTIMAL,0,NORMAL,7.5,NORMAL,GOOD
2026-01-08 16:30:00,MOTOR_01,Spinning Motor,33.75,8.4375,409.9,54.02,65.6,1.893,1487.8,2942.93,41.52,48.0,RUNNING_OPTIMAL,0,NORMAL,7.5,NORMAL,GOOD
2026-01-08 16:30:00,PUMP_01,Water Pump,14.584,3.646,410.4,23.31,55.02,1.498,1456.0,2785.7,24.8,28.0,RUNNING_OPTIMAL,0,NORMAL,7.5,NORMAL,GOOD
2026-01-08 16:45:00,COMPRESSOR_01,Air Compressor,30.156,7.539,406.7,48.65,78.78,2.489,2946.0,2867.02,195.93,210.0,RUNNING_OPTIMAL,0,NORMAL,7.5,NORMAL,GOOD
2026-01-08 16:45:00,HVAC_01,HVAC System,38.226,9.5565,411.2,60.99,48.83,1.773,976.5,3188.24,1100.97,1200.0,RUNNING_OPTIMAL,0,NORMAL,7.5,NORMAL,GOOD
2026-01-08 16:45:00,MOTOR_01,Spinning Motor,36.502,9.1255,408.8,58.58,67.3,1.814,1491.2,2943.18,45.2,48.0,RUNNING_OPTIMAL,0,NORMAL,7.5,NORMAL,GOOD
2026-01-08 16:45:00,PUMP_01,Water Pump,14.59,3.6475,405.5,23.61,55.36,1.581,1454.0,2785.95,23.27,28.0,RUNNING_OPTIMAL,0,NORMAL,7.5,NORMAL,GOOD
2026-01-08 17:00:00,COMPRESSOR_01,Air Compressor,30.015,7.5038,405.8,48.53,78.09,2.262,2959.4,2867.27,190.9,210.0,RUNNING_OPTIMAL,0,NORMAL,7.5,NORMAL,GOOD
2026-01-08 17:00:00,HVAC_01,HVAC System,39.202,9.8005,406.1,63.33,47.98,1.74,977.5,3188.49,1115.33,1200.0,RUNNING_OPTIMAL,0,NORMAL,7.5,NORMAL,GOOD
2026-01-08 17:00:00,MOTOR_01,Spinning Motor,36.234,9.0585,406.7,58.45,65.54,1.811,1488.3,2943.43,43.94,48.0,RUNNING_OPTIMAL,0,NORMAL,7.5,NORMAL,GOOD
2026-01-08 17:00:00,PUMP_01,Water Pump,14.341,3.5852,403.8,23.3,54.48,1.503,1447.4,2786.2,26.02,28.0,RUNNING_OPTIMAL,0,NORMAL,7.5,NORMAL,GOOD
2026-01-08 17:15:00,COMPRESSOR_01,Air Compressor,31.738,7.9345,412.0,50.54,77.87,2.466,2956.9,2867.52,201.91,210.0,RUNNING_OPTIMAL,0,NORMAL,7.5,NORMAL,GOOD
2026-01-08 17:15:00,HVAC_01,HVAC System,39.551,9.8878,407.5,63.68,48.11,1.674,976.3,3188.74,1092.34,1200.0,RUNNING_OPTIMAL,0,NORMAL,7.5,NORMAL,GOOD
2026-01-08 17:15:00,MOTOR_01,Spinning Motor,35.175,8.7938,407.9,56.58,64.28,1.977,1480.6,2943.68,41.5,48.0,RUNNING_OPTIMAL,0,NORMAL,7.5,NORMAL,GOOD
2026-01-08 17:15:00,PUMP_01,Water Pump,14.899,3.7248,404.2,24.18,53.75,1.473,1450.1,2786.45,25.08,28.0,RUNNING_OPTIMAL,0,NORMAL,7.5,NORMAL,GOOD
2026-01-08 17:30:00,COMPRESSOR_01,Air Compressor,30.233,7.5582,406.9,48.75,76.83,2.254,2949.2,2867.77,184.06,210.0,RUNNING_OPTIMAL,0,NORMAL,7.5,NORMAL,GOOD
2026-01-08 17:30:00,HVAC_01,HVAC System,37.926,9.4815,406.1,61.27,46.94,1.593,984.7,3188.99,1057.75,1200.0,RUNNING_OPTIMAL,0,NORMAL,7.5,NORMAL,GOOD
2026-01-08 17:30:00,MOTOR_01,Spinning Motor,35.182,8.7955,407.7,56.62,66.14,1.778,1484.0,2943.93,46.23,48.0,RUNNING_OPTIMAL,0,NORMAL,7.5,NORMAL,GOOD
2026-01-08 17:30:00,PUMP_01,Water Pump,13.866,3.4665,405.9,22.41,54.15,1.37,1453.9,2786.7,26.28,28.0,RUNNING_OPTIMAL,0,NORMAL,7.5,NORMAL,GOOD
2026-01-08 17:45:00,COMPRESSOR_01,Air Compressor,31.143,7.7858,408.8,49.98,78.79,2.481,2955.2,2868.02,192.58,210.0,RUNNING_OPTIMAL,0,NORMAL,7.5,NORMAL,GOOD
2026-01-08 17:45:00,HVAC_01,HVAC System,39.578,9.8945,407.7,63.69,49.17,1.68,982.0,3189.24,1135.64,1200.0,RUNNING_OPTIMAL,0,NORMAL,7.5,NORMAL,GOOD
2026-01-08 17:45:00,MOTOR_01,Spinning Motor,34.853,8.7132,408.0,56.04,65.18,1.79,1483.8,2944.18,43.28,48.0,RUNNING_OPTIMAL,0,NORMAL,7.5,NORMAL,GOOD
2026-01-08 17:45:00,PUMP_01,Water Pump,14.08,3.52,405.3,22.79,55.37,1.5,1447.4,2786.95,25.74,28.0,RUNNING_OPTIMAL,0,NORMAL,7.5,NORMAL,GOOD
2026-01-08 18:00:00,COMPRESSOR_01,Air Compressor,28.553,7.1382,409.9,45.7,76.4,2.22,2959.0,2868.27,180.93,210.0,RUNNING_OPTIMAL,0,NORMAL,10.0,PEAK,GOOD
2026-01-08 18:00:00,HVAC_01,HVAC System,39.427,9.8568,403.3,64.14,46.35,1.719,987.3,3189.49,1131.65,1200.0,RUNNING_OPTIMAL,0,NORMAL,10.0,PEAK,GOOD
2026-01-08 18:00:00,MOTOR_01,Spinning Motor,36.127,9.0318,401.0,59.11,64.24,2.045,1488.4,2944.43,44.0,48.0,RUNNING_OPTIMAL,0,NORMAL,10.0,PEAK,GOOD
2026-01-08 18:00:00,PUMP_01,Water Pump,13.579,3.3948,411.4,21.66,53.53,1.444,1449.2,2787.2,24.51,28.0,RUNNING_OPTIMAL,0,NORMAL,10.0,PEAK,GOOD
2026-01-08 18:15:00,COMPRESSOR_01,Air Compressor,31.775,7.9438,409.1,50.96,77.23,2.336,2959.0,2868.52,195.91,210.0,RUNNING_OPTIMAL,0,NORMAL,10.0,PEAK,GOOD
2026-01-08 18:15:00,HVAC_01,HVAC System,38.818,9.7045,406.1,62.71,46.47,1.733,986.8,3189.74,1107.32,1200.0,RUNNING_OPTIMAL,0,NORMAL,10.0,PEAK,GOOD
2026-01-08 18:15:00,MOTOR_01,Spinning Motor,34.196,8.549,405.5,55.33,63.6,1.891,1494.2,2944.68,43.63,48.0,RUNNING_OPTIMAL,0,NORMAL,10.0,PEAK,GOOD
2026-01-08 18:15:00,PUMP_01,Water Pump,13.502,3.3755,409.0,21.66,53.06,1.407,1448.2,2787.45,24.9,28.0,RUNNING_OPTIMAL,0,NORMAL,10.0,PEAK,GOOD
2026-01-08 18:30:00,COMPRESSOR_01,Air Compressor,31.519,7.8798,408.9,50.57,78.2,2.354,2952.0,2868.77,199.37,210.0,RUNNING_OPTIMAL,0,NORMAL,10.0,PEAK,GOOD
2026-01-08 18:30:00,HVAC_01,HVAC System,36.255,9.0638,408.3,58.26,46.0,1.603,982.9,3189.99,1073.28,1200.0,RUNNING_OPTIMAL,0,NORMAL,10.0,PEAK,GOOD
2026-01-08 18:30:00,MOTOR_01,Spinning Motor,34.438,8.6095,410.0,55.11,63.93,2.047,1489.1,2944.93,38.97,48.0,RUNNING_OPTIMAL,0,NORMAL,10.0,PEAK,GOOD
2026-01-08 18:30:00,PUMP_01,Water Pump,16.33,4.0825,411.3,26.05,53.53,1.587,1458.2,2787.7,25.57,28.0,RUNNING_OPTIMAL,0,NORMAL,10.0,PEAK,GOOD
2026-01-08 18:45:00,COMPRESSOR_01,Air Compressor,29.117,7.2792,409.1,46.7,74.76,2.402,2950.0,2869.02,184.12,210.0,RUNNING_OPTIMAL,0,NORMAL,10.0,PEAK,GOOD
2026-01-08 18:45:00,HVAC_01,HVAC System,39.581,9.8953,405.4,64.06,47.21,1.651,976.6,3190.24,1110.51,1200.0,RUNNING_OPTIMAL,0,NORMAL,10.0,PEAK,GOOD
2026-01-08 18:45:00,MOTOR_01,Spinning Motor,33.961,8.4902,407.6,54.66,64.09,1.93,1481.4,2945.18,44.24,48.0,RUNNING_OPTIMAL,0,NORMAL,10.0,PEAK,GOOD
2026-01-08 18:45:00,PUMP_01,Water Pump,14.035,3.5088,409.9,22.46,54.25,1.646,1444.3,2787.95,25.42,28.0,RUNNING_OPTIMAL,0,NORMAL,10.0,PEAK,GOOD
2026-01-08 19:00:00,COMPRESSOR_01,Air Compressor,30.033,7.5082,404.8,48.68,76.28,2.354,2955.7,2869.27,190.35,210.0,RUNNING_OPTIMAL,0,NORMAL,10.0,PEAK,GOOD
2026-01-08 19:00:00,HVAC_01,HVAC System,40.435,10.1088,412.0,64.39,44.93,1.599,974.8,3190.49,1139.17,1200.0,RUNNING_OPTIMAL,0,NORMAL,10.0,PEAK,GOOD
2026-01-08 19:00:00,MOTOR_01,Spinning Motor,35.054,8.7635,405.2,56.76,61.81,2.023,1487.5,2945.43,40.19,48.0,RUNNING_OPTIMAL,0,NORMAL,10.0,PEAK,GOOD
2026-01-08 19:00:00,PUMP_01,Water Pump,14.327,3.5818,406.6,23.12,51.66,1.594,1454.0,2788.2,24.26,28.0,RUNNING_OPTIMAL,0,NORMAL,10.0,PEAK,GOOD
2026-01-08 19:15:00,COMPRESSOR_01,Air Compressor,30.594,7.6485,406.4,49.39,74.77,2.368,2948.1,2869.52,190.61,210.0,RUNNING_OPTIMAL,0,NORMAL,10.0,PEAK,GOOD
2026-01-08 19:15:00,HVAC_01,HVAC System,36.055,9.0138,409.4,57.78,45.99,1.731,985.1,3190.74,1051.77,1200.0,RUNNING_OPTIMAL,0,NORMAL,10.0,PEAK,GOOD
2026-01-08 19:15:00,MOTOR_01,Spinning Motor,39.078,9.7695,408.0,62.84,63.19,2.078,1482.2,2945.68,45.65,48.0,RUNNING_OPTIMAL,0,NORMAL,10.0,PEAK,GOOD
2026-01-08 19:15:00,PUMP_01,Water Pump,16.813,4.2032,408.8,26.98,51.66,1.498,1448.9,2788.45,24.54,28.0,RUNNING_OPTIMAL,0,NORMAL,10.0,PEAK,GOOD
2026-01-08 19:30:00,COMPRESSOR_01,Air Compressor,33.246,8.3115,404.4,53.94,75.9,2.421,2945.1,2869.77,203.17,210.0,RUNNING_OPTIMAL,0,NORMAL,10.0,PEAK,GOOD
2026-01-08 19:30:00,HVAC_01,HVAC System,38.584,9.646,409.3,61.85,46.56,1.731,981.2,3190.99,1101.85,1200.0,RUNNING_OPTIMAL,0,NORMAL,10.0,PEAK,GOOD
2026-01-08 19:30:00,MOTOR_01,Spinning Motor,37.079,9.2698,404.5,60.14,64.08,1.775,1488.8,2945.93,42.85,48.0,RUNNING_OPTIMAL,0,NORMAL,10.0,PEAK,GOOD
2026-01-08 19:30:00,PUMP_01,Water Pump,13.571,3.3928,407.7,21.84,51.79,1.472,1453.5,2788.7,24.85,28.0,RUNNING_OPTIMAL,0,NORMAL,10.0,PEAK,GOOD
2026-01-08 19:45:00,COMPRESSOR_01,Air Compressor,29.312,7.328,409.9,46.92,76.67,2.269,2955.1,2870.02,185.44,210.0,RUNNING_OPTIMAL,0,NORMAL,10.0,PEAK,GOOD
2026-01-08 19:45:00,HVAC_01,HVAC System,38.078,9.5195,406.0,61.53,44.2,1.661,981.6,3191.24,1078.68,1200.0,RUNNING_OPTIMAL,0,NORMAL,10.0,PEAK,GOOD
2026-01-08 19:45:00,MOTOR_01,Spinning Motor,35.649,8.9122,408.3,57.28,61.96,1.889,1481.2,2946.18,42.97,48.0,RUNNING_OPTIMAL,0,NORMAL,10.0,PEAK,GOOD
2026-01-08 19:45:00,PUMP_01,Water Pump,14.103,3.5258,408.8,22.63,52.13,1.392,1445.2,2788.95,27.36,28.0,RUNNING_OPTIMAL,0,NORMAL,10.0,PEAK,GOOD
2026-01-08 20:00:00,COMPRESSOR_01,Air Compressor,30.321,7.5802,408.5,48.7,73.49,2.19,2954.2,2870.27,183.96,210.0,RUNNING_OPTIMAL,0,NORMAL,10.0,PEAK,GOOD
2026-01-08 20:00:00,HVAC_01,HVAC System,39.222,9.8055,405.1,63.52,45.2,1.815,984.0,3191.49,1134.72,1200.0,RUNNING_OPTIMAL,0,NORMAL,10.0,PEAK,GOOD
2026-01-08 20:00:00,MOTOR_01,Spinning Motor,35.782,8.9455,407.4,57.62,62.31,1.83,1483.3,2946.43,39.81,48.0,RUNNING_OPTIMAL,0,NORMAL,10.0,PEAK,GOOD
2026-01-08 20:00:00,PUMP_01,Water Pump,15.052,3.763,406.5,24.29,51.3,1.523,1450.0,2789.2,26.65,28.0,RUNNING_OPTIMAL,0,NORMAL,10.0,PEAK,GOOD
2026-01-08 20:15:00,COMPRESSOR_01,Air Compressor,29.525,7.3812,404.7,47.86,74.13,2.271,2952.0,2870.52,185.18,210.0,RUNNING_OPTIMAL,0,NORMAL,10.0,PEAK,GOOD
2026-01-08 20:15:00,HVAC_01,HVAC System,38.836,9.709,406.1,62.74,45.08,1.816,993.7,3191.74,1120.13,1200.0,RUNNING_OPTIMAL,0,NORMAL,10.0,PEAK,GOOD
2026-01-08 20:15:00,MOTOR_01,Spinning Motor,36.937,9.2342,408.6,59.31,62.59,1.814,1480.2,2946.68,45.78,48.0,RUNNING_OPTIMAL,0,NORMAL,10.0,PEAK,GOOD
2026-01-08 20:15:00,PUMP_01,Water Pump,13.599,3.3998,406.7,21.94,51.97,1.545,1443.8,2789.45,26.68,28.0,RUNNING_OPTIMAL,0,NORMAL,10.0,PEAK,GOOD
2026-01-08 20:30:00,COMPRESSOR_01,Air Compressor,29.597,7.3992,407.7,47.63,74.66,2.353,2944.0,2870.77,196.28,210.0,RUNNING_OPTIMAL,0,NORMAL,10.0,PEAK,GOOD
2026-01-08 20:30:00,HVAC_01,HVAC System,37.615,9.4038,411.5,59.97,44.63,1.483,982.6,3191.99,1077.19,1200.0,RUNNING_OPTIMAL,0,NORMAL,10.0,PEAK,GOOD
2026-01-08 20:30:00,MOTOR_01,Spinning Motor,34.728,8.682,412.5,55.23,60.63,1.795,1488.2,2946.93,44.47,48.0,RUNNING_OPTIMAL,0,NORMAL,10.0,PEAK,GOOD
2026-01-08 20:30:00,PUMP_01,Water Pump,16.824,4.206,405.1,27.25,51.62,1.42,1450.2,2789.7,27.83,28.0,RUNNING_OPTIMAL,0,NORMAL,10.0,PEAK,GOOD
2026-01-08 20:45:00,COMPRESSOR_01,Air Compressor,30.924,7.731,410.0,49.48,73.31,2.327,2957.7,2871.02,186.84,210.0,RUNNING_OPTIMAL,0,NORMAL,10.0,PEAK,GOOD
2026-01-08 20:45:00,HVAC_01,HVAC System,39.621,9.9052,411.4,63.19,43.56,1.758,981.3,3192.24,1129.28,1200.0,RUNNING_OPTIMAL,0,NORMAL,10.0,PEAK,GOOD
2026-01-08 20:45:00,MOTOR_01,Spinning Motor,36.526,9.1315,408.8,58.62,61.1,1.788,1485.9,2947.18,44.97,48.0,RUNNING_OPTIMAL,0,NORMAL,10.0,PEAK,GOOD
2026-01-08 20:45:00,PUMP_01,Water Pump,14.737,3.6842,406.7,23.77,51.53,1.523,1457.4,2789.95,26.51,28.0,RUNNING_OPTIMAL,0,NORMAL,10.0,PEAK,GOOD
2026-01-08 21:00:00,COMPRESSOR_01,Air Compressor,16.416,4.104,411.7,26.16,66.78,1.615,2954.4,2871.27,0.0,42.0,IDLE_UNLOADED,0,NORMAL,10.0,PEAK,GOOD
2026-01-08 21:00:00,HVAC_01,HVAC System,15.137,3.7842,410.1,24.22,36.52,1.138,983.0,3192.49,0.0,240.0,IDLE_UNLOADED,0,NORMAL,10.0,PEAK,GOOD
2026-01-08 21:00:00,MOTOR_01,Spinning Motor,11.305,2.8262,411.1,18.04,53.89,1.176,1488.6,2947.43,0.0,9.6,IDLE_UNLOADED,0,NORMAL,10.0,PEAK,GOOD
2026-01-08 21:00:00,PUMP_01,Water Pump,4.936,1.234,410.8,7.88,44.25,0.987,1458.1,2790.2,0.0,5.6,IDLE_UNLOADED,0,NORMAL,10.0,PEAK,GOOD
2026-01-08 21:15:00,COMPRESSOR_01,Air Compressor,16.036,4.009,402.5,26.14,67.28,1.575,2950.1,2871.52,0.0,42.0,IDLE_UNLOADED,0,NORMAL,10.0,PEAK,GOOD
2026-01-08 21:15:00,HVAC_01,HVAC System,15.015,3.7538,408.9,24.09,36.16,1.083,981.4,3192.74,0.0,240.0,IDLE_UNLOADED,0,NORMAL,10.0,PEAK,GOOD
2026-01-08 21:15:00,MOTOR_01,Spinning Motor,11.886,2.9715,408.4,19.09,52.84,1.315,1485.8,2947.68,0.0,9.6,IDLE_UNLOADED,0,NORMAL,10.0,PEAK,GOOD
2026-01-08 21:15:00,PUMP_01,Water Pump,4.748,1.187,411.8,7.56,44.34,1.039,1449.4,2790.45,0.0,5.6,IDLE_UNLOADED,0,NORMAL,10.0,PEAK,GOOD
2026-01-08 21:30:00,COMPRESSOR_01,Air Compressor,31.244,7.811,411.8,49.78,72.84,2.334,2950.2,2871.77,199.97,210.0,RUNNING_OPTIMAL,0,NORMAL,10.0,PEAK,GOOD
2026-01-08 21:30:00,HVAC_01,HVAC System,39.337,9.8343,409.5,63.02,44.69,1.771,980.1,3192.99,1122.6,1200.0,RUNNING_OPTIMAL,0,NORMAL,10.0,PEAK,GOOD
2026-01-08 21:30:00,MOTOR_01,Spinning Motor,39.919,9.9797,409.3,63.99,60.44,1.729,1488.8,2947.93,47.24,48.0,RUNNING_OPTIMAL,0,NORMAL,10.0,PEAK,GOOD
2026-01-08 21:30:00,PUMP_01,Water Pump,15.144,3.786,408.0,24.35,50.44,1.552,1448.9,2790.7,27.02,28.0,RUNNING_OPTIMAL,0,NORMAL,10.0,PEAK,GOOD
2026-01-08 21:45:00,COMPRESSOR_01,Air Compressor,30.978,7.7445,405.8,50.08,73.34,2.332,2953.0,2872.02,191.5,210.0,RUNNING_OPTIMAL,0,NORMAL,10.0,PEAK,GOOD
2026-01-08 21:45:00,HVAC_01,HVAC System,40.296,10.074,409.6,64.54,42.85,1.765,983.5,3193.24,1139.83,1200.0,RUNNING_OPTIMAL,0,NORMAL,10.0,PEAK,GOOD
2026-01-08 21:45:00,MOTOR_01,Spinning Motor,33.828,8.457,413.8,53.63,58.9,1.69,1486.8,2948.18,41.54,48.0,RUNNING_OPTIMAL,0,NORMAL,10.0,PEAK,GOOD
2026-01-08 21:45:00,PUMP_01,Water Pump,14.912,3.728,409.9,23.87,50.38,1.492,1450.6,2790.95,29.68,28.0,RUNNING_OPTIMAL,0,NORMAL,10.0,PEAK,GOOD
2026-01-08 22:00:00,COMPRESSOR_01,Air Compressor,30.761,7.6902,413.5,48.81,72.49,2.289,2947.7,2872.27,202.61,210.0,RUNNING_OPTIMAL,0,NORMAL,5.5,OFF_PEAK,GOOD
2026-01-08 22:00:00,HVAC_01,HVAC System,38.011,9.5028,409.9,60.84,40.85,1.692,980.3,3193.49,1092.1,1200.0,RUNNING_OPTIMAL,0,NORMAL,5.5,OFF_PEAK,GOOD
2026-01-08 22:00:00,MOTOR_01,Spinning Motor,38.312,9.578,411.5,61.08,59.48,1.791,1484.7,2948.43,44.74,48.0,RUNNING_OPTIMAL,0,NORMAL,5.5,OFF_PEAK,GOOD
2026-01-08 22:00:00,PUMP_01,Water Pump,13.831,3.4578,412.7,21.99,49.54,1.438,1448.4,2791.2,26.24,28.0,RUNNING_OPTIMAL,0,NORMAL,5.5,OFF_PEAK,GOOD
2026-01-08 22:15:00,COMPRESSOR_01,Air Compressor,30.367,7.5918,408.8,48.74,70.34,2.348,2949.4,2872.52,194.71,210.0,RUNNING_OPTIMAL,0,NORMAL,5.5,OFF_PEAK,GOOD
2026-01-08 22:15:00,HVAC_01,HVAC System,40.639,10.1598,410.5,64.95,41.31,1.703,978.4,3193.74,1157.58,1200.0,RUNNING_OPTIMAL,0,NORMAL,5.5,OFF_PEAK,GOOD
2026-01-08 22:15:00,MOTOR_01,Spinning Motor,37.651,9.4128,412.5,59.88,60.63,1.931,1487.7,2948.68,43.89,48.0,RUNNING_OPTIMAL,0,NORMAL,5.5,OFF_PEAK,GOOD
2026-01-08 22:15:00,PUMP_01,Water Pump,15.68,3.92,409.8,25.1,50.14,1.454,1450.7,2791.45,24.34,28.0,RUNNING_OPTIMAL,0,NORMAL,5.5,OFF_PEAK,GOOD
2026-01-08 22:30:00,COMPRESSOR_01,Air Compressor,30.51,7.6275,410.5,48.76,72.04,2.356,2956.1,2872.77,192.86,210.0,RUNNING_OPTIMAL,0,NORMAL,5.5,OFF_PEAK,GOOD
2026-01-08 22:30:00,HVAC_01,HVAC System,41.1,10.275,410.3,65.72,42.56,1.707,980.4,3193.99,1141.98,1200.0,RUNNING_OPTIMAL,0,NORMAL,5.5,OFF_PEAK,GOOD
2026-01-08 22:30:00,MOTOR_01,Spinning Motor,37.852,9.463,409.3,60.67,59.11,1.888,1485.4,2948.93,48.46,48.0,RUNNING_OPTIMAL,0,NORMAL,5.5,OFF_PEAK,GOOD
2026-01-08 22:30:00,PUMP_01,Water Pump,14.172,3.543,410.7,22.64,48.01,1.608,1455.6,2791.7,24.92,28.0,RUNNING_OPTIMAL,0,NORMAL,5.5,OFF_PEAK,GOOD
2026-01-08 22:45:00,COMPRESSOR_01,Air Compressor,33.626,8.4065,411.7,53.59,72.5,2.296,2942.6,2873.02,212.59,210.0,RUNNING_OPTIMAL,0,NORMAL,5.5,OFF_PEAK,GOOD
2026-01-08 22:45:00,HVAC_01,HVAC System,40.985,10.2462,411.7,65.31,43.18,1.812,985.9,3194.24,1159.11,1200.0,RUNNING_OPTIMAL,0,NORMAL,5.5,OFF_PEAK,GOOD
2026-01-08 22:45:00,MOTOR_01,Spinning Motor,37.158,9.2895,415.5,58.67,59.52,1.854,1497.0,2949.18,47.15,48.0,RUNNING_OPTIMAL,0,NORMAL,5.5,OFF_PEAK,GOOD
2026-01-08 22:45:00,PUMP_01,Water Pump,15.36,3.84,411.3,24.5,49.55,1.6,1446.6,2791.95,27.62,28.0,RUNNING_OPTIMAL,0,NORMAL,5.5,OFF_PEAK,GOOD
2026-01-08 23:00:00,COMPRESSOR_01,Air Compressor,30.115,7.5288,413.9,47.74,71.41,2.39,2952.0,2873.27,198.98,210.0,RUNNING_OPTIMAL,0,NORMAL,5.5,OFF_PEAK,GOOD
2026-01-08 23:00:00,HVAC_01,HVAC System,42.552,10.638,412.3,67.71,40.97,1.835,979.7,3194.49,1187.57,1200.0,RUNNING_OPTIMAL,0,NORMAL,5.5,OFF_PEAK,GOOD
2026-01-08 23:00:00,MOTOR_01,Spinning Motor,42.053,10.5132,412.9,66.82,59.19,1.929,1481.5,2949.43,49.8,48.0,RUNNING_OPTIMAL,0,NORMAL,5.5,OFF_PEAK,GOOD
2026-01-08 23:00:00,PUMP_01,Water Pump,15.009,3.7522,407.2,24.18,50.49,1.429,1457.7,2792.2,25.95,28.0,RUNNING_OPTIMAL,0,NORMAL,5.5,OFF_PEAK,GOOD
2026-01-08 23:15:00,COMPRESSOR_01,Air Compressor,34.394,8.5985,414.7,54.41,71.9,2.255,2948.5,2873.52,217.09,210.0,RUNNING_OPTIMAL,0,NORMAL,5.5,OFF_PEAK,GOOD
2026-01-08 23:15:00,HVAC_01,HVAC System,40.693,10.1732,412.0,64.8,42.38,1.748,979.7,3194.74,1154.94,1200.0,RUNNING_OPTIMAL,0,NORMAL,5.5,OFF_PEAK,GOOD
2026-01-08 23:15:00,MOTOR_01,Spinning Motor,40.521,10.1302,411.3,64.64,57.72,1.841,1479.5,2949.68,47.95,48.0,RUNNING_OPTIMAL,0,NORMAL,5.5,OFF_PEAK,GOOD
2026-01-08 23:15:00,PUMP_01,Water Pump,17.099,4.2748,413.8,27.11,49.35,1.619,1447.3,2792.45,26.35,28.0,RUNNING_OPTIMAL,0,NORMAL,5.5,OFF_PEAK,GOOD
2026-01-08 23:30:00,COMPRESSOR_01,Air Compressor,32.923,8.2308,413.3,52.26,72.64,2.435,2953.3,2873.77,203.83,210.0,RUNNING_OPTIMAL,0,NORMAL,5.5,OFF_PEAK,GOOD
2026-01-08 23:30:00,HVAC_01,HVAC System,40.281,10.0702,415.0,63.68,41.64,1.675,975.6,3194.99,1154.91,1200.0,RUNNING_OPTIMAL,0,NORMAL,5.5,OFF_PEAK,GOOD
2026-01-08 23:30:00,MOTOR_01,Spinning Motor,39.195,9.7988,411.4,62.51,58.91,2.076,1485.1,2949.93,46.85,48.0,RUNNING_OPTIMAL,0,NORMAL,5.5,OFF_PEAK,GOOD
2026-01-08 23:30:00,PUMP_01,Water Pump,16.502,4.1255,413.5,26.18,48.29,1.521,1453.6,2792.7,29.82,28.0,RUNNING_OPTIMAL,0,NORMAL,5.5,OFF_PEAK,GOOD
2026-01-08 23:45:00,COMPRESSOR_01,Air Compressor,33.513,8.3782,410.9,53.51,71.6,2.53,2954.4,2874.02,204.78,210.0,RUNNING_OPTIMAL,0,NORMAL,5.5,OFF_PEAK,GOOD
2026-01-08 23:45:00,HVAC_01,HVAC System,42.318,10.5795,410.7,67.6,41.84,1.675,988.8,3195.24,1162.04,1200.0,RUNNING_OPTIMAL,0,NORMAL,5.5,OFF_PEAK,GOOD
2026-01-08 23:45:00,MOTOR_01,Spinning Motor,36.686,9.1715,413.7,58.18,58.72,1.963,1498.9,2950.18,45.63,48.0,RUNNING_OPTIMAL,0,NORMAL,5.5,OFF_PEAK,GOOD
2026-01-08 23:45:00,PUMP_01,Water Pump,16.008,4.002,413.3,25.41,48.74,1.558,1452.3,2792.95,25.69,28.0,RUNNING_OPTIMAL,0,NORMAL,5.5,OFF_PEAK,GOOD
2026-01-09 00:00:00,COMPRESSOR_01,Air Compressor,31.104,7.776,417.3,48.9,70.23,2.345,2945.8,2874.27,197.69,210.0,RUNNING_OPTIMAL,0,NORMAL,5.5,OFF_PEAK,GOOD
2026-01-09 00:00:00,HVAC_01,HVAC System,39.314,9.8285,417.9,61.72,40.86,1.646,975.5,3195.49,1131.49,1200.0,RUNNING_OPTIMAL,0,NORMAL,5.5,OFF_PEAK,GOOD
2026-01-09 00:00:00,MOTOR_01,Spinning Motor,41.051,10.2628,412.0,65.37,57.77,1.844,1483.7,2950.43,48.17,48.0,RUNNING_OPTIMAL,0,NORMAL,5.5,OFF_PEAK,GOOD
2026-01-09 00:00:00,PUMP_01,Water Pump,16.473,4.1182,412.9,26.17,48.76,1.472,1450.5,2793.2,28.01,28.0,RUNNING_OPTIMAL,0,NORMAL,5.5,OFF_PEAK,GOOD
2026-01-09 00:15:00,COMPRESSOR_01,Air Compressor,34.375,8.5938,418.7,53.86,70.13,2.271,2946.3,2874.52,209.15,210.0,RUNNING_OPTIMAL,0,NORMAL,5.5,OFF_PEAK,GOOD
2026-01-09 00:15:00,HVAC_01,HVAC System,41.98,10.495,413.3,66.64,41.79,1.781,981.0,3195.74,1187.11,1200.0,RUNNING_OPTIMAL,0,NORMAL,5.5,OFF_PEAK,GOOD
2026-01-09 00:15:00,MOTOR_01,Spinning Motor,40.398,10.0995,419.4,63.2,59.04,1.949,1487.8,2950.68,47.5,48.0,RUNNING_OPTIMAL,0,NORMAL,5.5,OFF_PEAK,GOOD
2026-01-09 00:15:00,PUMP_01,Water Pump,15.365,3.8412,414.4,24.33,48.38,1.379,1450.9,2793.45,26.81,28.0,RUNNING_OPTIMAL,0,NORMAL,5.5,OFF_PEAK,GOOD
2026-01-09 00:30:00,COMPRESSOR_01,Air Compressor,33.299,8.3248,416.8,52.42,70.95,2.413,2943.1,2874.77,204.22,210.0,RUNNING_OPTIMAL,0,NORMAL,5.5,OFF_PEAK,GOOD
2026-01-09 00:30:00,HVAC_01,HVAC System,44.19,11.0475,415.2,69.83,41.07,1.795,978.3,3195.99,1239.84,1200.0,RUNNING_OPTIMAL,0,NORMAL,5.5,OFF_PEAK,GOOD
2026-01-09 00:30:00,MOTOR_01,Spinning Motor,41.22,10.305,411.9,65.66,58.62,2.014,1486.0,2950.93,46.8,48.0,RUNNING_OPTIMAL,0,NORMAL,5.5,OFF_PEAK,GOOD
2026-01-09 00:30:00,PUMP_01,Water Pump,15.671,3.9178,415.0,24.77,47.22,1.55,1451.1,2793.7,26.72,28.0,RUNNING_OPTIMAL,0,NORMAL,5.5,OFF_PEAK,GOOD
2026-01-09 00:45:00,COMPRESSOR_01,Air Compressor,31.164,7.791,414.8,49.29,70.48,2.295,2954.8,2875.02,186.93,210.0,RUNNING_OPTIMAL,0,NORMAL,5.5,OFF_PEAK,GOOD
2026-01-09 00:45:00,HVAC_01,HVAC System,41.938,10.4845,410.2,67.08,40.87,1.713,978.2,3196.24,1180.9,1200.0,RUNNING_OPTIMAL,0,NORMAL,5.5,OFF_PEAK,GOOD
2026-01-09 00:45:00,MOTOR_01,Spinning Motor,39.728,9.932,412.4,63.2,58.32,1.814,1480.3,2951.18,48.91,48.0,RUNNING_OPTIMAL,0,NORMAL,5.5,OFF_PEAK,GOOD
2026-01-09 00:45:00,PUMP_01,Water Pump,16.572,4.143,415.8,26.15,49.28,1.518,1451.2,2793.95,28.88,28.0,RUNNING_OPTIMAL,0,NORMAL,5.5,OFF_PEAK,GOOD
2026-01-09 01:00:00,COMPRESSOR_01,Air Compressor,35.134,8.7835,418.1,55.13,72.14,2.389,2950.0,2875.27,214.34,210.0,RUNNING_OPTIMAL,0,NORMAL,5.5,OFF_PEAK,GOOD
2026-01-09 01:00:00,HVAC_01,HVAC System,40.362,10.0905,412.2,64.24,40.67,1.848,981.7,3196.49,1170.07,1200.0,RUNNING_OPTIMAL,0,NORMAL,5.5,OFF_PEAK,GOOD
2026-01-09 01:00:00,MOTOR_01,Spinning Motor,38.131,9.5328,417.6,59.91,56.88,2.017,1477.1,2951.43,46.55,48.0,RUNNING_OPTIMAL,0,NORMAL,5.5,OFF_PEAK,GOOD
2026-01-09 01:00:00,PUMP_01,Water Pump,16.061,4.0152,414.6,25.42,48.36,1.552,1445.6,2794.2,30.78,28.0,RUNNING_OPTIMAL,0,NORMAL,5.5,OFF_PEAK,GOOD
2026-01-09 01:15:00,COMPRESSOR_01,Air Compressor,34.211,8.5528,419.5,53.5,72.27,2.371,2945.2,2875.52,223.33,210.0,RUNNING_OPTIMAL,0,NORMAL,5.5,OFF_PEAK,GOOD
2026-01-09 01:15:00,HVAC_01,HVAC System,43.456,10.864,417.7,68.26,40.57,1.738,980.0,3196.74,1227.48,1200.0,RUNNING_OPTIMAL,0,NORMAL,5.5,OFF_PEAK,GOOD
2026-01-09 01:15:00,MOTOR_01,Spinning Motor,42.283,10.5708,421.2,65.86,58.04,2.018,1486.5,2951.68,49.19,48.0,RUNNING_OPTIMAL,0,NORMAL,5.5,OFF_PEAK,GOOD
2026-01-09 01:15:00,PUMP_01,Water Pump,16.835,4.2088,414.1,26.67,47.78,1.566,1440.0,2794.45,28.95,28.0,RUNNING_OPTIMAL,0,NORMAL,5.5,OFF_PEAK,GOOD
2026-01-09 01:30:00,COMPRESSOR_01,Air Compressor,32.659,8.1648,418.1,51.25,69.41,2.344,2948.5,2875.77,209.45,210.0,RUNNING_OPTIMAL,0,NORMAL,5.5,OFF_PEAK,GOOD
2026-01-09 01:30:00,HVAC_01,HVAC System,43.532,10.883,417.7,68.38,41.28,1.859,977.5,3196.99,1241.38,1200.0,RUNNING_OPTIMAL,0,NORMAL,5.5,OFF_PEAK,GOOD
2026-01-09 01:30:00,MOTOR_01,Spinning Motor,39.098,9.7745,416.0,61.66,56.99,1.882,1484.5,2951.93,46.64,48.0,RUNNING_OPTIMAL,0,NORMAL,5.5,OFF_PEAK,GOOD
2026-01-09 01:30:00,PUMP_01,Water Pump,15.227,3.8068,418.9,23.85,47.82,1.632,1451.2,2794.7,26.3,28.0,RUNNING_OPTIMAL,0,NORMAL,5.5,OFF_PEAK,GOOD
2026-01-09 01:45:00,COMPRESSOR_01,Air Compressor,35.871,8.9678,419.5,56.1,70.89,2.579,2942.0,2876.02,219.32,210.0,RUNNING_OPTIMAL,0,NORMAL,5.5,OFF_PEAK,GOOD
2026-01-09 01:45:00,HVAC_01,HVAC System,42.855,10.7137,416.7,67.47,41.09,1.702,979.1,3197.24,1213.19,1200.0,RUNNING_OPTIMAL,0,NORMAL,5.5,OFF_PEAK,GOOD
2026-01-09 01:45:00,MOTOR_01,Spinning Motor,38.059,9.5148,414.5,60.24,57.17,1.949,1481.2,2952.18,50.34,48.0,RUNNING_OPTIMAL,0,NORMAL,5.5,OFF_PEAK,GOOD
2026-01-09 01:45:00,PUMP_01,Water Pump,17.449,4.3623,417.1,27.45,47.85,1.343,1443.7,2794.95,29.8,28.0,RUNNING_OPTIMAL,0,NORMAL,5.5,OFF_PEAK,GOOD
2026-01-09 02:00:00,COMPRESSOR_01,Air Compressor,33.523,8.3808,418.8,52.52,70.54,2.305,2949.1,2876.27,207.62,210.0,RUNNING_OPTIMAL,0,NORMAL,5.5,OFF_PEAK,GOOD
2026-01-09 02:00:00,HVAC_01,HVAC System,42.323,10.5808,416.1,66.73,40.14,1.739,979.6,3197.49,1201.27,1200.0,RUNNING_OPTIMAL,0,NORMAL,5.5,OFF_PEAK,GOOD
2026-01-09 02:00:00,MOTOR_01,Spinning Motor,40.558,10.1395,424.1,62.74,58.09,2.01,1485.9,2952.43,50.18,48.0,RUNNING_OPTIMAL,0,NORMAL,5.5,OFF_PEAK,GOOD
2026-01-09 02:00:00,PUMP_01,Water Pump,17.311,4.3278,419.9,27.05,46.35,1.63,1446.2,2795.2,30.34,28.0,RUNNING_OPTIMAL,0,NORMAL,5.5,OFF_PEAK,GOOD
2026-01-09 02:15:00,COMPRESSOR_01,Air Compressor,37.765,9.4412,417.4,59.36,71.87,2.32,2949.4,2876.52,227.54,210.0,RUNNING_OPTIMAL,0,NORMAL,5.5,OFF_PEAK,GOOD
2026-01-09 02:15:00,HVAC_01,HVAC System,47.272,11.818,419.7,73.9,40.99,1.687,974.6,3197.74,1290.81,1200.0,RUNNING_OPTIMAL,0,NORMAL,5.5,OFF_PEAK,GOOD
2026-01-09 02:15:00,MOTOR_01,Spinning Motor,41.009,10.2522,415.6,64.74,58.11,1.768,1488.4,2952.68,49.61,48.0,RUNNING_OPTIMAL,0,NORMAL,5.5,OFF_PEAK,GOOD
2026-01-09 02:15:00,PUMP_01,Water Pump,17.717,4.4292,418.9,27.75,48.24,1.535,1449.7,2795.45,28.54,28.0,RUNNING_OPTIMAL,0,NORMAL,5.5,OFF_PEAK,GOOD
2026-01-09 02:30:00,COMPRESSOR_01,Air Compressor,36.194,9.0485,416.6,57.0,71.77,2.32,2947.0,2876.77,224.8,210.0,RUNNING_OPTIMAL,0,NORMAL,5.5,OFF_PEAK,GOOD
2026-01-09 02:30:00,HVAC_01,HVAC System,44.139,11.0348,418.2,69.25,39.82,1.72,979.3,3197.99,1281.36,1200.0,RUNNING_OPTIMAL,0,NORMAL,5.5,OFF_PEAK,GOOD
2026-01-09 02:30:00,MOTOR_01,Spinning Motor,42.726,10.6815,426.0,65.8,57.63,2.039,1487.0,2952.93,51.6,48.0,RUNNING_OPTIMAL,0,NORMAL,5.5,OFF_PEAK,GOOD
2026-01-09 02:30:00,PUMP_01,Water Pump,15.518,3.8795,418.8,24.31,48.24,1.668,1444.3,2795.7,29.75,28.0,RUNNING_OPTIMAL,0,NORMAL,5.5,OFF_PEAK,GOOD
2026-01-09 02:45:00,COMPRESSOR_01,Air Compressor,36.539,9.1348,415.9,57.64,71.05,2.417,2946.9,2877.02,223.52,210.0,RUNNING_OPTIMAL,0,NORMAL,5.5,OFF_PEAK,GOOD
2026-01-09 02:45:00,HVAC_01,HVAC System,43.235,10.8088,422.8,67.09,40.85,1.739,979.9,3198.24,1233.61,1200.0,RUNNING_OPTIMAL,0,NORMAL,5.5,OFF_PEAK,GOOD
2026-01-09 02:45:00,MOTOR_01,Spinning Motor,43.861,10.9652,421.1,68.34,58.82,1.895,1490.8,2953.18,52.65,48.0,RUNNING_OPTIMAL,0,NORMAL,5.5,OFF_PEAK,GOOD
2026-01-09 02:45:00,PUMP_01,Water Pump,15.614,3.9035,420.5,24.36,47.01,1.447,1456.0,2795.95,28.76,28.0,RUNNING_OPTIMAL,0,NORMAL,5.5,OFF_PEAK,GOOD
2026-01-09 03:00:00,COMPRESSOR_01,Air Compressor,35.564,8.891,425.2,54.87,71.65,2.374,2945.1,2877.27,223.61,210.0,RUNNING_OPTIMAL,0,NORMAL,5.5,OFF_PEAK,GOOD
2026-01-09 03:00:00,HVAC_01,HVAC System,43.231,10.8078,419.9,67.55,41.39,1.726,977.2,3198.49,1224.49,1200.0,RUNNING_OPTIMAL,0,NORMAL,5.5,OFF_PEAK,GOOD
2026-01-09 03:00:00,MOTOR_01,Spinning Motor,39.752,9.938,425.0,61.37,58.18,1.998,1482.1,2953.43,49.41,48.0,RUNNING_OPTIMAL,0,NORMAL,5.5,OFF_PEAK,GOOD
2026-01-09 03:00:00,PUMP_01,Water Pump,14.904,3.726,417.3,23.43,47.85,1.497,1447.1,2796.2,28.85,28.0,RUNNING_OPTIMAL,0,NORMAL,5.5,OFF_PEAK,GOOD
2026-01-09 03:15:00,COMPRESSOR_01,Air Compressor,37.554,9.3885,418.5,58.87,71.09,2.321,2946.2,2877.52,222.35,210.0,RUNNING_OPTIMAL,0,NORMAL,5.5,OFF_PEAK,GOOD
2026-01-09 03:15:00,HVAC_01,HVAC System,47.779,11.9448,417.5,75.08,41.66,1.746,981.0,3198.74,1346.74,1200.0,RUNNING_OPTIMAL,0,NORMAL,5.5,OFF_PEAK,GOOD
2026-01-09 03:15:00,MOTOR_01,Spinning Motor,41.74,10.435,419.5,65.28,58.72,1.91,1486.3,2953.68,49.16,48.0,RUNNING_OPTIMAL,0,NORMAL,5.5,OFF_PEAK,GOOD
2026-01-09 03:15:00,PUMP_01,Water Pump,18.772,4.693,418.3,29.44,47.91,1.567,1451.8,2796.45,30.69,28.0,RUNNING_OPTIMAL,0,NORMAL,5.5,OFF_PEAK,GOOD
2026-01-09 03:30:00,COMPRESSOR_01,Air Compressor,35.619,8.9048,420.3,55.6,72.25,2.39,2944.9,2877.77,228.82,210.0,RUNNING_OPTIMAL,0,NORMAL,5.5,OFF_PEAK,GOOD
2026-01-09 03:30:00,HVAC_01,HVAC System,45.518,11.3795,423.1,70.58,41.52,1.734,977.7,3198.99,1279.66,1200.0,RUNNING_OPTIMAL,0,NORMAL,5.5,OFF_PEAK,GOOD
2026-01-09 03:30:00,MOTOR_01,Spinning Motor,43.713,10.9282,422.6,67.86,57.83,1.898,1477.0,2953.93,51.34,48.0,RUNNING_OPTIMAL,0,NORMAL,5.5,OFF_PEAK,GOOD
2026-01-09 03:30:00,PUMP_01,Water Pump,17.801,4.4502,423.2,27.6,49.07,1.601,1442.0,2796.7,31.65,28.0,RUNNING_OPTIMAL,0,NORMAL,5.5,OFF_PEAK,GOOD
2026-01-09 03:45:00,COMPRESSOR_01,Air Compressor,35.724,8.931,417.3,56.17,70.0,2.376,2936.9,2878.02,221.5,210.0,RUNNING_OPTIMAL,0,NORMAL,5.5,OFF_PEAK,GOOD
2026-01-09 03:45:00,HVAC_01,HVAC System,44.755,11.1888,426.1,68.91,40.54,1.7,978.4,3199.24,1267.54,1200.0,RUNNING_OPTIMAL,0,NORMAL,5.5,OFF_PEAK,GOOD
2026-01-09 03:45:00,MOTOR_01,Spinning Motor,42.433,10.6082,427.0,65.2,58.39,2.014,1484.0,2954.18,50.99,48.0,RUNNING_OPTIMAL,0,NORMAL,5.5,OFF_PEAK,GOOD
2026-01-09 03:45:00,PUMP_01,Water Pump,16.485,4.1212,420.4,25.73,47.32,1.654,1445.8,2796.95,28.78,28.0,RUNNING_OPTIMAL,0,NORMAL,5.5,OFF_PEAK,GOOD
2026-01-09 04:00:00,COMPRESSOR_01,Air Compressor,36.046,9.0115,419.6,56.36,70.77,2.5,2943.8,2878.27,219.18,210.0,RUNNING_OPTIMAL,0,NORMAL,5.5,OFF_PEAK,GOOD
2026-01-09 04:00:00,HVAC_01,HVAC System,46.214,11.5535,420.4,72.12,42.03,1.753,974.9,3199.49,1274.78,1200.0,RUNNING_OPTIMAL,0,NORMAL,5.5,OFF_PEAK,GOOD
2026-01-09 04:00:00,MOTOR_01,Spinning Motor,43.853,10.9632,420.1,68.49,58.34,1.984,1483.9,2954.43,52.06,48.0,RUNNING_OPTIMAL,0,NORMAL,5.5,OFF_PEAK,GOOD
2026-01-09 04:00:00,PUMP_01,Water Pump,16.26,4.065,422.2,25.27,48.78,1.671,1445.5,2797.2,28.84,28.0,RUNNING_OPTIMAL,0,NORMAL,5.5,OFF_PEAK,GOOD
2026-01-09 04:15:00,COMPRESSOR_01,Air Compressor,34.441,8.6102,419.2,53.9,71.57,2.496,2948.2,2878.52,213.53,210.0,RUNNING_OPTIMAL,0,NORMAL,5.5,OFF_PEAK,GOOD
2026-01-09 04:15:00,HVAC_01,HVAC System,46.193,11.5482,420.3,72.11,42.72,1.863,978.8,3199.74,1332.62,1200.0,RUNNING_OPTIMAL,0,NORMAL,5.5,OFF_PEAK,GOOD
2026-01-09 04:15:00,MOTOR_01,Spinning Motor,40.755,10.1888,423.1,63.2,58.99,1.889,1477.7,2954.68,52.49,48.0,RUNNING_OPTIMAL,0,NORMAL,5.5,OFF_PEAK,GOOD
2026-01-09 04:15:00,PUMP_01,Water Pump,18.305,4.5762,425.2,28.24,47.95,1.534,1445.3,2797.45,32.56,28.0,RUNNING_OPTIMAL,0,NORMAL,5.5,OFF_PEAK,GOOD
2026-01-09 04:30:00,COMPRESSOR_01,Air Compressor,36.668,9.167,423.9,56.75,71.74,2.293,2939.4,2878.77,232.71,210.0,RUNNING_OPTIMAL,0,NORMAL,5.5,OFF_PEAK,GOOD
2026-01-09 04:30:00,HVAC_01,HVAC System,43.523,10.8808,422.2,67.63,41.58,1.678,973.6,3199.99,1263.77,1200.0,RUNNING_OPTIMAL,0,NORMAL,5.5,OFF_PEAK,GOOD
2026-01-09 04:30:00,MOTOR_01,Spinning Motor,41.998,10.4995,418.8,65.79,58.27,1.886,1476.6,2954.93,51.59,48.0,RUNNING_OPTIMAL,0,NORMAL,5.5,OFF_PEAK,GOOD
2026-01-09 04:30:00,PUMP_01,Water Pump,16.4,4.1,420.2,25.61,49.12,1.499,1447.2,2797.7,30.19,28.0,RUNNING_OPTIMAL,0,NORMAL,5.5,OFF_PEAK,GOOD
2026-01-09 04:45:00,COMPRESSOR_01,Air Compressor,38.153,9.5382,422.4,59.26,72.46,2.518,2944.5,2879.02,230.36,210.0,RUNNING_OPTIMAL,0,NORMAL,5.5,OFF_PEAK,GOOD
2026-01-09 04:45:00,HVAC_01,HVAC System,44.061,11.0152,420.1,68.81,42.25,1.806,982.6,3200.24,1284.36,1200.0,RUNNING_OPTIMAL,0,NORMAL,5.5,OFF_PEAK,GOOD
2026-01-09 04:45:00,MOTOR_01,Spinning Motor,41.826,10.4565,421.3,65.13,59.68,1.844,1486.0,2955.18,52.44,48.0,RUNNING_OPTIMAL,0,NORMAL,5.5,OFF_PEAK,GOOD
2026-01-09 04:45:00,PUMP_01,Water Pump,17.936,4.484,424.3,27.73,49.12,1.599,1449.1,2797.95,29.99,28.0,RUNNING_OPTIMAL,0,NORMAL,5.5,OFF_PEAK,GOOD
2026-01-09 05:00:00,COMPRESSOR_01,Air Compressor,36.718,9.1795,424.9,56.7,73.75,2.387,2952.0,2879.27,218.92,210.0,RUNNING_OPTIMAL,0,NORMAL,5.5,OFF_PEAK,GOOD
2026-01-09 05:00:00,HVAC_01,HVAC System,47.834,11.9585,423.3,74.14,43.6,1.709,979.2,3200.49,1325.18,1200.0,RUNNING_OPTIMAL,0,NORMAL,5.5,OFF_PEAK,GOOD
2026-01-09 05:00:00,MOTOR_01,Spinning Motor,44.574,11.1435,422.8,69.17,60.35,1.871,1477.8,2955.43,50.78,48.0,RUNNING_OPTIMAL,0,NORMAL,5.5,OFF_PEAK,GOOD
2026-01-09 05:00:00,PUMP_01,Water Pump,16.996,4.249,426.2,26.16,50.29,1.677,1443.3,2798.2,31.12,28.0,RUNNING_OPTIMAL,0,NORMAL,5.5,OFF_PEAK,GOOD
2026-01-09 05:15:00,COMPRESSOR_01,Air Compressor,32.956,8.239,426.0,50.76,71.3,2.503,2942.7,2879.52,221.92,210.0,RUNNING_OPTIMAL,0,NORMAL,5.5,OFF_PEAK,GOOD
2026-01-09 05:15:00,HVAC_01,HVAC System,46.133,11.5332,422.4,71.65,41.59,1.849,981.7,3200.74,1293.25,1200.0,RUNNING_OPTIMAL,0,NORMAL,5.5,OFF_PEAK,GOOD
2026-01-09 05:15:00,MOTOR_01,Spinning Motor,40.181,10.0452,419.1,62.9,58.63,2.04,1475.8,2955.68,50.23,48.0,RUNNING_OPTIMAL,0,NORMAL,5.5,OFF_PEAK,GOOD
2026-01-09 05:15:00,PUMP_01,Water Pump,17.079,4.2698,420.9,26.62,49.75,1.416,1451.7,2798.45,30.42,28.0,RUNNING_OPTIMAL,0,NORMAL,5.5,OFF_PEAK,GOOD
2026-01-09 05:30:00,COMPRESSOR_01,Air Compressor,36.205,9.0512,421.0,56.42,72.69,2.474,2940.4,2879.77,233.78,210.0,RUNNING_OPTIMAL,0,NORMAL,5.5,OFF_PEAK,GOOD
2026-01-09 05:30:00,HVAC_01,HVAC System,47.787,11.9468,418.7,74.88,44.53,1.65,977.2,3200.99,1355.13,1200.0,RUNNING_OPTIMAL,0,NORMAL,5.5,OFF_PEAK,GOOD
2026-01-09 05:30:00,MOTOR_01,Spinning Motor,45.512,11.378,421.3,70.87,59.79,1.921,1478.7,2955.93,53.91,48.0,RUNNING_OPTIMAL,0,NORMAL,5.5,OFF_PEAK,GOOD
2026-01-09 05:30:00,PUMP_01,Water Pump,17.396,4.349,418.9,27.25,48.74,1.462,1460.5,2798.7,27.05,28.0,RUNNING_OPTIMAL,0,NORMAL,5.5,OFF_PEAK,GOOD
2026-01-09 05:45:00,COMPRESSOR_01,Air Compressor,36.743,9.1858,424.2,56.83,72.77,2.57,2940.7,2880.02,231.33,210.0,RUNNING_OPTIMAL,0,NORMAL,5.5,OFF_PEAK,GOOD
2026-01-09 05:45:00,HVAC_01,HVAC System,45.106,11.2765,422.2,70.09,43.1,1.608,982.0,3201.24,1289.28,1200.0,RUNNING_OPTIMAL,0,NORMAL,5.5,OFF_PEAK,GOOD
2026-01-09 05:45:00,MOTOR_01,Spinning Motor,42.997,10.7492,425.0,66.38,59.33,1.826,1476.3,2956.18,51.63,48.0,RUNNING_OPTIMAL,0,NORMAL,5.5,OFF_PEAK,GOOD
2026-01-09 05:45:00,PUMP_01,Water Pump,16.528,4.132,421.9,25.7,48.25,1.534,1441.7,2798.95,28.47,28.0,RUNNING_OPTIMAL,0,NORMAL,5.5,OFF_PEAK,GOOD
2026-01-09 06:00:00,COMPRESSOR_01,Air Compressor,35.184,8.796,418.8,55.12,73.52,2.37,2952.7,2880.27,228.26,210.0,RUNNING_OPTIMAL,0,NORMAL,7.5,NORMAL,GOOD
2026-01-09 06:00:00,HVAC_01,HVAC System,44.861,11.2152,426.5,69.01,43.84,1.736,975.7,3201.49,1263.02,1200.0,RUNNING_OPTIMAL,0,NORMAL,7.5,NORMAL,GOOD
2026-01-09 06:00:00,MOTOR_01,Spinning Motor,40.007,10.0018,422.0,62.2,61.54,2.008,1481.4,2956.43,47.91,48.0,RUNNING_OPTIMAL,0,NORMAL,7.5,NORMAL,GOOD
2026-01-09 06:00:00,PUMP_01,Water Pump,17.804,4.451,418.9,27.88,51.25,1.494,1444.8,2799.2,29.38,28.0,RUNNING_OPTIMAL,0,NORMAL,7.5,NORMAL,GOOD
2026-01-09 06:15:00,COMPRESSOR_01,Air Compressor,38.464,9.616,422.2,59.77,73.05,2.357,2943.5,2880.52,231.31,210.0,RUNNING_OPTIMAL,0,NORMAL,7.5,NORMAL,GOOD
2026-01-09 06:15:00,HVAC_01,HVAC System,46.307,11.5768,424.1,71.64,44.67,1.816,973.4,3201.74,1319.99,1200.0,RUNNING_OPTIMAL,0,NORMAL,7.5,NORMAL,GOOD
2026-01-09 06:15:00,MOTOR_01,Spinning Motor,44.249,11.0622,422.7,68.68,62.37,1.996,1476.8,2956.68,55.81,48.0,RUNNING_OPTIMAL,0,NORMAL,7.5,NORMAL,GOOD
2026-01-09 06:15:00,PUMP_01,Water Pump,15.191,3.7978,422.8,23.57,50.95,1.518,1443.9,2799.45,28.9,28.0,RUNNING_OPTIMAL,0,NORMAL,7.5,NORMAL,GOOD
2026-01-09 06:30:00,COMPRESSOR_01,Air Compressor,36.274,9.0685,423.7,56.17,73.78,2.528,2936.3,2880.77,235.09,210.0,RUNNING_OPTIMAL,0,NORMAL,7.5,NORMAL,GOOD
2026-01-09 06:30:00,HVAC_01,HVAC System,43.887,10.9718,424.1,67.89,42.69,1.678,974.4,3201.99,1262.09,1200.0,RUNNING_OPTIMAL,0,NORMAL,7.5,NORMAL,GOOD
2026-01-09 06:30:00,MOTOR_01,Spinning Motor,44.86,11.215,424.7,69.3,61.56,1.897,1485.1,2956.93,54.5,48.0,RUNNING_OPTIMAL,0,NORMAL,7.5,NORMAL,GOOD
2026-01-09 06:30:00,PUMP_01,Water Pump,16.404,4.101,426.3,25.25,50.6,1.553,1448.6,2799.7,30.54,28.0,RUNNING_OPTIMAL,0,NORMAL,7.5,NORMAL,GOOD
2026-01-09 06:45:00,COMPRESSOR_01,Air Compressor,37.256,9.314,424.4,57.59,73.64,2.576,2944.3,2881.02,236.07,210.0,RUNNING_OPTIMAL,0,NORMAL,7.5,NORMAL,GOOD
2026-01-09 06:45:00,HVAC_01,HVAC System,47.226,11.8065,421.8,73.46,43.65,1.684,978.7,3202.24,1320.83,1200.0,RUNNING_OPTIMAL,0,NORMAL,7.5,NORMAL,GOOD
2026-01-09 06:45:00,MOTOR_01,Spinning Motor,41.632,10.408,425.6,64.18,59.7,1.924,1474.6,2957.18,51.85,48.0,RUNNING_OPTIMAL,0,NORMAL,7.5,NORMAL,GOOD
2026-01-09 06:45:00,PUMP_01,Water Pump,16.98,4.245,423.7,26.29,50.01,1.403,1449.2,2799.95,31.2,28.0,RUNNING_OPTIMAL,0,NORMAL,7.5,NORMAL,GOOD
2026-01-09 07:00:00,COMPRESSOR_01,Air Compressor,36.729,9.1822,421.4,57.18,74.26,2.531,2944.4,2881.27,230.08,210.0,RUNNING_OPTIMAL,0,NORMAL,7.5,NORMAL,GOOD
2026-01-09 07:00:00,HVAC_01,HVAC System,46.901,11.7253,421.1,73.07,44.9,1.798,977.4,3202.49,1341.36,1200.0,RUNNING_OPTIMAL,0,NORMAL,7.5,NORMAL,GOOD
2026-01-09 07:00:00,MOTOR_01,Spinning Motor,40.275,10.0688,419.7,62.96,62.22,2.115,1483.3,2957.43,50.85,48.0,RUNNING_OPTIMAL,0,NORMAL,7.5,NORMAL,GOOD
2026-01-09 07:00:00,PUMP_01,Water Pump,16.653,4.1632,421.2,25.94,51.82,1.617,1444.8,2800.2,31.82,28.0,RUNNING_OPTIMAL,0,NORMAL,7.5,NORMAL,GOOD
2026-01-09 07:15:00,COMPRESSOR_01,Air Compressor,37.009,9.2522,424.1,57.25,75.96,2.422,2947.4,2881.52,229.6,210.0,RUNNING_OPTIMAL,0,NORMAL,7.5,NORMAL,GOOD
2026-01-09 07:15:00,HVAC_01,HVAC System,46.64,11.66,425.4,71.93,45.37,1.631,973.3,3202.74,1318.79,1200.0,RUNNING_OPTIMAL,0,NORMAL,7.5,NORMAL,GOOD
2026-01-09 07:15:00,MOTOR_01,Spinning Motor,43.511,10.8778,422.0,67.65,62.9,1.852,1478.5,2957.68,53.43,48.0,RUNNING_OPTIMAL,0,NORMAL,7.5,NORMAL,GOOD
2026-01-09 07:15:00,PUMP_01,Water Pump,17.683,4.4208,422.3,27.47,52.33,1.513,1448.0,2800.45,32.02,28.0,RUNNING_OPTIMAL,0,NORMAL,7.5,NORMAL,GOOD
2026-01-09 07:30:00,COMPRESSOR_01,Air Compressor,36.008,9.002,425.3,55.55,75.51,2.275,2938.7,2881.77,223.82,210.0,RUNNING_OPTIMAL,0,NORMAL,7.5,NORMAL,GOOD
2026-01-09 07:30:00,HVAC_01,HVAC System,46.432,11.608,423.1,72.0,45.66,1.752,973.1,3202.99,1314.17,1200.0,RUNNING_OPTIMAL,0,NORMAL,7.5,NORMAL,GOOD
2026-01-09 07:30:00,MOTOR_01,Spinning Motor,45.01,11.2525,422.6,69.88,60.49,2.017,1478.7,2957.93,55.49,48.0,RUNNING_OPTIMAL,0,NORMAL,7.5,NORMAL,GOOD
2026-01-09 07:30:00,PUMP_01,Water Pump,17.261,4.3152,422.4,26.81,51.66,1.484,1442.3,2800.7,30.76,28.0,RUNNING_OPTIMAL,0,NORMAL,7.5,NORMAL,GOOD
2026-01-09 07:45:00,COMPRESSOR_01,Air Compressor,37.006,9.2515,420.8,57.7,75.01,2.409,2943.4,2882.02,228.98,210.0,RUNNING_OPTIMAL,0,NORMAL,7.5,NORMAL,GOOD
2026-01-09 07:45:00,HVAC_01,HVAC System,44.549,11.1372,422.5,69.18,44.18,1.749,976.7,3203.24,1269.52,1200.0,RUNNING_OPTIMAL,0,NORMAL,7.5,NORMAL,GOOD
2026-01-09 07:45:00,MOTOR_01,Spinning Motor,44.11,11.0275,422.7,68.46,61.45,1.93,1478.7,2958.18,54.07,48.0,RUNNING_OPTIMAL,0,NORMAL,7.5,NORMAL,GOOD
2026-01-09 07:45:00,PUMP_01,Water Pump,17.094,4.2735,421.1,26.63,52.63,1.42,1453.1,2800.95,30.05,28.0,RUNNING_OPTIMAL,0,NORMAL,7.5,NORMAL,GOOD
2026-01-09 08:00:00,COMPRESSOR_01,Air Compressor,36.152,9.038,421.9,56.22,76.05,2.332,2943.1,2882.27,227.69,210.0,RUNNING_OPTIMAL,0,NORMAL,7.5,NORMAL,GOOD
2026-01-09 08:00:00,HVAC_01,HVAC System,46.351,11.5878,422.8,71.93,46.46,1.842,978.2,3203.49,1309.85,1200.0,RUNNING_OPTIMAL,0,NORMAL,7.5,NORMAL,GOOD
2026-01-09 08:00:00,MOTOR_01,Spinning Motor,42.199,10.5498,423.3,65.4,62.78,2.114,1484.3,2958.43,52.17,48.0,RUNNING_OPTIMAL,0,NORMAL,7.5,NORMAL,GOOD
2026-01-09 08:00:00,PUMP_01,Water Pump,17.579,4.3948,421.3,27.38,55.03,1.618,1443.8,2801.2,31.29,28.0,RUNNING_OPTIMAL,0,NORMAL,7.5,NORMAL,GOOD
2026-01-09 08:15:00,COMPRESSOR_01,Air Compressor,36.377,9.0942,423.2,56.39,75.35,2.611,2939.3,2882.52,227.99,210.0,RUNNING_OPTIMAL,0,NORMAL,7.5,NORMAL,GOOD
2026-01-09 08:15:00,HVAC_01,HVAC System,44.392,11.098,422.3,68.97,46.29,1.818,980.0,3203.74,1230.22,1200.0,RUNNING_OPTIMAL,0,NORMAL,7.5,NORMAL,GOOD
2026-01-09 08:15:00,MOTOR_01,Spinning Motor,43.25,10.8125,425.4,66.7,63.78,2.0,1482.9,2958.68,52.37,48.0,RUNNING_OPTIMAL,0,NORMAL,7.5,NORMAL,GOOD
2026-01-09 08:15:00,PUMP_01,Water Pump,16.349,4.0872,424.6,25.26,52.13,1.436,1437.5,2801.45,30.54,28.0,RUNNING_OPTIMAL,0,NORMAL,7.5,NORMAL,GOOD
2026-01-09 08:30:00,COMPRESSOR_01,Air Compressor,36.901,9.2253,424.6,57.02,76.49,2.407,2941.7,2882.77,228.74,210.0,RUNNING_OPTIMAL,0,NORMAL,7.5,NORMAL,GOOD
2026-01-09 08:30:00,HVAC_01,HVAC System,45.001,11.2502,425.3,69.42,46.59,1.646,970.8,3203.99,1305.62,1200.0,RUNNING_OPTIMAL,0,NORMAL,7.5,NORMAL,GOOD
2026-01-09 08:30:00,MOTOR_01,Spinning Motor,40.391,10.0978,420.9,62.96,62.01,1.804,1483.3,2958.93,51.09,48.0,RUNNING_OPTIMAL,0,NORMAL,7.5,NORMAL,GOOD
2026-01-09 08:30:00,PUMP_01,Water Pump,17.867,4.4668,426.6,27.48,52.78,1.461,1454.9,2801.7,28.29,28.0,RUNNING_OPTIMAL,0,NORMAL,7.5,NORMAL,GOOD
2026-01-09 08:45:00,COMPRESSOR_01,Air Compressor,36.035,9.0087,423.4,55.84,76.86,2.524,2948.5,2883.02,224.27,210.0,RUNNING_OPTIMAL,0,NORMAL,7.5,NORMAL,GOOD
2026-01-09 08:45:00,HVAC_01,HVAC System,46.212,11.553,421.5,71.93,46.91,1.581,978.2,3204.24,1296.82,1200.0,RUNNING_OPTIMAL,0,NORMAL,7.5,NORMAL,GOOD
2026-01-09 08:45:00,MOTOR_01,Spinning Motor,43.956,10.989,422.3,68.29,62.7,1.997,1479.8,2959.18,51.83,48.0,RUNNING_OPTIMAL,0,NORMAL,7.5,NORMAL,GOOD
2026-01-09 08:45:00,PUMP_01,Water Pump,15.77,3.9425,424.3,24.38,52.88,1.641,1454.8,2801.95,30.86,28.0,RUNNING_OPTIMAL,0,NORMAL,7.5,NORMAL,GOOD
2026-01-09 09:00:00,COMPRESSOR_01,Air Compressor,34.781,8.6952,420.3,54.29,76.43,2.416,2950.7,2883.27,218.2,210.0,RUNNING_OPTIMAL,0,NORMAL,7.5,NORMAL,GOOD
2026-01-09 09:00:00,HVAC_01,HVAC System,44.127,11.0318,422.3,68.56,48.04,1.693,979.7,3204.49,1258.36,1200.0,RUNNING_OPTIMAL,0,NORMAL,7.5,NORMAL,GOOD
2026-01-09 09:00:00,MOTOR_01,Spinning Motor,41.837,10.4593,419.7,65.4,64.64,1.936,1490.4,2959.43,51.65,48.0,RUNNING_OPTIMAL,0,NORMAL,7.5,NORMAL,GOOD
2026-01-09 09:00:00,PUMP_01,Water Pump,16.229,4.0572,419.3,25.39,53.93,1.56,1446.0,2802.2,29.75,28.0,RUNNING_OPTIMAL,0,NORMAL,7.5,NORMAL,GOOD
2026-01-09 09:15:00,COMPRESSOR_01,Air Compressor,35.296,8.824,422.3,54.84,77.35,2.46,2940.8,2883.52,226.43,210.0,RUNNING_OPTIMAL,0,NORMAL,7.5,NORMAL,GOOD
2026-01-09 09:15:00,HVAC_01,HVAC System,45.343,11.3358,416.4,71.44,47.54,1.698,982.3,3204.74,1261.94,1200.0,RUNNING_OPTIMAL,0,NORMAL,7.5,NORMAL,GOOD
2026-01-09 09:15:00,MOTOR_01,Spinning Motor,44.386,11.0965,422.9,68.86,64.77,1.897,1480.2,2959.68,55.05,48.0,RUNNING_OPTIMAL,0,NORMAL,7.5,NORMAL,GOOD
2026-01-09 09:15:00,PUMP_01,Water Pump,17.131,4.2828,417.6,26.91,54.7,1.429,1442.2,2802.45,29.75,28.0,RUNNING_OPTIMAL,0,NORMAL,7.5,NORMAL,GOOD
2026-01-09 09:30:00,COMPRESSOR_01,Air Compressor,33.348,8.337,419.7,52.13,77.82,2.434,2944.9,2883.77,217.51,210.0,RUNNING_OPTIMAL,0,NORMAL,7.5,NORMAL,GOOD
2026-01-09 09:30:00,HVAC_01,HVAC System,45.517,11.3793,421.4,70.87,47.45,1.837,979.2,3204.99,1286.07,1200.0,RUNNING_OPTIMAL,0,NORMAL,7.5,NORMAL,GOOD
2026-01-09 09:30:00,MOTOR_01,Spinning Motor,43.96,10.99,417.0,69.16,65.07,2.019,1478.0,2959.93,51.19,48.0,RUNNING_OPTIMAL,0,NORMAL,7.5,NORMAL,GOOD
2026-01-09 09:30:00,PUMP_01,Water Pump,16.84,4.21,419.6,26.33,53.56,1.468,1443.4,2802.7,29.06,28.0,RUNNING_OPTIMAL,0,NORMAL,7.5,NORMAL,GOOD
2026-01-09 09:45:00,COMPRESSOR_01,Air Compressor,34.859,8.7148,420.7,54.36,77.22,2.285,2943.3,2884.02,223.27,210.0,RUNNING_OPTIMAL,0,NORMAL,7.5,NORMAL,GOOD
2026-01-09 09:45:00,HVAC_01,HVAC System,43.59,10.8975,423.7,67.5,47.43,1.709,979.3,3205.24,1269.7,1200.0,RUNNING_OPTIMAL,0,NORMAL,7.5,NORMAL,GOOD
2026-01-09 09:45:00,MOTOR_01,Spinning Motor,43.582,10.8955,418.4,68.34,64.41,2.001,1487.6,2960.18,53.37,48.0,RUNNING_OPTIMAL,0,NORMAL,7.5,NORMAL,GOOD
2026-01-09 09:45:00,PUMP_01,Water Pump,17.734,4.4335,416.6,27.93,54.31,1.45,1441.0,2802.95,28.9,28.0,RUNNING_OPTIMAL,0,NORMAL,7.5,NORMAL,GOOD
2026-01-09 10:00:00,COMPRESSOR_01,Air Compressor,33.879,8.4698,420.1,52.91,77.64,2.401,2952.7,2884.27,216.75,210.0,RUNNING_OPTIMAL,0,NORMAL,7.5,NORMAL,GOOD
2026-01-09 10:00:00,HVAC_01,HVAC System,44.387,11.0968,420.0,69.34,49.68,1.651,975.4,3205.49,1291.98,1200.0,RUNNING_OPTIMAL,0,NORMAL,7.5,NORMAL,GOOD
2026-01-09 10:00:00,MOTOR_01,Spinning Motor,52.991400000000006,13.2479,417.6,83.25,83.1,5.814,1385.1,2960.43,48.88,48.0,RUNNING_DEGRADED,1,COMBINED_HEALTH_ANOMALY,7.5,NORMAL,NEEDS_INSPECTION
2026-01-09 10:00:00,PUMP_01,Water Pump,16.594,4.1485,421.2,25.85,54.42,1.421,1450.0,2803.2,29.06,28.0,RUNNING_OPTIMAL,0,NORMAL,7.5,NORMAL,GOOD
2026-01-09 10:15:00,COMPRESSOR_01,Air Compressor,33.393,8.3482,421.8,51.94,79.08,2.356,2953.1,2884.52,209.79,210.0,RUNNING_OPTIMAL,0,NORMAL,7.5,NORMAL,GOOD
2026-01-09 10:15:00,HVAC_01,HVAC System,44.006,11.0015,415.0,69.57,48.01,1.592,980.2,3205.74,1255.48,1200.0,RUNNING_OPTIMAL,0,NORMAL,7.5,NORMAL,GOOD
2026-01-09 10:15:00,MOTOR_01,Spinning Motor,53.85072,13.4627,416.3,84.87,84.16,5.849,1389.0,2960.68,48.34,48.0,RUNNING_DEGRADED,1,COMBINED_HEALTH_ANOMALY,7.5,NORMAL,NEEDS_INSPECTION
2026-01-09 10:15:00,PUMP_01,Water Pump,14.474,3.6185,420.5,22.58,53.62,1.393,1451.4,2803.45,27.41,28.0,RUNNING_OPTIMAL,0,NORMAL,7.5,NORMAL,GOOD
2026-01-09 10:30:00,COMPRESSOR_01,Air Compressor,33.761,8.4402,418.4,52.94,77.41,2.464,2950.8,2884.77,215.53,210.0,RUNNING_OPTIMAL,0,NORMAL,7.5,NORMAL,GOOD
2026-01-09 10:30:00,HVAC_01,HVAC System,44.554,11.1385,420.4,69.53,48.84,1.798,979.8,3205.99,1270.15,1200.0,RUNNING_OPTIMAL,0,NORMAL,7.5,NORMAL,GOOD
2026-01-09 10:30:00,MOTOR_01,Spinning Motor,57.51372,14.3784,424.5,88.89,83.83,5.761,1388.8,2960.93,55.43,48.0,RUNNING_DEGRADED,1,COMBINED_HEALTH_ANOMALY,7.5,NORMAL,NEEDS_INSPECTION
2026-01-09 10:30:00,PUMP_01,Water Pump,17.066,4.2665,425.8,26.3,54.71,1.575,1442.8,2803.7,29.36,28.0,RUNNING_OPTIMAL,0,NORMAL,7.5,NORMAL,GOOD
2026-01-09 10:45:00,COMPRESSOR_01,Air Compressor,35.412,8.853,417.6,55.63,77.83,2.37,2946.0,2885.02,215.27,210.0,RUNNING_OPTIMAL,0,NORMAL,7.5,NORMAL,GOOD
2026-01-09 10:45:00,HVAC_01,HVAC System,46.231,11.5578,417.9,72.58,48.69,1.729,978.5,3206.24,1263.68,1200.0,RUNNING_OPTIMAL,0,NORMAL,7.5,NORMAL,GOOD
2026-01-09 10:45:00,MOTOR_01,Spinning Motor,55.66836000000001,13.9171,418.1,87.35,84.16,5.637,1389.5,2961.18,49.61,48.0,RUNNING_DEGRADED,1,COMBINED_HEALTH_ANOMALY,7.5,NORMAL,NEEDS_INSPECTION
2026-01-09 10:45:00,PUMP_01,Water Pump,16.609,4.1523,421.3,25.86,56.72,1.618,1446.9,2803.95,31.49,28.0,RUNNING_OPTIMAL,0,NORMAL,7.5,NORMAL,GOOD
2026-01-09 11:00:00,COMPRESSOR_01,Air Compressor,34.198,8.5495,417.1,53.79,77.69,2.211,2944.6,2885.27,208.75,210.0,RUNNING_OPTIMAL,0,NORMAL,7.5,NORMAL,GOOD
2026-01-09 11:00:00,HVAC_01,HVAC System,43.987,10.9968,418.2,69.01,49.79,1.787,977.2,3206.49,1234.43,1200.0,RUNNING_OPTIMAL,0,NORMAL,7.5,NORMAL,GOOD
2026-01-09 11:00:00,MOTOR_01,Spinning Motor,52.114920000000005,13.0287,416.5,82.09,85.48,5.643,1386.2,2961.43,50.22,48.0,RUNNING_DEGRADED,1,COMBINED_HEALTH_ANOMALY,7.5,NORMAL,NEEDS_INSPECTION
2026-01-09 11:00:00,PUMP_01,Water Pump,15.437,3.8592,419.9,24.12,55.99,1.512,1453.1,2804.2,26.73,28.0,RUNNING_OPTIMAL,0,NORMAL,7.5,NORMAL,GOOD
2026-01-09 11:15:00,COMPRESSOR_01,Air Compressor,35.227,8.8067,418.6,55.21,79.27,2.466,2946.3,2885.52,218.7,210.0,RUNNING_OPTIMAL,0,NORMAL,7.5,NORMAL,GOOD
2026-01-09 11:15:00,HVAC_01,HVAC System,41.551,10.3878,417.3,65.33,48.26,1.601,986.2,3206.74,1203.26,1200.0,RUNNING_OPTIMAL,0,NORMAL,7.5,NORMAL,GOOD
2026-01-09 11:15:00,MOTOR_01,Spinning Motor,52.48452,13.1211,415.6,82.85,85.19,5.707,1387.1,2961.68,50.84,48.0,RUNNING_DEGRADED,1,COMBINED_HEALTH_ANOMALY,7.5,NORMAL,NEEDS_INSPECTION
2026-01-09 11:15:00,PUMP_01,Water Pump,17.009,4.2522,418.7,26.65,57.31,1.596,1447.7,2804.45,28.58,28.0,RUNNING_OPTIMAL,0,NORMAL,7.5,NORMAL,GOOD
2026-01-09 11:30:00,COMPRESSOR_01,Air Compressor,33.125,8.2812,416.8,52.14,79.77,2.336,2945.2,2885.77,209.56,210.0,RUNNING_OPTIMAL,0,NORMAL,7.5,NORMAL,GOOD
2026-01-09 11:30:00,HVAC_01,HVAC System,45.337,11.3343,421.5,70.57,50.61,1.694,978.8,3206.99,1306.28,1200.0,RUNNING_OPTIMAL,0,NORMAL,7.5,NORMAL,GOOD
2026-01-09 11:30:00,MOTOR_01,Spinning Motor,55.8954,13.9738,419.1,87.5,84.27,5.7459999999999996,1381.0,2961.93,48.82,48.0,RUNNING_DEGRADED,1,COMBINED_HEALTH_ANOMALY,7.5,NORMAL,NEEDS_INSPECTION
2026-01-09 11:30:00,PUMP_01,Water Pump,16.572,4.143,417.7,26.03,55.61,1.398,1452.0,2804.7,28.72,28.0,RUNNING_OPTIMAL,0,NORMAL,7.5,NORMAL,GOOD
2026-01-09 11:45:00,COMPRESSOR_01,Air Compressor,36.074,9.0185,414.1,57.15,79.27,2.268,2950.1,2886.02,216.45,210.0,RUNNING_OPTIMAL,0,NORMAL,7.5,NORMAL,GOOD
2026-01-09 11:45:00,HVAC_01,HVAC System,44.122,11.0305,417.2,69.39,50.42,1.635,981.7,3207.24,1268.21,1200.0,RUNNING_OPTIMAL,0,NORMAL,7.5,NORMAL,GOOD
2026-01-09 11:45:00,MOTOR_01,Spinning Motor,53.116800000000005,13.2792,415.6,83.85,83.26,5.6049999999999995,1386.1,2962.18,51.39,48.0,RUNNING_DEGRADED,1,COMBINED_HEALTH_ANOMALY,7.5,NORMAL,NEEDS_INSPECTION
2026-01-09 11:45:00,PUMP_01,Water Pump,15.627,3.9068,416.3,24.63,56.3,1.447,1447.8,2804.95,29.8,28.0,RUNNING_OPTIMAL,0,NORMAL,7.5,NORMAL,GOOD
2026-01-09 12:00:00,COMPRESSOR_01,Air Compressor,35.892,8.973,418.3,56.29,79.99,2.435,2944.6,2886.27,223.94,210.0,RUNNING_OPTIMAL,0,NORMAL,7.5,NORMAL,GOOD
2026-01-09 12:00:00,HVAC_01,HVAC System,42.924,10.731,416.8,67.57,50.21,1.734,982.7,3207.49,1215.32,1200.0,RUNNING_OPTIMAL,0,NORMAL,7.5,NORMAL,GOOD
2026-01-09 12:00:00,MOTOR_01,Spinning Motor,54.42492000000001,13.6062,414.6,86.12,84.52,5.602,1390.8,2962.43,50.9,48.0,RUNNING_DEGRADED,1,COMBINED_HEALTH_ANOMALY,7.5,NORMAL,NEEDS_INSPECTION
2026-01-09 12:00:00,PUMP_01,Water Pump,17.475,4.3688,413.7,27.71,55.89,1.414,1446.7,2805.2,28.29,28.0,RUNNING_OPTIMAL,0,NORMAL,7.5,NORMAL,GOOD
2026-01-09 12:15:00,COMPRESSOR_01,Air Compressor,33.45,8.3625,413.9,53.02,80.89,2.428,2947.3,2886.52,215.84,210.0,RUNNING_OPTIMAL,0,NORMAL,7.5,NORMAL,GOOD
2026-01-09 12:15:00,HVAC_01,HVAC System,39.518,9.8795,416.7,62.22,49.38,1.552,982.2,3207.74,1148.31,1200.0,RUNNING_OPTIMAL,0,NORMAL,7.5,NORMAL,GOOD
2026-01-09 12:15:00,MOTOR_01,Spinning Motor,51.1302,12.7826,411.5,81.52,84.58,5.763999999999999,1390.7,2962.68,47.57,48.0,RUNNING_DEGRADED,1,COMBINED_HEALTH_ANOMALY,7.5,NORMAL,NEEDS_INSPECTION
2026-01-09 12:15:00,PUMP_01,Water Pump,15.271,3.8178,413.3,24.24,56.58,1.548,1449.8,2805.45,28.45,28.0,RUNNING_OPTIMAL,0,NORMAL,7.5,NORMAL,GOOD
2026-01-09 12:30:00,COMPRESSOR_01,Air Compressor,33.975,8.4938,413.6,53.89,79.93,2.256,2941.6,2886.77,204.53,210.0,RUNNING_OPTIMAL,0,NORMAL,7.5,NORMAL,GOOD
2026-01-09 12:30:00,HVAC_01,HVAC System,41.281,10.3202,411.8,65.77,50.41,1.73,976.2,3207.99,1175.29,1200.0,RUNNING_OPTIMAL,0,NORMAL,7.5,NORMAL,GOOD
2026-01-09 12:30:00,MOTOR_01,Spinning Motor,52.7802,13.195,416.1,83.22,84.26,5.837999999999999,1388.1,2962.93,48.45,48.0,RUNNING_DEGRADED,1,COMBINED_HEALTH_ANOMALY,7.5,NORMAL,NEEDS_INSPECTION
2026-01-09 12:30:00,PUMP_01,Water Pump,14.973,3.7432,415.4,23.65,57.1,1.549,1451.4,2805.7,29.25,28.0,RUNNING_OPTIMAL,0,NORMAL,7.5,NORMAL,GOOD
2026-01-09 12:45:00,COMPRESSOR_01,Air Compressor,35.374,8.8435,417.1,55.64,80.95,2.486,2940.8,2887.02,220.94,210.0,RUNNING_OPTIMAL,0,NORMAL,7.5,NORMAL,GOOD
2026-01-09 12:45:00,HVAC_01,HVAC System,44.71,11.1775,415.0,70.68,50.19,1.689,976.7,3208.24,1273.98,1200.0,RUNNING_OPTIMAL,0,NORMAL,7.5,NORMAL,GOOD
2026-01-09 12:45:00,MOTOR_01,Spinning Motor,55.26576000000001,13.8164,412.7,87.86,86.9,5.678,1387.6,2963.18,52.86,48.0,RUNNING_DEGRADED,1,COMBINED_HEALTH_ANOMALY,7.5,NORMAL,NEEDS_INSPECTION
2026-01-09 12:45:00,PUMP_01,Water Pump,14.719,3.6798,416.3,23.2,56.76,1.582,1457.2,2805.95,26.53,28.0,RUNNING_OPTIMAL,0,NORMAL,7.5,NORMAL,GOOD
2026-01-09 13:00:00,COMPRESSOR_01,Air Compressor,16.341,4.0852,414.2,25.88,67.5,1.551,2952.6,2887.27,0.0,42.0,IDLE_UNLOADED,0,NORMAL,7.5,NORMAL,GOOD
2026-01-09 13:00:00,HVAC_01,HVAC System,14.369,3.5922,411.2,22.93,36.56,1.087,987.7,3208.49,0.0,240.0,IDLE_UNLOADED,0,NORMAL,7.5,NORMAL,GOOD
2026-01-09 13:00:00,MOTOR_01,Spinning Motor,15.399120000000002,3.8498,410.7,24.6,71.03,5.0729999999999995,1393.4,2963.43,0.0,9.6,RUNNING_DEGRADED,1,COMBINED_HEALTH_ANOMALY,7.5,NORMAL,NEEDS_INSPECTION
2026-01-09 13:00:00,PUMP_01,Water Pump,5.103,1.2758,415.3,8.06,44.38,1.016,1454.5,2806.2,0.0,5.6,IDLE_UNLOADED,0,NORMAL,7.5,NORMAL,GOOD
2026-01-09 13:15:00,COMPRESSOR_01,Air Compressor,15.658,3.9145,415.4,24.73,66.35,1.433,2955.4,2887.52,0.0,42.0,IDLE_UNLOADED,0,NORMAL,7.5,NORMAL,GOOD
2026-01-09 13:15:00,HVAC_01,HVAC System,14.474,3.6185,408.3,23.26,37.72,1.084,985.8,3208.74,0.0,240.0,IDLE_UNLOADED,0,NORMAL,7.5,NORMAL,GOOD
2026-01-09 13:15:00,MOTOR_01,Spinning Motor,16.03536,4.0088,411.2,25.58,73.24000000000001,5.0969999999999995,1391.1,2963.68,0.0,9.6,RUNNING_DEGRADED,1,COMBINED_HEALTH_ANOMALY,7.5,NORMAL,NEEDS_INSPECTION
2026-01-09 13:15:00,PUMP_01,Water Pump,4.399,1.0998,414.1,6.97,42.86,0.924,1458.8,2806.45,0.0,5.6,IDLE_UNLOADED,0,NORMAL,7.5,NORMAL,GOOD
2026-01-09 13:30:00,COMPRESSOR_01,Air Compressor,31.026,7.7565,414.8,49.07,79.63,2.316,2953.4,2887.77,194.63,210.0,RUNNING_OPTIMAL,0,NORMAL,7.5,NORMAL,GOOD
2026-01-09 13:30:00,HVAC_01,HVAC System,39.408,9.852,414.4,62.39,49.15,1.661,975.5,3208.99,1129.73,1200.0,RUNNING_OPTIMAL,0,NORMAL,7.5,NORMAL,GOOD
2026-01-09 13:30:00,MOTOR_01,Spinning Motor,51.7704,12.9426,414.3,81.98,84.85,5.721,1395.3,2963.93,46.69,48.0,RUNNING_DEGRADED,1,COMBINED_HEALTH_ANOMALY,7.5,NORMAL,NEEDS_INSPECTION
2026-01-09 13:30:00,PUMP_01,Water Pump,15.525,3.8812,415.8,24.5,56.8,1.432,1447.6,2806.7,27.72,28.0,RUNNING_OPTIMAL,0,NORMAL,7.5,NORMAL,GOOD
2026-01-09 13:45:00,COMPRESSOR_01,Air Compressor,34.817,8.7042,414.3,55.14,79.93,2.416,2946.6,2888.02,218.27,210.0,RUNNING_OPTIMAL,0,NORMAL,7.5,NORMAL,GOOD
2026-01-09 13:45:00,HVAC_01,HVAC System,44.781,11.1952,414.6,70.86,51.01,1.775,976.5,3209.24,1239.66,1200.0,RUNNING_OPTIMAL,0,NORMAL,7.5,NORMAL,GOOD
2026-01-09 13:45:00,MOTOR_01,Spinning Motor,49.49604,12.374,414.3,78.38,86.16,5.762,1394.2,2964.18,45.64,48.0,RUNNING_DEGRADED,1,COMBINED_HEALTH_ANOMALY,7.5,NORMAL,NEEDS_INSPECTION
2026-01-09 13:45:00,PUMP_01,Water Pump,16.709,4.1772,410.5,26.71,57.05,1.514,1450.0,2806.95,26.87,28.0,RUNNING_OPTIMAL,0,NORMAL,7.5,NORMAL,GOOD
2026-01-09 14:00:00,COMPRESSOR_01,Air Compressor,32.123,8.0308,412.5,51.09,80.4,2.355,2954.8,2888.27,197.11,210.0,RUNNING_OPTIMAL,0,NORMAL,7.5,NORMAL,GOOD
2026-01-09 14:00:00,HVAC_01,HVAC System,40.943,10.2358,412.5,65.12,51.36,1.788,982.7,3209.49,1183.44,1200.0,RUNNING_OPTIMAL,0,NORMAL,7.5,NORMAL,GOOD
2026-01-09 14:00:00,MOTOR_01,Spinning Motor,48.560159999999996,12.14,408.5,77.99,84.86,5.612,1392.4,2964.43,44.19,48.0,RUNNING_DEGRADED,1,COMBINED_HEALTH_ANOMALY,7.5,NORMAL,NEEDS_INSPECTION
2026-01-09 14:00:00,PUMP_01,Water Pump,14.183,3.5458,412.7,22.55,56.23,1.523,1456.1,2807.2,27.02,28.0,RUNNING_OPTIMAL,0,NORMAL,7.5,NORMAL,GOOD
2026-01-09 14:15:00,COMPRESSOR_01,Air Compressor,34.439,8.6098,414.4,54.52,80.37,2.304,2948.1,2888.52,217.17,210.0,RUNNING_OPTIMAL,0,NORMAL,7.5,NORMAL,GOOD
2026-01-09 14:15:00,HVAC_01,HVAC System,41.522,10.3805,411.0,66.28,49.62,1.783,975.5,3209.74,1154.99,1200.0,RUNNING_OPTIMAL,0,NORMAL,7.5,NORMAL,GOOD
2026-01-09 14:15:00,MOTOR_01,Spinning Motor,34.373,8.5932,409.8,55.03,65.94,1.847,1485.4,2964.68,44.21,48.0,RUNNING_OPTIMAL,0,NORMAL,7.5,NORMAL,GOOD
2026-01-09 14:15:00,PUMP_01,Water Pump,16.391,4.0977,411.4,26.14,56.16,1.511,1445.5,2807.45,26.66,28.0,RUNNING_OPTIMAL,0,NORMAL,7.5,NORMAL,GOOD
2026-01-09 14:30:00,COMPRESSOR_01,Air Compressor,29.167,7.2918,409.5,46.73,78.46,2.43,2949.8,2888.77,184.73,210.0,RUNNING_OPTIMAL,0,NORMAL,7.5,NORMAL,GOOD
2026-01-09 14:30:00,HVAC_01,HVAC System,40.496,10.124,409.0,64.96,49.26,1.696,975.8,3209.99,1136.0,1200.0,RUNNING_OPTIMAL,0,NORMAL,7.5,NORMAL,GOOD
2026-01-09 14:30:00,MOTOR_01,Spinning Motor,38.846,9.7115,409.5,62.24,65.88,1.844,1489.2,2964.93,44.78,48.0,RUNNING_OPTIMAL,0,NORMAL,7.5,NORMAL,GOOD
2026-01-09 14:30:00,PUMP_01,Water Pump,16.116,4.029,411.3,25.71,57.49,1.438,1450.5,2807.7,26.25,28.0,RUNNING_OPTIMAL,0,NORMAL,7.5,NORMAL,GOOD
2026-01-09 14:45:00,COMPRESSOR_01,Air Compressor,31.013,7.7532,413.4,49.22,80.93,2.186,2952.6,2889.02,194.93,210.0,RUNNING_OPTIMAL,0,NORMAL,7.5,NORMAL,GOOD
2026-01-09 14:45:00,HVAC_01,HVAC System,40.752,10.188,408.9,65.39,49.04,1.829,982.6,3210.24,1178.98,1200.0,RUNNING_OPTIMAL,0,NORMAL,7.5,NORMAL,GOOD
2026-01-09 14:45:00,MOTOR_01,Spinning Motor,38.434,9.6085,407.9,61.82,66.66,1.792,1488.9,2965.18,44.63,48.0,RUNNING_OPTIMAL,0,NORMAL,7.5,NORMAL,GOOD
2026-01-09 14:45:00,PUMP_01,Water Pump,14.657,3.6642,409.4,23.49,57.14,1.473,1448.5,2807.95,25.85,28.0,RUNNING_OPTIMAL,0,NORMAL,7.5,NORMAL,GOOD
2026-01-09 15:00:00,COMPRESSOR_01,Air Compressor,32.167,8.0418,412.5,51.16,78.99,2.444,2952.3,2889.27,200.0,210.0,RUNNING_OPTIMAL,0,NORMAL,7.5,NORMAL,GOOD
2026-01-09 15:00:00,HVAC_01,HVAC System,38.963,9.7408,413.6,61.81,49.11,1.688,980.4,3210.49,1140.82,1200.0,RUNNING_OPTIMAL,0,NORMAL,7.5,NORMAL,GOOD
2026-01-09 15:00:00,MOTOR_01,Spinning Motor,37.651,9.4128,406.5,60.77,65.74,1.981,1487.2,2965.43,46.61,48.0,RUNNING_OPTIMAL,0,NORMAL,7.5,NORMAL,GOOD
2026-01-09 15:00:00,PUMP_01,Water Pump,14.418,3.6045,410.5,23.04,57.04,1.511,1457.3,2808.2,28.11,28.0,RUNNING_OPTIMAL,0,NORMAL,7.5,NORMAL,GOOD
2026-01-09 15:15:00,COMPRESSOR_01,Air Compressor,32.951,8.2378,413.4,52.29,79.51,2.347,2952.3,2889.52,199.46,210.0,RUNNING_OPTIMAL,0,NORMAL,7.5,NORMAL,GOOD
2026-01-09 15:15:00,HVAC_01,HVAC System,39.465,9.8663,410.0,63.15,50.39,1.788,976.6,3210.74,1153.13,1200.0,RUNNING_OPTIMAL,0,NORMAL,7.5,NORMAL,GOOD
2026-01-09 15:15:00,MOTOR_01,Spinning Motor,35.997,8.9992,411.8,57.35,66.07,1.884,1485.7,2965.68,43.58,48.0,RUNNING_OPTIMAL,0,NORMAL,7.5,NORMAL,GOOD
2026-01-09 15:15:00,PUMP_01,Water Pump,15.377,3.8442,404.6,24.93,56.42,1.428,1447.5,2808.45,27.0,28.0,RUNNING_OPTIMAL,0,NORMAL,7.5,NORMAL,GOOD
2026-01-09 15:30:00,COMPRESSOR_01,Air Compressor,31.704,7.926,408.8,50.88,81.7,2.256,2952.6,2889.77,197.61,210.0,RUNNING_OPTIMAL,0,NORMAL,7.5,NORMAL,GOOD
2026-01-09 15:30:00,HVAC_01,HVAC System,36.406,9.1015,408.0,58.54,48.85,1.579,981.1,3210.99,1042.51,1200.0,RUNNING_OPTIMAL,0,NORMAL,7.5,NORMAL,GOOD
2026-01-09 15:30:00,MOTOR_01,Spinning Motor,41.156,10.289,411.2,65.67,66.82,1.996,1478.7,2965.93,50.06,48.0,RUNNING_OPTIMAL,0,NORMAL,7.5,NORMAL,GOOD
2026-01-09 15:30:00,PUMP_01,Water Pump,15.272,3.818,408.9,24.5,57.34,1.584,1457.1,2808.7,25.34,28.0,RUNNING_OPTIMAL,0,NORMAL,7.5,NORMAL,GOOD
2026-01-09 15:45:00,COMPRESSOR_01,Air Compressor,31.198,7.7995,411.0,49.8,79.7,2.305,2949.0,2890.02,198.63,210.0,RUNNING_OPTIMAL,0,NORMAL,7.5,NORMAL,GOOD
2026-01-09 15:45:00,HVAC_01,HVAC System,38.671,9.6678,406.8,62.37,50.57,1.768,982.1,3211.24,1103.21,1200.0,RUNNING_OPTIMAL,0,NORMAL,7.5,NORMAL,GOOD
2026-01-09 15:45:00,MOTOR_01,Spinning Motor,34.871,8.7178,408.8,55.96,65.07,1.779,1488.6,2966.18,41.68,48.0,RUNNING_OPTIMAL,0,NORMAL,7.5,NORMAL,GOOD
2026-01-09 15:45:00,PUMP_01,Water Pump,12.572,3.143,408.8,20.18,56.06,1.475,1456.6,2808.95,25.92,28.0,RUNNING_OPTIMAL,0,NORMAL,7.5,NORMAL,GOOD
2026-01-09 16:00:00,COMPRESSOR_01,Air Compressor,32.68,8.17,409.9,52.31,79.06,2.287,2951.9,2890.27,199.3,210.0,RUNNING_OPTIMAL,0,NORMAL,7.5,NORMAL,GOOD
2026-01-09 16:00:00,HVAC_01,HVAC System,40.056,10.014,407.2,64.54,48.53,1.759,983.2,3211.49,1138.1,1200.0,RUNNING_OPTIMAL,0,NORMAL,7.5,NORMAL,GOOD
2026-01-09 16:00:00,MOTOR_01,Spinning Motor,35.484,8.871,406.1,57.33,65.85,1.946,1494.2,2966.43,44.29,48.0,RUNNING_OPTIMAL,0,NORMAL,7.5,NORMAL,GOOD
2026-01-09 16:00:00,PUMP_01,Water Pump,15.36,3.84,409.4,24.62,55.27,1.312,1450.0,2809.2,27.38,28.0,RUNNING_OPTIMAL,0,NORMAL,7.5,NORMAL,GOOD
2026-01-09 16:15:00,COMPRESSOR_01,Air Compressor,31.76,7.94,414.3,50.29,79.99,2.307,2947.1,2890.52,194.63,210.0,RUNNING_OPTIMAL,0,NORMAL,7.5,NORMAL,GOOD
2026-01-09 16:15:00,HVAC_01,HVAC System,40.24,10.06,412.6,63.99,49.28,1.731,979.0,3211.74,1126.47,1200.0,RUNNING_OPTIMAL,0,NORMAL,7.5,NORMAL,GOOD
2026-01-09 16:15:00,MOTOR_01,Spinning Motor,33.39,8.3475,412.5,53.11,65.69,1.957,1483.3,2966.68,41.58,48.0,RUNNING_OPTIMAL,0,NORMAL,7.5,NORMAL,GOOD
2026-01-09 16:15:00,PUMP_01,Water Pump,14.874,3.7185,406.5,24.01,55.8,1.492,1449.2,2809.45,26.69,28.0,RUNNING_OPTIMAL,0,NORMAL,7.5,NORMAL,GOOD
2026-01-09 16:30:00,COMPRESSOR_01,Air Compressor,30.105,7.5262,408.9,48.3,78.62,2.269,2952.2,2890.77,190.86,210.0,RUNNING_OPTIMAL,0,NORMAL,7.5,NORMAL,GOOD
2026-01-09 16:30:00,HVAC_01,HVAC System,39.413,9.8532,405.5,63.77,47.92,1.643,981.5,3211.99,1087.05,1200.0,RUNNING_OPTIMAL,0,NORMAL,7.5,NORMAL,GOOD
2026-01-09 16:30:00,MOTOR_01,Spinning Motor,36.403,9.1008,404.1,59.1,65.85,1.953,1486.7,2966.93,42.7,48.0,RUNNING_OPTIMAL,0,NORMAL,7.5,NORMAL,GOOD
2026-01-09 16:30:00,PUMP_01,Water Pump,14.624,3.656,409.9,23.41,56.46,1.508,1447.4,2809.7,24.93,28.0,RUNNING_OPTIMAL,0,NORMAL,7.5,NORMAL,GOOD
2026-01-09 16:45:00,COMPRESSOR_01,Air Compressor,29.265,7.3162,412.5,46.55,78.5,2.428,2952.1,2891.02,185.33,210.0,RUNNING_OPTIMAL,0,NORMAL,7.5,NORMAL,GOOD
2026-01-09 16:45:00,HVAC_01,HVAC System,37.388,9.347,409.7,59.87,47.27,1.515,977.8,3212.24,1073.82,1200.0,RUNNING_OPTIMAL,0,NORMAL,7.5,NORMAL,GOOD
2026-01-09 16:45:00,MOTOR_01,Spinning Motor,36.114,9.0285,404.5,58.58,67.26,1.906,1489.5,2967.18,44.56,48.0,RUNNING_OPTIMAL,0,NORMAL,7.5,NORMAL,GOOD
2026-01-09 16:45:00,PUMP_01,Water Pump,15.148,3.787,406.9,24.42,56.7,1.481,1458.2,2809.95,25.68,28.0,RUNNING_OPTIMAL,0,NORMAL,7.5,NORMAL,GOOD
2026-01-09 17:00:00,COMPRESSOR_01,Air Compressor,31.962,7.9905,408.4,51.35,78.63,2.186,2959.1,2891.27,198.83,210.0,RUNNING_OPTIMAL,0,NORMAL,7.5,NORMAL,GOOD
2026-01-09 17:00:00,HVAC_01,HVAC System,35.493,8.8732,408.2,57.05,47.48,1.764,979.6,3212.49,1039.76,1200.0,RUNNING_OPTIMAL,0,NORMAL,7.5,NORMAL,GOOD
2026-01-09 17:00:00,MOTOR_01,Spinning Motor,35.939,8.9848,407.8,57.82,66.11,1.959,1484.8,2967.43,45.26,48.0,RUNNING_OPTIMAL,0,NORMAL,7.5,NORMAL,GOOD
2026-01-09 17:00:00,PUMP_01,Water Pump,12.613,3.1532,411.5,20.11,55.47,1.476,1455.4,2810.2,23.17,28.0,RUNNING_OPTIMAL,0,NORMAL,7.5,NORMAL,GOOD
2026-01-09 17:15:00,COMPRESSOR_01,Air Compressor,28.176,7.044,408.6,45.24,76.81,2.283,2954.4,2891.52,180.53,210.0,RUNNING_OPTIMAL,0,NORMAL,7.5,NORMAL,GOOD
2026-01-09 17:15:00,HVAC_01,HVAC System,37.376,9.344,406.4,60.34,48.65,1.728,981.2,3212.74,1059.19,1200.0,RUNNING_OPTIMAL,0,NORMAL,7.5,NORMAL,GOOD
2026-01-09 17:15:00,MOTOR_01,Spinning Motor,36.373,9.0932,408.7,58.39,65.93,1.897,1487.4,2967.68,44.81,48.0,RUNNING_OPTIMAL,0,NORMAL,7.5,NORMAL,GOOD
2026-01-09 17:15:00,PUMP_01,Water Pump,12.549,3.1372,406.0,20.28,54.46,1.474,1451.3,2810.45,23.24,28.0,RUNNING_OPTIMAL,0,NORMAL,7.5,NORMAL,GOOD
2026-01-09 17:30:00,COMPRESSOR_01,Air Compressor,29.251,7.3128,407.1,47.14,76.92,2.216,2955.8,2891.77,185.24,210.0,RUNNING_OPTIMAL,0,NORMAL,7.5,NORMAL,GOOD
2026-01-09 17:30:00,HVAC_01,HVAC System,36.094,9.0235,404.2,58.59,47.73,1.731,981.3,3212.99,1030.74,1200.0,RUNNING_OPTIMAL,0,NORMAL,7.5,NORMAL,GOOD
2026-01-09 17:30:00,MOTOR_01,Spinning Motor,36.497,9.1242,410.3,58.36,64.94,1.846,1483.5,2967.93,43.06,48.0,RUNNING_OPTIMAL,0,NORMAL,7.5,NORMAL,GOOD
2026-01-09 17:30:00,PUMP_01,Water Pump,13.958,3.4895,408.3,22.43,53.91,1.385,1449.1,2810.7,23.74,28.0,RUNNING_OPTIMAL,0,NORMAL,7.5,NORMAL,GOOD
2026-01-09 17:45:00,COMPRESSOR_01,Air Compressor,30.107,7.5268,407.6,48.46,77.97,2.125,2953.8,2892.02,187.0,210.0,RUNNING_OPTIMAL,0,NORMAL,7.5,NORMAL,GOOD
2026-01-09 17:45:00,HVAC_01,HVAC System,38.181,9.5452,409.0,61.25,47.58,1.88,983.8,3213.24,1071.75,1200.0,RUNNING_OPTIMAL,0,NORMAL,7.5,NORMAL,GOOD
2026-01-09 17:45:00,MOTOR_01,Spinning Motor,35.278,8.8195,407.2,56.84,64.12,1.942,1490.7,2968.18,41.75,48.0,RUNNING_OPTIMAL,0,NORMAL,7.5,NORMAL,GOOD
2026-01-09 17:45:00,PUMP_01,Water Pump,14.129,3.5322,409.8,22.62,55.23,1.608,1456.3,2810.95,24.59,28.0,RUNNING_OPTIMAL,0,NORMAL,7.5,NORMAL,GOOD
2026-01-09 18:00:00,COMPRESSOR_01,Air Compressor,31.121,7.7802,407.8,50.07,76.06,2.45,2953.7,2892.27,193.77,210.0,RUNNING_OPTIMAL,0,NORMAL,10.0,PEAK,GOOD
2026-01-09 18:00:00,HVAC_01,HVAC System,39.369,9.8422,407.7,63.35,46.33,1.683,973.5,3213.49,1109.82,1200.0,RUNNING_OPTIMAL,0,NORMAL,10.0,PEAK,GOOD
2026-01-09 18:00:00,MOTOR_01,Spinning Motor,35.201,8.8002,406.4,56.83,63.48,1.886,1484.5,2968.43,42.18,48.0,RUNNING_OPTIMAL,0,NORMAL,10.0,PEAK,GOOD
2026-01-09 18:00:00,PUMP_01,Water Pump,13.747,3.4368,402.8,22.39,53.4,1.539,1453.4,2811.2,26.02,28.0,RUNNING_OPTIMAL,0,NORMAL,10.0,PEAK,GOOD
2026-01-09 18:15:00,COMPRESSOR_01,Air Compressor,29.832,7.458,407.5,48.03,78.18,2.384,2958.2,2892.52,187.0,210.0,RUNNING_OPTIMAL,0,NORMAL,10.0,PEAK,GOOD
2026-01-09 18:15:00,HVAC_01,HVAC System,35.776,8.944,407.7,57.57,46.01,1.75,982.5,3213.74,1003.61,1200.0,RUNNING_OPTIMAL,0,NORMAL,10.0,PEAK,GOOD
2026-01-09 18:15:00,MOTOR_01,Spinning Motor,38.028,9.507,404.3,61.71,64.1,1.977,1491.1,2968.68,45.56,48.0,RUNNING_OPTIMAL,0,NORMAL,10.0,PEAK,GOOD
2026-01-09 18:15:00,PUMP_01,Water Pump,15.116,3.779,406.3,24.41,55.38,1.508,1459.2,2811.45,23.27,28.0,RUNNING_OPTIMAL,0,NORMAL,10.0,PEAK,GOOD
2026-01-09 18:30:00,COMPRESSOR_01,Air Compressor,31.914,7.9785,409.6,51.12,76.26,2.391,2947.0,2892.77,200.94,210.0,RUNNING_OPTIMAL,0,NORMAL,10.0,PEAK,GOOD
2026-01-09 18:30:00,HVAC_01,HVAC System,35.569,8.8922,403.7,57.81,46.55,1.668,976.9,3213.99,1055.99,1200.0,RUNNING_OPTIMAL,0,NORMAL,10.0,PEAK,GOOD
2026-01-09 18:30:00,MOTOR_01,Spinning Motor,37.199,9.2998,408.5,59.74,64.26,1.955,1480.8,2968.93,44.55,48.0,RUNNING_OPTIMAL,0,NORMAL,10.0,PEAK,GOOD
2026-01-09 18:30:00,PUMP_01,Water Pump,14.299,3.5748,408.7,22.95,53.58,1.48,1459.6,2811.7,22.96,28.0,RUNNING_OPTIMAL,0,NORMAL,10.0,PEAK,GOOD
2026-01-09 18:45:00,COMPRESSOR_01,Air Compressor,29.811,7.4528,408.2,47.91,76.5,2.345,2953.6,2893.02,189.27,210.0,RUNNING_OPTIMAL,0,NORMAL,10.0,PEAK,GOOD
2026-01-09 18:45:00,HVAC_01,HVAC System,38.464,9.616,407.3,61.96,46.43,1.536,983.5,3214.24,1093.39,1200.0,RUNNING_OPTIMAL,0,NORMAL,10.0,PEAK,GOOD
2026-01-09 18:45:00,MOTOR_01,Spinning Motor,35.544,8.886,404.6,57.64,64.21,1.797,1490.7,2969.18,43.84,48.0,RUNNING_OPTIMAL,0,NORMAL,10.0,PEAK,GOOD
2026-01-09 18:45:00,PUMP_01,Water Pump,14.342,3.5855,408.4,23.04,53.13,1.301,1452.4,2811.95,25.25,28.0,RUNNING_OPTIMAL,0,NORMAL,10.0,PEAK,GOOD
2026-01-09 19:00:00,COMPRESSOR_01,Air Compressor,30.823,7.7058,408.0,49.56,75.82,2.374,2956.0,2893.27,193.65,210.0,RUNNING_OPTIMAL,0,NORMAL,10.0,PEAK,GOOD
2026-01-09 19:00:00,HVAC_01,HVAC System,37.744,9.436,403.4,61.39,44.32,1.724,974.7,3214.49,1084.85,1200.0,RUNNING_OPTIMAL,0,NORMAL,10.0,PEAK,GOOD
2026-01-09 19:00:00,MOTOR_01,Spinning Motor,35.278,8.8195,400.1,57.85,62.21,1.873,1488.5,2969.43,42.11,48.0,RUNNING_OPTIMAL,0,NORMAL,10.0,PEAK,GOOD
2026-01-09 19:00:00,PUMP_01,Water Pump,16.78,4.195,400.9,27.46,55.35,1.558,1441.1,2812.2,27.51,28.0,RUNNING_OPTIMAL,0,NORMAL,10.0,PEAK,GOOD
2026-01-09 19:15:00,COMPRESSOR_01,Air Compressor,30.112,7.528,403.3,48.99,75.97,2.336,2951.9,2893.52,190.24,210.0,RUNNING_OPTIMAL,0,NORMAL,10.0,PEAK,GOOD
2026-01-09 19:15:00,HVAC_01,HVAC System,37.176,9.294,407.8,59.81,45.26,1.798,982.6,3214.74,1054.41,1200.0,RUNNING_OPTIMAL,0,NORMAL,10.0,PEAK,GOOD
2026-01-09 19:15:00,MOTOR_01,Spinning Motor,36.942,9.2355,411.1,58.96,63.5,1.743,1488.7,2969.68,41.79,48.0,RUNNING_OPTIMAL,0,NORMAL,10.0,PEAK,GOOD
2026-01-09 19:15:00,PUMP_01,Water Pump,14.313,3.5782,409.7,22.92,53.59,1.575,1452.1,2812.45,25.84,28.0,RUNNING_OPTIMAL,0,NORMAL,10.0,PEAK,GOOD
2026-01-09 19:30:00,COMPRESSOR_01,Air Compressor,30.59,7.6475,407.7,49.23,75.32,2.238,2953.7,2893.77,192.53,210.0,RUNNING_OPTIMAL,0,NORMAL,10.0,PEAK,GOOD
2026-01-09 19:30:00,HVAC_01,HVAC System,39.433,9.8582,410.0,63.1,45.54,1.6,978.4,3214.99,1100.17,1200.0,RUNNING_OPTIMAL,0,NORMAL,10.0,PEAK,GOOD
2026-01-09 19:30:00,MOTOR_01,Spinning Motor,34.272,8.568,404.8,55.55,61.3,1.938,1489.0,2969.93,38.71,48.0,RUNNING_OPTIMAL,0,NORMAL,10.0,PEAK,GOOD
2026-01-09 19:30:00,PUMP_01,Water Pump,14.744,3.686,403.8,23.96,52.72,1.363,1449.0,2812.7,26.21,28.0,RUNNING_OPTIMAL,0,NORMAL,10.0,PEAK,GOOD
2026-01-09 19:45:00,COMPRESSOR_01,Air Compressor,30.178,7.5445,408.3,48.49,74.95,2.367,2951.5,2894.02,188.82,210.0,RUNNING_OPTIMAL,0,NORMAL,10.0,PEAK,GOOD
2026-01-09 19:45:00,HVAC_01,HVAC System,39.708,9.927,413.1,63.06,46.49,1.667,977.8,3215.24,1103.01,1200.0,RUNNING_OPTIMAL,0,NORMAL,10.0,PEAK,GOOD
2026-01-09 19:45:00,MOTOR_01,Spinning Motor,36.04,9.01,405.3,58.34,62.56,1.982,1488.6,2970.18,41.01,48.0,RUNNING_OPTIMAL,0,NORMAL,10.0,PEAK,GOOD
2026-01-09 19:45:00,PUMP_01,Water Pump,13.684,3.421,409.1,21.95,52.88,1.454,1448.6,2812.95,25.74,28.0,RUNNING_OPTIMAL,0,NORMAL,10.0,PEAK,GOOD
2026-01-09 20:00:00,COMPRESSOR_01,Air Compressor,29.175,7.2938,407.3,47.0,73.95,2.379,2963.1,2894.27,191.59,210.0,RUNNING_OPTIMAL,0,NORMAL,10.0,PEAK,GOOD
2026-01-09 20:00:00,HVAC_01,HVAC System,40.827,10.2068,411.4,65.11,44.93,1.7,978.1,3215.49,1140.76,1200.0,RUNNING_OPTIMAL,0,NORMAL,10.0,PEAK,GOOD
2026-01-09 20:00:00,MOTOR_01,Spinning Motor,38.271,9.5678,409.6,61.3,63.01,2.012,1488.2,2970.43,45.53,48.0,RUNNING_OPTIMAL,0,NORMAL,10.0,PEAK,GOOD
2026-01-09 20:00:00,PUMP_01,Water Pump,14.39,3.5975,406.7,23.21,51.58,1.546,1447.0,2813.2,24.98,28.0,RUNNING_OPTIMAL,0,NORMAL,10.0,PEAK,GOOD
2026-01-09 20:15:00,COMPRESSOR_01,Air Compressor,30.065,7.5162,410.5,48.05,74.9,2.295,2956.0,2894.52,191.74,210.0,RUNNING_OPTIMAL,0,NORMAL,10.0,PEAK,GOOD
2026-01-09 20:15:00,HVAC_01,HVAC System,38.159,9.5398,410.7,60.96,44.66,1.618,978.1,3215.74,1053.02,1200.0,RUNNING_OPTIMAL,0,NORMAL,10.0,PEAK,GOOD
2026-01-09 20:15:00,MOTOR_01,Spinning Motor,37.23,9.3075,402.7,60.66,62.89,1.918,1477.1,2970.68,42.5,48.0,RUNNING_OPTIMAL,0,NORMAL,10.0,PEAK,GOOD
2026-01-09 20:15:00,PUMP_01,Water Pump,15.888,3.972,407.9,25.55,51.89,1.574,1449.8,2813.45,27.64,28.0,RUNNING_OPTIMAL,0,NORMAL,10.0,PEAK,GOOD
2026-01-09 20:30:00,COMPRESSOR_01,Air Compressor,31.116,7.779,407.1,50.15,73.55,2.415,2948.8,2894.77,194.38,210.0,RUNNING_OPTIMAL,0,NORMAL,10.0,PEAK,GOOD
2026-01-09 20:30:00,HVAC_01,HVAC System,39.651,9.9128,405.0,64.23,45.5,1.634,982.6,3215.99,1138.86,1200.0,RUNNING_OPTIMAL,0,NORMAL,10.0,PEAK,GOOD
2026-01-09 20:30:00,MOTOR_01,Spinning Motor,34.897,8.7242,406.2,56.36,61.42,1.919,1493.2,2970.93,41.07,48.0,RUNNING_OPTIMAL,0,NORMAL,10.0,PEAK,GOOD
2026-01-09 20:30:00,PUMP_01,Water Pump,15.192,3.798,405.9,24.56,51.14,1.469,1455.8,2813.7,23.68,28.0,RUNNING_OPTIMAL,0,NORMAL,10.0,PEAK,GOOD
2026-01-09 20:45:00,COMPRESSOR_01,Air Compressor,31.108,7.777,407.8,50.05,75.0,2.31,2955.7,2895.02,192.51,210.0,RUNNING_OPTIMAL,0,NORMAL,10.0,PEAK,GOOD
2026-01-09 20:45:00,HVAC_01,HVAC System,38.105,9.5262,406.9,61.44,42.95,1.648,983.6,3216.24,1060.11,1200.0,RUNNING_OPTIMAL,0,NORMAL,10.0,PEAK,GOOD
2026-01-09 20:45:00,MOTOR_01,Spinning Motor,35.248,8.812,404.1,57.23,61.04,1.851,1485.7,2971.18,43.23,48.0,RUNNING_OPTIMAL,0,NORMAL,10.0,PEAK,GOOD
2026-01-09 20:45:00,PUMP_01,Water Pump,14.901,3.7252,404.0,24.2,51.92,1.427,1454.5,2813.95,26.01,28.0,RUNNING_OPTIMAL,0,NORMAL,10.0,PEAK,GOOD
2026-01-09 21:00:00,COMPRESSOR_01,Air Compressor,15.743,3.9358,409.2,25.24,66.48,1.571,2959.0,2895.27,0.0,42.0,IDLE_UNLOADED,0,NORMAL,10.0,PEAK,GOOD
2026-01-09 21:00:00,HVAC_01,HVAC System,14.228,3.557,408.7,22.84,37.49,1.072,985.5,3216.49,0.0,240.0,IDLE_UNLOADED,0,NORMAL,10.0,PEAK,GOOD
2026-01-09 21:00:00,MOTOR_01,Spinning Motor,12.017,3.0042,410.8,19.19,52.74,1.23,1489.6,2971.43,0.0,9.6,IDLE_UNLOADED,0,NORMAL,10.0,PEAK,GOOD
2026-01-09 21:00:00,PUMP_01,Water Pump,4.116,1.029,409.8,6.59,44.66,0.994,1453.6,2814.2,0.0,5.6,IDLE_UNLOADED,0,NORMAL,10.0,PEAK,GOOD
2026-01-09 21:15:00,COMPRESSOR_01,Air Compressor,15.079,3.7698,410.7,24.09,64.79,1.441,2958.4,2895.52,0.0,42.0,IDLE_UNLOADED,0,NORMAL,10.0,PEAK,GOOD
2026-01-09 21:15:00,HVAC_01,HVAC System,14.549,3.6372,409.2,23.33,36.65,1.084,988.7,3216.74,0.0,240.0,IDLE_UNLOADED,0,NORMAL,10.0,PEAK,GOOD
2026-01-09 21:15:00,MOTOR_01,Spinning Motor,11.432,2.858,413.9,18.12,53.74,1.291,1486.3,2971.68,0.0,9.6,IDLE_UNLOADED,0,NORMAL,10.0,PEAK,GOOD
2026-01-09 21:15:00,PUMP_01,Water Pump,4.732,1.183,409.8,7.58,44.04,0.928,1458.1,2814.45,0.0,5.6,IDLE_UNLOADED,0,NORMAL,10.0,PEAK,GOOD
2026-01-09 21:30:00,COMPRESSOR_01,Air Compressor,31.381,7.8452,409.4,50.29,71.8,2.406,2951.2,2895.77,200.57,210.0,RUNNING_OPTIMAL,0,NORMAL,10.0,PEAK,GOOD
2026-01-09 21:30:00,HVAC_01,HVAC System,39.777,9.9442,413.2,63.16,44.17,1.671,985.5,3216.99,1114.74,1200.0,RUNNING_OPTIMAL,0,NORMAL,10.0,PEAK,GOOD
2026-01-09 21:30:00,MOTOR_01,Spinning Motor,38.812,9.703,407.0,62.56,60.14,1.976,1486.6,2971.93,45.89,48.0,RUNNING_OPTIMAL,0,NORMAL,10.0,PEAK,GOOD
2026-01-09 21:30:00,PUMP_01,Water Pump,12.713,3.1782,406.9,20.5,50.45,1.511,1452.3,2814.7,26.0,28.0,RUNNING_OPTIMAL,0,NORMAL,10.0,PEAK,GOOD
2026-01-09 21:45:00,COMPRESSOR_01,Air Compressor,31.83,7.9575,408.8,51.08,75.1,2.445,2943.2,2896.02,198.49,210.0,RUNNING_OPTIMAL,0,NORMAL,10.0,PEAK,GOOD
2026-01-09 21:45:00,HVAC_01,HVAC System,38.737,9.6842,411.6,61.75,43.72,1.795,982.7,3217.24,1085.78,1200.0,RUNNING_OPTIMAL,0,NORMAL,10.0,PEAK,GOOD
2026-01-09 21:45:00,MOTOR_01,Spinning Motor,37.588,9.397,405.4,60.83,60.5,1.899,1486.3,2972.18,46.26,48.0,RUNNING_OPTIMAL,0,NORMAL,10.0,PEAK,GOOD
2026-01-09 21:45:00,PUMP_01,Water Pump,13.583,3.3958,411.0,21.68,51.11,1.444,1452.9,2814.95,26.7,28.0,RUNNING_OPTIMAL,0,NORMAL,10.0,PEAK,GOOD
2026-01-09 22:00:00,COMPRESSOR_01,Air Compressor,31.422,7.8555,409.5,50.34,71.54,2.341,2946.7,2896.27,207.61,210.0,RUNNING_OPTIMAL,0,NORMAL,5.5,OFF_PEAK,GOOD
2026-01-09 22:00:00,HVAC_01,HVAC System,38.751,9.6878,410.5,61.93,42.9,1.777,973.4,3217.49,1149.89,1200.0,RUNNING_OPTIMAL,0,NORMAL,5.5,OFF_PEAK,GOOD
2026-01-09 22:00:00,MOTOR_01,Spinning Motor,35.418,8.8545,411.6,56.46,57.5,1.911,1485.2,2972.43,42.64,48.0,RUNNING_OPTIMAL,0,NORMAL,5.5,OFF_PEAK,GOOD
2026-01-09 22:00:00,PUMP_01,Water Pump,15.132,3.783,416.3,23.85,48.69,1.589,1447.9,2815.2,23.19,28.0,RUNNING_OPTIMAL,0,NORMAL,5.5,OFF_PEAK,GOOD
2026-01-09 22:15:00,COMPRESSOR_01,Air Compressor,31.56,7.89,412.3,50.22,72.5,2.326,2953.7,2896.52,194.39,210.0,RUNNING_OPTIMAL,0,NORMAL,5.5,OFF_PEAK,GOOD
2026-01-09 22:15:00,HVAC_01,HVAC System,38.399,9.5998,407.6,61.81,41.58,1.549,975.9,3217.74,1103.54,1200.0,RUNNING_OPTIMAL,0,NORMAL,5.5,OFF_PEAK,GOOD
2026-01-09 22:15:00,MOTOR_01,Spinning Motor,40.603,10.1508,411.4,64.75,59.79,1.949,1484.7,2972.68,48.34,48.0,RUNNING_OPTIMAL,0,NORMAL,5.5,OFF_PEAK,GOOD
2026-01-09 22:15:00,PUMP_01,Water Pump,15.505,3.8762,409.5,24.84,50.03,1.561,1449.0,2815.45,24.97,28.0,RUNNING_OPTIMAL,0,NORMAL,5.5,OFF_PEAK,GOOD
2026-01-09 22:30:00,COMPRESSOR_01,Air Compressor,29.754,7.4385,415.5,46.98,71.64,2.309,2955.7,2896.77,181.79,210.0,RUNNING_OPTIMAL,0,NORMAL,5.5,OFF_PEAK,GOOD
2026-01-09 22:30:00,HVAC_01,HVAC System,39.701,9.9252,409.2,63.65,40.77,1.766,982.9,3217.99,1143.97,1200.0,RUNNING_OPTIMAL,0,NORMAL,5.5,OFF_PEAK,GOOD
2026-01-09 22:30:00,MOTOR_01,Spinning Motor,35.741,8.9352,411.5,56.98,58.47,1.898,1488.6,2972.93,41.91,48.0,RUNNING_OPTIMAL,0,NORMAL,5.5,OFF_PEAK,GOOD
2026-01-09 22:30:00,PUMP_01,Water Pump,14.158,3.5395,409.6,22.68,50.2,1.442,1445.7,2815.7,25.86,28.0,RUNNING_OPTIMAL,0,NORMAL,5.5,OFF_PEAK,GOOD
2026-01-09 22:45:00,COMPRESSOR_01,Air Compressor,31.689,7.9222,415.2,50.07,72.63,2.402,2950.6,2897.02,200.27,210.0,RUNNING_OPTIMAL,0,NORMAL,5.5,OFF_PEAK,GOOD
2026-01-09 22:45:00,HVAC_01,HVAC System,38.577,9.6442,407.9,62.05,41.35,1.609,987.0,3218.24,1132.85,1200.0,RUNNING_OPTIMAL,0,NORMAL,5.5,OFF_PEAK,GOOD
2026-01-09 22:45:00,MOTOR_01,Spinning Motor,35.394,8.8485,409.5,56.71,58.44,1.976,1481.5,2973.18,44.84,48.0,RUNNING_OPTIMAL,0,NORMAL,5.5,OFF_PEAK,GOOD
2026-01-09 22:45:00,PUMP_01,Water Pump,15.095,3.7738,408.1,24.27,50.63,1.411,1452.3,2815.95,27.51,28.0,RUNNING_OPTIMAL,0,NORMAL,5.5,OFF_PEAK,GOOD
2026-01-09 23:00:00,COMPRESSOR_01,Air Compressor,35.673,8.9182,411.7,56.85,73.11,2.308,2945.0,2897.27,212.69,210.0,RUNNING_OPTIMAL,0,NORMAL,5.5,OFF_PEAK,GOOD
2026-01-09 23:00:00,HVAC_01,HVAC System,40.872,10.218,412.6,64.99,41.0,1.712,973.1,3218.49,1168.02,1200.0,RUNNING_OPTIMAL,0,NORMAL,5.5,OFF_PEAK,GOOD
2026-01-09 23:00:00,MOTOR_01,Spinning Motor,41.188,10.297,415.9,64.97,59.86,1.937,1479.1,2973.43,49.98,48.0,RUNNING_OPTIMAL,0,NORMAL,5.5,OFF_PEAK,GOOD
2026-01-09 23:00:00,PUMP_01,Water Pump,15.606,3.9015,411.5,24.88,49.51,1.506,1455.5,2816.2,27.7,28.0,RUNNING_OPTIMAL,0,NORMAL,5.5,OFF_PEAK,GOOD
2026-01-09 23:15:00,COMPRESSOR_01,Air Compressor,33.482,8.3705,412.7,53.23,72.78,2.248,2946.5,2897.52,208.02,210.0,RUNNING_OPTIMAL,0,NORMAL,5.5,OFF_PEAK,GOOD
2026-01-09 23:15:00,HVAC_01,HVAC System,40.949,10.2372,413.1,65.03,41.84,1.716,983.9,3218.74,1136.5,1200.0,RUNNING_OPTIMAL,0,NORMAL,5.5,OFF_PEAK,GOOD
2026-01-09 23:15:00,MOTOR_01,Spinning Motor,36.898,9.2245,415.6,58.25,56.48,1.913,1490.6,2973.68,44.5,48.0,RUNNING_OPTIMAL,0,NORMAL,5.5,OFF_PEAK,GOOD
2026-01-09 23:15:00,PUMP_01,Water Pump,15.558,3.8895,409.9,24.9,49.56,1.546,1454.3,2816.45,26.96,28.0,RUNNING_OPTIMAL,0,NORMAL,5.5,OFF_PEAK,GOOD
2026-01-09 23:30:00,COMPRESSOR_01,Air Compressor,31.789,7.9472,410.8,50.77,71.4,2.453,2949.6,2897.77,204.54,210.0,RUNNING_OPTIMAL,0,NORMAL,5.5,OFF_PEAK,GOOD
2026-01-09 23:30:00,HVAC_01,HVAC System,41.161,10.2902,416.3,64.87,40.72,1.686,980.9,3218.99,1156.86,1200.0,RUNNING_OPTIMAL,0,NORMAL,5.5,OFF_PEAK,GOOD
2026-01-09 23:30:00,MOTOR_01,Spinning Motor,39.847,9.9618,411.9,63.47,58.6,1.954,1484.2,2973.93,49.82,48.0,RUNNING_OPTIMAL,0,NORMAL,5.5,OFF_PEAK,GOOD
2026-01-09 23:30:00,PUMP_01,Water Pump,14.956,3.739,411.7,23.83,48.28,1.585,1458.5,2816.7,29.41,28.0,RUNNING_OPTIMAL,0,NORMAL,5.5,OFF_PEAK,GOOD
2026-01-09 23:45:00,COMPRESSOR_01,Air Compressor,31.885,7.9712,415.0,50.41,70.55,2.519,2946.3,2898.02,201.52,210.0,RUNNING_OPTIMAL,0,NORMAL,5.5,OFF_PEAK,GOOD
2026-01-09 23:45:00,HVAC_01,HVAC System,38.763,9.6908,415.9,61.15,41.5,1.638,983.5,3219.24,1096.99,1200.0,RUNNING_OPTIMAL,0,NORMAL,5.5,OFF_PEAK,GOOD
2026-01-09 23:45:00,MOTOR_01,Spinning Motor,39.367,9.8418,417.1,61.92,59.24,2.011,1485.7,2974.18,47.46,48.0,RUNNING_OPTIMAL,0,NORMAL,5.5,OFF_PEAK,GOOD
2026-01-09 23:45:00,PUMP_01,Water Pump,17.51,4.3775,414.7,27.7,48.58,1.469,1458.1,2816.95,25.75,28.0,RUNNING_OPTIMAL,0,NORMAL,5.5,OFF_PEAK,GOOD
2026-01-10 00:00:00,COMPRESSOR_01,Air Compressor,31.22,7.805,414.2,49.45,71.76,2.331,2947.1,2898.27,198.63,210.0,RUNNING_OPTIMAL,0,NORMAL,5.5,OFF_PEAK,GOOD
2026-01-10 00:00:00,HVAC_01,HVAC System,38.805,9.7012,414.6,61.41,39.73,1.702,978.6,3219.49,1131.76,1200.0,RUNNING_OPTIMAL,0,NORMAL,5.5,OFF_PEAK,GOOD
2026-01-10 00:00:00,MOTOR_01,Spinning Motor,41.558,10.3895,411.1,66.32,57.45,1.972,1477.3,2974.43,49.47,48.0,RUNNING_OPTIMAL,0,NORMAL,5.5,OFF_PEAK,GOOD
2026-01-10 00:00:00,PUMP_01,Water Pump,16.994,4.2485,417.3,26.72,49.49,1.502,1451.9,2817.2,31.41,28.0,RUNNING_OPTIMAL,0,NORMAL,5.5,OFF_PEAK,GOOD
2026-01-10 00:15:00,COMPRESSOR_01,Air Compressor,31.078,7.7695,413.3,49.33,70.65,2.487,2953.6,2898.52,195.74,210.0,RUNNING_OPTIMAL,0,NORMAL,5.5,OFF_PEAK,GOOD
2026-01-10 00:15:00,HVAC_01,HVAC System,41.96,10.49,411.1,66.96,40.58,1.671,973.1,3219.74,1200.42,1200.0,RUNNING_OPTIMAL,0,NORMAL,5.5,OFF_PEAK,GOOD
2026-01-10 00:15:00,MOTOR_01,Spinning Motor,39.121,9.7802,416.8,61.58,58.2,1.901,1490.2,2974.68,47.69,48.0,RUNNING_OPTIMAL,0,NORMAL,5.5,OFF_PEAK,GOOD
2026-01-10 00:15:00,PUMP_01,Water Pump,16.191,4.0478,418.2,25.4,48.55,1.589,1454.2,2817.45,27.36,28.0,RUNNING_OPTIMAL,0,NORMAL,5.5,OFF_PEAK,GOOD
2026-01-10 00:30:00,COMPRESSOR_01,Air Compressor,32.39,8.0975,415.1,51.19,70.67,2.381,2952.8,2898.77,198.14,210.0,RUNNING_OPTIMAL,0,NORMAL,5.5,OFF_PEAK,GOOD
2026-01-10 00:30:00,HVAC_01,HVAC System,41.282,10.3205,415.9,65.12,41.1,1.632,987.5,3219.99,1183.23,1200.0,RUNNING_OPTIMAL,0,NORMAL,5.5,OFF_PEAK,GOOD
2026-01-10 00:30:00,MOTOR_01,Spinning Motor,40.375,10.0938,411.2,64.42,58.07,1.927,1487.4,2974.93,49.04,48.0,RUNNING_OPTIMAL,0,NORMAL,5.5,OFF_PEAK,GOOD
2026-01-10 00:30:00,PUMP_01,Water Pump,14.486,3.6215,410.2,23.17,47.54,1.443,1456.1,2817.7,27.82,28.0,RUNNING_OPTIMAL,0,NORMAL,5.5,OFF_PEAK,GOOD
2026-01-10 00:45:00,COMPRESSOR_01,Air Compressor,36.05,9.0125,415.1,56.98,71.47,2.404,2949.4,2899.02,218.33,210.0,RUNNING_OPTIMAL,0,NORMAL,5.5,OFF_PEAK,GOOD
2026-01-10 00:45:00,HVAC_01,HVAC System,43.099,10.7747,413.6,68.37,41.11,1.716,978.3,3220.24,1217.7,1200.0,RUNNING_OPTIMAL,0,NORMAL,5.5,OFF_PEAK,GOOD
2026-01-10 00:45:00,MOTOR_01,Spinning Motor,36.921,9.2302,412.4,58.74,57.19,1.937,1488.1,2975.18,44.93,48.0,RUNNING_OPTIMAL,0,NORMAL,5.5,OFF_PEAK,GOOD
2026-01-10 00:45:00,PUMP_01,Water Pump,17.015,4.2538,416.3,26.82,48.33,1.433,1444.2,2817.95,27.82,28.0,RUNNING_OPTIMAL,0,NORMAL,5.5,OFF_PEAK,GOOD
2026-01-10 01:00:00,COMPRESSOR_01,Air Compressor,32.606,8.1515,416.9,51.31,70.87,2.285,2955.9,2899.27,205.3,210.0,RUNNING_OPTIMAL,0,NORMAL,5.5,OFF_PEAK,GOOD
2026-01-10 01:00:00,HVAC_01,HVAC System,42.788,10.697,416.3,67.43,40.19,1.683,981.2,3220.49,1161.5,1200.0,RUNNING_OPTIMAL,0,NORMAL,5.5,OFF_PEAK,GOOD
2026-01-10 01:00:00,MOTOR_01,Spinning Motor,40.268,10.067,416.9,63.37,57.95,1.927,1485.2,2975.43,47.17,48.0,RUNNING_OPTIMAL,0,NORMAL,5.5,OFF_PEAK,GOOD
2026-01-10 01:00:00,PUMP_01,Water Pump,16.968,4.242,415.8,26.77,49.06,1.359,1450.1,2818.2,28.92,28.0,RUNNING_OPTIMAL,0,NORMAL,5.5,OFF_PEAK,GOOD
2026-01-10 01:15:00,COMPRESSOR_01,Air Compressor,35.936,8.984,414.3,56.91,71.99,2.406,2955.1,2899.52,223.21,210.0,RUNNING_OPTIMAL,0,NORMAL,5.5,OFF_PEAK,GOOD
2026-01-10 01:15:00,HVAC_01,HVAC System,42.44,10.61,419.7,66.34,41.21,1.711,976.3,3220.74,1190.21,1200.0,RUNNING_OPTIMAL,0,NORMAL,5.5,OFF_PEAK,GOOD
2026-01-10 01:15:00,MOTOR_01,Spinning Motor,41.92,10.48,418.1,65.78,58.12,1.945,1487.1,2975.68,49.25,48.0,RUNNING_OPTIMAL,0,NORMAL,5.5,OFF_PEAK,GOOD
2026-01-10 01:15:00,PUMP_01,Water Pump,16.727,4.1818,414.1,26.5,47.46,1.574,1439.6,2818.45,27.97,28.0,RUNNING_OPTIMAL,0,NORMAL,5.5,OFF_PEAK,GOOD
2026-01-10 01:30:00,COMPRESSOR_01,Air Compressor,36.523,9.1308,417.7,57.37,71.44,2.493,2943.7,2899.77,225.3,210.0,RUNNING_OPTIMAL,0,NORMAL,5.5,OFF_PEAK,GOOD
2026-01-10 01:30:00,HVAC_01,HVAC System,42.612,10.653,415.5,67.28,40.47,1.676,972.1,3220.99,1188.29,1200.0,RUNNING_OPTIMAL,0,NORMAL,5.5,OFF_PEAK,GOOD
2026-01-10 01:30:00,MOTOR_01,Spinning Motor,44.821,11.2052,418.1,70.33,56.89,1.887,1483.1,2975.93,54.1,48.0,RUNNING_OPTIMAL,0,NORMAL,5.5,OFF_PEAK,GOOD
2026-01-10 01:30:00,PUMP_01,Water Pump,15.337,3.8342,419.8,23.97,48.3,1.394,1441.8,2818.7,27.65,28.0,RUNNING_OPTIMAL,0,NORMAL,5.5,OFF_PEAK,GOOD
2026-01-10 01:45:00,COMPRESSOR_01,Air Compressor,34.926,8.7315,415.6,55.14,71.64,2.285,2951.4,2900.02,212.8,210.0,RUNNING_OPTIMAL,0,NORMAL,5.5,OFF_PEAK,GOOD
2026-01-10 01:45:00,HVAC_01,HVAC System,42.531,10.6328,419.2,66.56,40.13,1.688,979.4,3221.24,1219.85,1200.0,RUNNING_OPTIMAL,0,NORMAL,5.5,OFF_PEAK,GOOD
2026-01-10 01:45:00,MOTOR_01,Spinning Motor,39.355,9.8387,419.6,61.53,57.14,2.001,1490.4,2976.18,47.3,48.0,RUNNING_OPTIMAL,0,NORMAL,5.5,OFF_PEAK,GOOD
2026-01-10 01:45:00,PUMP_01,Water Pump,14.922,3.7305,419.1,23.36,45.65,1.543,1444.3,2818.95,27.52,28.0,RUNNING_OPTIMAL,0,NORMAL,5.5,OFF_PEAK,GOOD
2026-01-10 02:00:00,COMPRESSOR_01,Air Compressor,33.652,8.413,423.0,52.19,71.55,2.388,2946.4,2900.27,208.85,210.0,RUNNING_OPTIMAL,0,NORMAL,5.5,OFF_PEAK,GOOD
2026-01-10 02:00:00,HVAC_01,HVAC System,45.579,11.3948,413.9,72.25,41.37,1.717,979.8,3221.49,1290.55,1200.0,RUNNING_OPTIMAL,0,NORMAL,5.5,OFF_PEAK,GOOD
2026-01-10 02:00:00,MOTOR_01,Spinning Motor,40.768,10.192,420.8,63.56,56.81,1.827,1483.2,2976.43,50.63,48.0,RUNNING_OPTIMAL,0,NORMAL,5.5,OFF_PEAK,GOOD
2026-01-10 02:00:00,PUMP_01,Water Pump,16.263,4.0658,420.6,25.37,47.52,1.607,1448.9,2819.2,28.94,28.0,RUNNING_OPTIMAL,0,NORMAL,5.5,OFF_PEAK,GOOD
2026-01-10 02:15:00,COMPRESSOR_01,Air Compressor,35.042,8.7605,418.7,54.91,70.92,2.311,2942.1,2900.52,223.35,210.0,RUNNING_OPTIMAL,0,NORMAL,5.5,OFF_PEAK,GOOD
2026-01-10 02:15:00,HVAC_01,HVAC System,43.783,10.9458,418.8,68.59,40.66,1.702,978.1,3221.74,1212.61,1200.0,RUNNING_OPTIMAL,0,NORMAL,5.5,OFF_PEAK,GOOD
2026-01-10 02:15:00,MOTOR_01,Spinning Motor,43.868,10.967,416.7,69.07,57.75,2.006,1475.4,2976.68,52.68,48.0,RUNNING_OPTIMAL,0,NORMAL,5.5,OFF_PEAK,GOOD
2026-01-10 02:15:00,PUMP_01,Water Pump,17.004,4.251,416.2,26.8,48.51,1.477,1441.1,2819.45,32.34,28.0,RUNNING_OPTIMAL,0,NORMAL,5.5,OFF_PEAK,GOOD
2026-01-10 02:30:00,COMPRESSOR_01,Air Compressor,35.929,8.9822,420.2,56.1,71.52,2.322,2941.9,2900.77,223.89,210.0,RUNNING_OPTIMAL,0,NORMAL,5.5,OFF_PEAK,GOOD
2026-01-10 02:30:00,HVAC_01,HVAC System,44.671,11.1678,417.6,70.18,40.94,1.732,979.8,3221.99,1278.67,1200.0,RUNNING_OPTIMAL,0,NORMAL,5.5,OFF_PEAK,GOOD
2026-01-10 02:30:00,MOTOR_01,Spinning Motor,43.275,10.8188,414.6,68.48,57.88,1.985,1475.3,2976.93,50.05,48.0,RUNNING_OPTIMAL,0,NORMAL,5.5,OFF_PEAK,GOOD
2026-01-10 02:30:00,PUMP_01,Water Pump,18.443,4.6108,418.6,28.91,48.34,1.348,1444.1,2819.7,29.55,28.0,RUNNING_OPTIMAL,0,NORMAL,5.5,OFF_PEAK,GOOD
2026-01-10 02:45:00,COMPRESSOR_01,Air Compressor,35.148,8.787,419.5,54.97,71.12,2.498,2947.4,2901.02,216.05,210.0,RUNNING_OPTIMAL,0,NORMAL,5.5,OFF_PEAK,GOOD
2026-01-10 02:45:00,HVAC_01,HVAC System,44.44,11.11,418.7,69.64,40.03,1.788,981.5,3222.24,1299.76,1200.0,RUNNING_OPTIMAL,0,NORMAL,5.5,OFF_PEAK,GOOD
2026-01-10 02:45:00,MOTOR_01,Spinning Motor,41.362,10.3405,422.0,64.31,57.52,1.84,1480.2,2977.18,50.06,48.0,RUNNING_OPTIMAL,0,NORMAL,5.5,OFF_PEAK,GOOD
2026-01-10 02:45:00,PUMP_01,Water Pump,15.998,3.9995,420.4,24.97,47.59,1.42,1452.9,2819.95,29.33,28.0,RUNNING_OPTIMAL,0,NORMAL,5.5,OFF_PEAK,GOOD
2026-01-10 03:00:00,COMPRESSOR_01,Air Compressor,36.666,9.1665,418.8,57.44,71.71,2.423,2938.6,2901.27,229.88,210.0,RUNNING_OPTIMAL,0,NORMAL,5.5,OFF_PEAK,GOOD
2026-01-10 03:00:00,HVAC_01,HVAC System,43.98,10.995,415.1,69.51,41.05,1.675,982.3,3222.49,1219.52,1200.0,RUNNING_OPTIMAL,0,NORMAL,5.5,OFF_PEAK,GOOD
2026-01-10 03:00:00,MOTOR_01,Spinning Motor,42.569,10.6422,420.4,66.43,58.54,1.961,1479.0,2977.43,55.06,48.0,RUNNING_OPTIMAL,0,NORMAL,5.5,OFF_PEAK,GOOD
2026-01-10 03:00:00,PUMP_01,Water Pump,17.997,4.4992,422.9,27.92,46.82,1.565,1447.6,2820.2,29.14,28.0,RUNNING_OPTIMAL,0,NORMAL,5.5,OFF_PEAK,GOOD
2026-01-10 03:15:00,COMPRESSOR_01,Air Compressor,35.287,8.8218,417.1,55.5,71.28,2.42,2949.6,2901.52,228.87,210.0,RUNNING_OPTIMAL,0,NORMAL,5.5,OFF_PEAK,GOOD
2026-01-10 03:15:00,HVAC_01,HVAC System,41.968,10.492,421.1,65.39,40.34,1.693,976.2,3222.74,1212.45,1200.0,RUNNING_OPTIMAL,0,NORMAL,5.5,OFF_PEAK,GOOD
2026-01-10 03:15:00,MOTOR_01,Spinning Motor,44.911,11.2278,417.8,70.52,59.32,1.936,1487.6,2977.68,53.68,48.0,RUNNING_OPTIMAL,0,NORMAL,5.5,OFF_PEAK,GOOD
2026-01-10 03:15:00,PUMP_01,Water Pump,16.485,4.1212,422.3,25.61,47.74,1.54,1442.7,2820.45,28.85,28.0,RUNNING_OPTIMAL,0,NORMAL,5.5,OFF_PEAK,GOOD
2026-01-10 03:30:00,COMPRESSOR_01,Air Compressor,36.772,9.193,424.4,56.85,70.98,2.376,2940.9,2901.77,227.84,210.0,RUNNING_OPTIMAL,0,NORMAL,5.5,OFF_PEAK,GOOD
2026-01-10 03:30:00,HVAC_01,HVAC System,44.017,11.0043,420.6,68.66,40.94,1.742,984.1,3222.99,1267.27,1200.0,RUNNING_OPTIMAL,0,NORMAL,5.5,OFF_PEAK,GOOD
2026-01-10 03:30:00,MOTOR_01,Spinning Motor,40.641,10.1602,423.3,62.99,59.18,1.909,1484.4,2977.93,50.23,48.0,RUNNING_OPTIMAL,0,NORMAL,5.5,OFF_PEAK,GOOD
2026-01-10 03:30:00,PUMP_01,Water Pump,17.792,4.448,417.1,27.99,48.44,1.547,1443.2,2820.7,31.17,28.0,RUNNING_OPTIMAL,0,NORMAL,5.5,OFF_PEAK,GOOD
2026-01-10 03:45:00,COMPRESSOR_01,Air Compressor,35.926,8.9815,424.5,55.52,71.9,2.539,2943.3,2902.02,226.05,210.0,RUNNING_OPTIMAL,0,NORMAL,5.5,OFF_PEAK,GOOD
2026-01-10 03:45:00,HVAC_01,HVAC System,46.023,11.5058,425.6,70.95,41.16,1.762,972.6,3223.24,1307.03,1200.0,RUNNING_OPTIMAL,0,NORMAL,5.5,OFF_PEAK,GOOD
2026-01-10 03:45:00,MOTOR_01,Spinning Motor,40.46,10.115,422.7,62.8,57.5,1.915,1483.6,2978.18,46.71,48.0,RUNNING_OPTIMAL,0,NORMAL,5.5,OFF_PEAK,GOOD
2026-01-10 03:45:00,PUMP_01,Water Pump,16.821,4.2053,416.2,26.52,46.78,1.593,1439.5,2820.95,33.18,28.0,RUNNING_OPTIMAL,0,NORMAL,5.5,OFF_PEAK,GOOD
2026-01-10 04:00:00,COMPRESSOR_01,Air Compressor,33.229,8.3072,425.1,51.28,70.13,2.463,2946.3,2902.27,214.77,210.0,RUNNING_OPTIMAL,0,NORMAL,5.5,OFF_PEAK,GOOD
2026-01-10 04:00:00,HVAC_01,HVAC System,47.45,11.8625,424.0,73.42,42.31,1.724,981.2,3223.49,1314.76,1200.0,RUNNING_OPTIMAL,0,NORMAL,5.5,OFF_PEAK,GOOD
2026-01-10 04:00:00,MOTOR_01,Spinning Motor,42.488,10.622,422.2,66.02,58.94,1.898,1483.8,2978.43,54.75,48.0,RUNNING_OPTIMAL,0,NORMAL,5.5,OFF_PEAK,GOOD
2026-01-10 04:00:00,PUMP_01,Water Pump,16.521,4.1302,422.2,25.67,48.53,1.498,1448.8,2821.2,31.42,28.0,RUNNING_OPTIMAL,0,NORMAL,5.5,OFF_PEAK,GOOD
2026-01-10 04:15:00,COMPRESSOR_01,Air Compressor,37.634,9.4085,422.7,58.41,73.96,2.475,2939.8,2902.52,237.22,210.0,RUNNING_OPTIMAL,0,NORMAL,5.5,OFF_PEAK,GOOD
2026-01-10 04:15:00,HVAC_01,HVAC System,45.668,11.417,419.4,71.44,41.55,1.785,979.9,3223.74,1300.46,1200.0,RUNNING_OPTIMAL,0,NORMAL,5.5,OFF_PEAK,GOOD
2026-01-10 04:15:00,MOTOR_01,Spinning Motor,42.787,10.6968,421.9,66.54,58.07,2.092,1479.4,2978.68,50.98,48.0,RUNNING_OPTIMAL,0,NORMAL,5.5,OFF_PEAK,GOOD
2026-01-10 04:15:00,PUMP_01,Water Pump,19.252,4.813,420.9,30.01,49.27,1.547,1453.0,2821.45,33.26,28.0,RUNNING_OPTIMAL,0,NORMAL,5.5,OFF_PEAK,GOOD
2026-01-10 04:30:00,COMPRESSOR_01,Air Compressor,35.56,8.89,425.8,54.79,70.28,2.368,2949.2,2902.77,224.57,210.0,RUNNING_OPTIMAL,0,NORMAL,5.5,OFF_PEAK,GOOD
2026-01-10 04:30:00,HVAC_01,HVAC System,44.385,11.0962,422.7,68.89,41.08,1.77,985.1,3223.99,1275.35,1200.0,RUNNING_OPTIMAL,0,NORMAL,5.5,OFF_PEAK,GOOD
2026-01-10 04:30:00,MOTOR_01,Spinning Motor,44.362,11.0905,425.0,68.48,58.29,2.047,1485.2,2978.93,52.96,48.0,RUNNING_OPTIMAL,0,NORMAL,5.5,OFF_PEAK,GOOD
2026-01-10 04:30:00,PUMP_01,Water Pump,17.083,4.2707,421.9,26.57,48.21,1.594,1446.0,2821.7,29.76,28.0,RUNNING_OPTIMAL,0,NORMAL,5.5,OFF_PEAK,GOOD
2026-01-10 04:45:00,COMPRESSOR_01,Air Compressor,37.633,9.4082,420.4,58.73,72.17,2.63,2939.4,2903.02,238.91,210.0,RUNNING_OPTIMAL,0,NORMAL,5.5,OFF_PEAK,GOOD
2026-01-10 04:45:00,HVAC_01,HVAC System,41.782,10.4455,422.2,64.93,40.28,1.733,975.3,3224.24,1219.04,1200.0,RUNNING_OPTIMAL,0,NORMAL,5.5,OFF_PEAK,GOOD
2026-01-10 04:45:00,MOTOR_01,Spinning Motor,43.947,10.9868,421.2,68.45,59.08,1.907,1473.5,2979.18,53.78,48.0,RUNNING_OPTIMAL,0,NORMAL,5.5,OFF_PEAK,GOOD
2026-01-10 04:45:00,PUMP_01,Water Pump,17.817,4.4542,423.3,27.61,48.81,1.523,1445.5,2821.95,29.52,28.0,RUNNING_OPTIMAL,0,NORMAL,5.5,OFF_PEAK,GOOD
2026-01-10 05:00:00,COMPRESSOR_01,Air Compressor,36.705,9.1762,426.2,56.5,72.85,2.509,2938.5,2903.27,227.12,210.0,RUNNING_OPTIMAL,0,NORMAL,5.5,OFF_PEAK,GOOD
2026-01-10 05:00:00,HVAC_01,HVAC System,45.259,11.3148,419.2,70.83,42.94,1.873,975.6,3224.49,1288.95,1200.0,RUNNING_OPTIMAL,0,NORMAL,5.5,OFF_PEAK,GOOD
2026-01-10 05:00:00,MOTOR_01,Spinning Motor,43.422,10.8555,424.8,67.06,58.68,1.891,1480.0,2979.43,50.46,48.0,RUNNING_OPTIMAL,0,NORMAL,5.5,OFF_PEAK,GOOD
2026-01-10 05:00:00,PUMP_01,Water Pump,16.62,4.155,424.2,25.7,48.77,1.541,1446.1,2822.2,30.34,28.0,RUNNING_OPTIMAL,0,NORMAL,5.5,OFF_PEAK,GOOD
2026-01-10 05:15:00,COMPRESSOR_01,Air Compressor,37.093,9.2733,424.5,57.33,72.86,2.369,2941.9,2903.52,224.06,210.0,RUNNING_OPTIMAL,0,NORMAL,5.5,OFF_PEAK,GOOD
2026-01-10 05:15:00,HVAC_01,HVAC System,45.428,11.357,422.3,70.58,42.96,1.658,984.3,3224.74,1277.21,1200.0,RUNNING_OPTIMAL,0,NORMAL,5.5,OFF_PEAK,GOOD
2026-01-10 05:15:00,MOTOR_01,Spinning Motor,39.404,9.851,418.0,61.85,59.11,2.076,1483.6,2979.68,50.47,48.0,RUNNING_OPTIMAL,0,NORMAL,5.5,OFF_PEAK,GOOD
2026-01-10 05:15:00,PUMP_01,Water Pump,15.943,3.9858,426.3,24.54,50.02,1.669,1450.3,2822.45,30.94,28.0,RUNNING_OPTIMAL,0,NORMAL,5.5,OFF_PEAK,GOOD
2026-01-10 05:30:00,COMPRESSOR_01,Air Compressor,37.293,9.3232,418.8,58.42,73.34,2.446,2936.7,2903.77,234.26,210.0,RUNNING_OPTIMAL,0,NORMAL,5.5,OFF_PEAK,GOOD
2026-01-10 05:30:00,HVAC_01,HVAC System,44.567,11.1418,425.3,68.75,41.7,1.817,978.3,3224.99,1272.17,1200.0,RUNNING_OPTIMAL,0,NORMAL,5.5,OFF_PEAK,GOOD
2026-01-10 05:30:00,MOTOR_01,Spinning Motor,42.572,10.643,420.8,66.38,59.77,1.983,1477.0,2979.93,51.25,48.0,RUNNING_OPTIMAL,0,NORMAL,5.5,OFF_PEAK,GOOD
2026-01-10 05:30:00,PUMP_01,Water Pump,17.295,4.3238,425.8,26.65,50.83,1.539,1442.0,2822.7,30.41,28.0,RUNNING_OPTIMAL,0,NORMAL,5.5,OFF_PEAK,GOOD
2026-01-10 05:45:00,COMPRESSOR_01,Air Compressor,33.264,8.316,423.7,51.51,71.21,2.293,2950.4,2904.02,213.71,210.0,RUNNING_OPTIMAL,0,NORMAL,5.5,OFF_PEAK,GOOD
2026-01-10 05:45:00,HVAC_01,HVAC System,46.553,11.6382,422.3,72.32,43.01,1.812,973.9,3225.24,1299.26,1200.0,RUNNING_OPTIMAL,0,NORMAL,5.5,OFF_PEAK,GOOD
2026-01-10 05:45:00,MOTOR_01,Spinning Motor,42.955,10.7388,427.8,65.88,59.16,1.928,1477.9,2980.18,51.53,48.0,RUNNING_OPTIMAL,0,NORMAL,5.5,OFF_PEAK,GOOD
2026-01-10 05:45:00,PUMP_01,Water Pump,17.042,4.2605,424.3,26.35,50.66,1.437,1448.1,2822.95,32.17,28.0,RUNNING_OPTIMAL,0,NORMAL,5.5,OFF_PEAK,GOOD
2026-01-10 06:00:00,COMPRESSOR_01,Air Compressor,37.031,9.2578,425.3,57.13,74.67,2.305,2940.6,2904.27,232.11,210.0,RUNNING_OPTIMAL,0,NORMAL,7.5,NORMAL,GOOD
2026-01-10 06:00:00,HVAC_01,HVAC System,46.762,11.6905,422.5,72.61,43.85,1.877,974.1,3225.49,1318.93,1200.0,RUNNING_OPTIMAL,0,NORMAL,7.5,NORMAL,GOOD
2026-01-10 06:00:00,MOTOR_01,Spinning Motor,44.449,11.1122,418.9,69.62,60.34,1.93,1480.2,2980.43,52.45,48.0,RUNNING_OPTIMAL,0,NORMAL,7.5,NORMAL,GOOD
2026-01-10 06:00:00,PUMP_01,Water Pump,20.369,5.0922,423.3,31.57,51.48,1.591,1450.6,2823.2,32.34,28.0,RUNNING_OPTIMAL,0,NORMAL,7.5,NORMAL,GOOD
2026-01-10 06:15:00,COMPRESSOR_01,Air Compressor,37.457,9.3642,422.7,58.14,74.13,2.458,2935.0,2904.52,229.3,210.0,RUNNING_OPTIMAL,0,NORMAL,7.5,NORMAL,GOOD
2026-01-10 06:15:00,HVAC_01,HVAC System,48.824,12.206,424.8,75.41,44.45,1.723,977.2,3225.74,1364.11,1200.0,RUNNING_OPTIMAL,0,NORMAL,7.5,NORMAL,GOOD
2026-01-10 06:15:00,MOTOR_01,Spinning Motor,43.906,10.9765,425.0,67.78,60.53,1.9,1484.1,2980.68,52.85,48.0,RUNNING_OPTIMAL,0,NORMAL,7.5,NORMAL,GOOD
2026-01-10 06:15:00,PUMP_01,Water Pump,17.495,4.3738,420.6,27.29,49.99,1.472,1455.5,2823.45,29.28,28.0,RUNNING_OPTIMAL,0,NORMAL,7.5,NORMAL,GOOD
2026-01-10 06:30:00,COMPRESSOR_01,Air Compressor,36.258,9.0645,425.6,55.89,74.02,2.291,2946.6,2904.77,238.0,210.0,RUNNING_OPTIMAL,0,NORMAL,7.5,NORMAL,GOOD
2026-01-10 06:30:00,HVAC_01,HVAC System,44.641,11.1602,420.0,69.73,44.25,1.667,978.9,3225.99,1301.59,1200.0,RUNNING_OPTIMAL,0,NORMAL,7.5,NORMAL,GOOD
2026-01-10 06:30:00,MOTOR_01,Spinning Motor,45.8,11.45,423.8,70.9,58.76,1.941,1479.0,2980.93,53.94,48.0,RUNNING_OPTIMAL,0,NORMAL,7.5,NORMAL,GOOD
2026-01-10 06:30:00,PUMP_01,Water Pump,17.964,4.491,419.9,28.07,51.64,1.564,1440.8,2823.7,32.59,28.0,RUNNING_OPTIMAL,0,NORMAL,7.5,NORMAL,GOOD
2026-01-10 06:45:00,COMPRESSOR_01,Air Compressor,39.138,9.7845,421.2,60.96,75.09,2.451,2937.3,2905.02,237.85,210.0,RUNNING_OPTIMAL,0,NORMAL,7.5,NORMAL,GOOD
2026-01-10 06:45:00,HVAC_01,HVAC System,46.861,11.7152,424.5,72.43,43.35,1.744,978.6,3226.24,1298.47,1200.0,RUNNING_OPTIMAL,0,NORMAL,7.5,NORMAL,GOOD
2026-01-10 06:45:00,MOTOR_01,Spinning Motor,43.901,10.9753,422.6,68.16,60.45,1.874,1478.0,2981.18,51.58,48.0,RUNNING_OPTIMAL,0,NORMAL,7.5,NORMAL,GOOD
2026-01-10 06:45:00,PUMP_01,Water Pump,18.307,4.5768,426.0,28.19,51.23,1.485,1441.8,2823.95,32.36,28.0,RUNNING_OPTIMAL,0,NORMAL,7.5,NORMAL,GOOD
2026-01-10 07:00:00,COMPRESSOR_01,Air Compressor,35.835,8.9588,422.1,55.7,75.34,2.452,2939.5,2905.27,228.48,210.0,RUNNING_OPTIMAL,0,NORMAL,7.5,NORMAL,GOOD
2026-01-10 07:00:00,HVAC_01,HVAC System,46.541,11.6352,421.6,72.43,44.87,1.673,980.4,3226.49,1315.56,1200.0,RUNNING_OPTIMAL,0,NORMAL,7.5,NORMAL,GOOD
2026-01-10 07:00:00,MOTOR_01,Spinning Motor,41.539,10.3848,421.9,64.6,62.75,1.943,1480.8,2981.43,51.61,48.0,RUNNING_OPTIMAL,0,NORMAL,7.5,NORMAL,GOOD
2026-01-10 07:00:00,PUMP_01,Water Pump,16.225,4.0562,427.1,24.92,51.32,1.55,1446.1,2824.2,28.36,28.0,RUNNING_OPTIMAL,0,NORMAL,7.5,NORMAL,GOOD
2026-01-10 07:15:00,COMPRESSOR_01,Air Compressor,36.56,9.14,419.7,57.15,74.94,2.196,2943.7,2905.52,226.29,210.0,RUNNING_OPTIMAL,0,NORMAL,7.5,NORMAL,GOOD
2026-01-10 07:15:00,HVAC_01,HVAC System,47.729,11.9322,422.7,74.08,45.19,1.657,977.0,3226.74,1326.64,1200.0,RUNNING_OPTIMAL,0,NORMAL,7.5,NORMAL,GOOD
2026-01-10 07:15:00,MOTOR_01,Spinning Motor,43.794,10.9485,422.1,68.07,63.61,2.059,1483.4,2981.68,52.09,48.0,RUNNING_OPTIMAL,0,NORMAL,7.5,NORMAL,GOOD
2026-01-10 07:15:00,PUMP_01,Water Pump,18.23,4.5575,420.7,28.43,52.52,1.477,1445.4,2824.45,31.71,28.0,RUNNING_OPTIMAL,0,NORMAL,7.5,NORMAL,GOOD
2026-01-10 07:30:00,COMPRESSOR_01,Air Compressor,34.02,8.505,422.9,52.78,74.17,2.437,2943.8,2905.77,219.15,210.0,RUNNING_OPTIMAL,0,NORMAL,7.5,NORMAL,GOOD
2026-01-10 07:30:00,HVAC_01,HVAC System,46.008,11.502,424.1,71.17,46.67,1.759,978.3,3226.99,1287.26,1200.0,RUNNING_OPTIMAL,0,NORMAL,7.5,NORMAL,GOOD
2026-01-10 07:30:00,MOTOR_01,Spinning Motor,43.375,10.8438,421.1,67.58,61.23,1.909,1476.8,2981.93,52.37,48.0,RUNNING_OPTIMAL,0,NORMAL,7.5,NORMAL,GOOD
2026-01-10 07:30:00,PUMP_01,Water Pump,17.933,4.4832,422.8,27.83,52.36,1.492,1441.5,2824.7,30.81,28.0,RUNNING_OPTIMAL,0,NORMAL,7.5,NORMAL,GOOD
2026-01-10 07:45:00,COMPRESSOR_01,Air Compressor,36.476,9.119,426.5,56.11,75.24,2.467,2942.9,2906.02,228.83,210.0,RUNNING_OPTIMAL,0,NORMAL,7.5,NORMAL,GOOD
2026-01-10 07:45:00,HVAC_01,HVAC System,44.558,11.1395,424.7,68.83,44.43,1.756,973.3,3227.24,1279.52,1200.0,RUNNING_OPTIMAL,0,NORMAL,7.5,NORMAL,GOOD
2026-01-10 07:45:00,MOTOR_01,Spinning Motor,44.024,11.006,421.2,68.57,61.83,2.034,1481.2,2982.18,53.53,48.0,RUNNING_OPTIMAL,0,NORMAL,7.5,NORMAL,GOOD
2026-01-10 07:45:00,PUMP_01,Water Pump,18.116,4.529,422.3,28.14,52.35,1.502,1447.9,2824.95,33.0,28.0,RUNNING_OPTIMAL,0,NORMAL,7.5,NORMAL,GOOD
2026-01-10 08:00:00,COMPRESSOR_01,Air Compressor,38.368,9.592,421.3,59.75,77.86,2.57,2943.8,2906.27,236.52,210.0,RUNNING_OPTIMAL,0,NORMAL,7.5,NORMAL,GOOD
2026-01-10 08:00:00,HVAC_01,HVAC System,44.2,11.05,421.5,68.8,45.11,1.648,980.1,3227.49,1246.2,1200.0,RUNNING_OPTIMAL,0,NORMAL,7.5,NORMAL,GOOD
2026-01-10 08:00:00,MOTOR_01,Spinning Motor,42.609,10.6522,421.9,66.26,63.12,1.897,1483.4,2982.43,53.41,48.0,RUNNING_OPTIMAL,0,NORMAL,7.5,NORMAL,GOOD
2026-01-10 08:00:00,PUMP_01,Water Pump,18.832,4.708,422.0,29.28,54.64,1.496,1447.7,2825.2,30.07,28.0,RUNNING_OPTIMAL,0,NORMAL,7.5,NORMAL,GOOD
2026-01-10 08:15:00,COMPRESSOR_01,Air Compressor,36.745,9.1862,417.1,57.8,75.81,2.43,2939.3,2906.52,237.19,210.0,RUNNING_OPTIMAL,0,NORMAL,7.5,NORMAL,GOOD
2026-01-10 08:15:00,HVAC_01,HVAC System,46.939,11.7348,419.8,73.36,46.4,1.676,974.0,3227.74,1323.64,1200.0,RUNNING_OPTIMAL,0,NORMAL,7.5,NORMAL,GOOD
2026-01-10 08:15:00,MOTOR_01,Spinning Motor,44.029,11.0073,427.9,67.51,62.86,1.969,1481.1,2982.68,50.64,48.0,RUNNING_OPTIMAL,0,NORMAL,7.5,NORMAL,GOOD
2026-01-10 08:15:00,PUMP_01,Water Pump,17.622,4.4055,425.0,27.2,54.52,1.576,1447.3,2825.45,31.1,28.0,RUNNING_OPTIMAL,0,NORMAL,7.5,NORMAL,GOOD
2026-01-10 08:30:00,COMPRESSOR_01,Air Compressor,37.755,9.4388,423.8,58.45,76.32,2.393,2941.5,2906.77,231.17,210.0,RUNNING_OPTIMAL,0,NORMAL,7.5,NORMAL,GOOD
2026-01-10 08:30:00,HVAC_01,HVAC System,46.255,11.5638,424.7,71.46,46.57,1.748,978.2,3227.99,1291.93,1200.0,RUNNING_OPTIMAL,0,NORMAL,7.5,NORMAL,GOOD
2026-01-10 08:30:00,MOTOR_01,Spinning Motor,43.333,10.8332,421.3,67.48,64.5,2.12,1478.9,2982.93,53.29,48.0,RUNNING_OPTIMAL,0,NORMAL,7.5,NORMAL,GOOD
2026-01-10 08:30:00,PUMP_01,Water Pump,16.216,4.054,425.5,25.0,53.7,1.597,1448.2,2825.7,29.38,28.0,RUNNING_OPTIMAL,0,NORMAL,7.5,NORMAL,GOOD
2026-01-10 08:45:00,COMPRESSOR_01,Air Compressor,36.827,9.2068,423.2,57.09,77.27,2.3,2940.7,2907.02,233.0,210.0,RUNNING_OPTIMAL,0,NORMAL,7.5,NORMAL,GOOD
2026-01-10 08:45:00,HVAC_01,HVAC System,47.317,11.8292,421.3,73.69,46.57,1.695,970.8,3228.24,1306.28,1200.0,RUNNING_OPTIMAL,0,NORMAL,7.5,NORMAL,GOOD
2026-01-10 08:45:00,MOTOR_01,Spinning Motor,42.578,10.6445,421.8,66.23,62.29,1.999,1477.2,2983.18,50.77,48.0,RUNNING_OPTIMAL,0,NORMAL,7.5,NORMAL,GOOD
2026-01-10 08:45:00,PUMP_01,Water Pump,16.515,4.1288,425.3,25.48,54.21,1.466,1450.5,2825.95,27.54,28.0,RUNNING_OPTIMAL,0,NORMAL,7.5,NORMAL,GOOD
2026-01-10 09:00:00,COMPRESSOR_01,Air Compressor,34.303,8.5758,418.4,53.79,76.47,2.438,2943.1,2907.27,216.91,210.0,RUNNING_OPTIMAL,0,NORMAL,7.5,NORMAL,GOOD
2026-01-10 09:00:00,HVAC_01,HVAC System,44.724,11.181,420.1,69.85,48.15,1.889,969.9,3228.49,1263.86,1200.0,RUNNING_OPTIMAL,0,NORMAL,7.5,NORMAL,GOOD
2026-01-10 09:00:00,MOTOR_01,Spinning Motor,43.027,10.7568,419.4,67.31,65.35,1.882,1486.0,2983.43,54.06,48.0,RUNNING_OPTIMAL,0,NORMAL,7.5,NORMAL,GOOD
2026-01-10 09:00:00,PUMP_01,Water Pump,19.035,4.7588,418.7,29.83,53.86,1.463,1444.0,2826.2,30.03,28.0,RUNNING_OPTIMAL,0,NORMAL,7.5,NORMAL,GOOD
2026-01-10 09:15:00,COMPRESSOR_01,Air Compressor,34.627,8.6568,427.1,53.19,76.94,2.252,2945.4,2907.52,212.19,210.0,RUNNING_OPTIMAL,0,NORMAL,7.5,NORMAL,GOOD
2026-01-10 09:15:00,HVAC_01,HVAC System,44.362,11.0905,426.9,68.18,47.26,1.756,982.6,3228.74,1233.51,1200.0,RUNNING_OPTIMAL,0,NORMAL,7.5,NORMAL,GOOD
2026-01-10 09:15:00,MOTOR_01,Spinning Motor,41.766,10.4415,422.0,64.93,63.64,1.894,1481.0,2983.68,50.8,48.0,RUNNING_OPTIMAL,0,NORMAL,7.5,NORMAL,GOOD
2026-01-10 09:15:00,PUMP_01,Water Pump,17.679,4.4197,423.2,27.41,55.17,1.498,1442.4,2826.45,30.99,28.0,RUNNING_OPTIMAL,0,NORMAL,7.5,NORMAL,GOOD
2026-01-10 09:30:00,COMPRESSOR_01,Air Compressor,33.176,8.294,419.4,51.9,76.19,2.434,2950.0,2907.77,208.31,210.0,RUNNING_OPTIMAL,0,NORMAL,7.5,NORMAL,GOOD
2026-01-10 09:30:00,HVAC_01,HVAC System,44.203,11.0508,422.5,68.64,47.21,1.735,983.0,3228.99,1267.15,1200.0,RUNNING_OPTIMAL,0,NORMAL,7.5,NORMAL,GOOD
2026-01-10 09:30:00,MOTOR_01,Spinning Motor,42.278,10.5695,425.9,65.13,65.35,2.074,1484.8,2983.93,52.78,48.0,RUNNING_OPTIMAL,0,NORMAL,7.5,NORMAL,GOOD
2026-01-10 09:30:00,PUMP_01,Water Pump,17.393,4.3482,421.2,27.09,54.44,1.532,1442.8,2826.7,32.53,28.0,RUNNING_OPTIMAL,0,NORMAL,7.5,NORMAL,GOOD
2026-01-10 09:45:00,COMPRESSOR_01,Air Compressor,36.439,9.1098,417.9,57.21,78.43,2.326,2941.3,2908.02,232.31,210.0,RUNNING_OPTIMAL,0,NORMAL,7.5,NORMAL,GOOD
2026-01-10 09:45:00,HVAC_01,HVAC System,43.234,10.8085,422.6,67.12,46.5,1.74,975.1,3229.24,1219.1,1200.0,RUNNING_OPTIMAL,0,NORMAL,7.5,NORMAL,GOOD
2026-01-10 09:45:00,MOTOR_01,Spinning Motor,42.997,10.7492,427.1,66.05,62.58,1.945,1491.0,2984.18,53.3,48.0,RUNNING_OPTIMAL,0,NORMAL,7.5,NORMAL,GOOD
2026-01-10 09:45:00,PUMP_01,Water Pump,16.465,4.1162,418.8,25.79,53.8,1.58,1448.4,2826.95,27.8,28.0,RUNNING_OPTIMAL,0,NORMAL,7.5,NORMAL,GOOD
2026-01-10 10:00:00,COMPRESSOR_01,Air Compressor,34.603,8.6508,420.1,54.04,78.82,2.344,2943.0,2908.27,223.27,210.0,RUNNING_OPTIMAL,0,NORMAL,7.5,NORMAL,GOOD
2026-01-10 10:00:00,HVAC_01,HVAC System,44.302,11.0755,415.3,69.99,48.63,1.84,987.6,3229.49,1286.12,1200.0,RUNNING_OPTIMAL,0,NORMAL,7.5,NORMAL,GOOD
2026-01-10 10:00:00,MOTOR_01,Spinning Motor,41.2,10.3,419.6,64.42,65.6,2.082,1481.5,2984.43,52.32,48.0,RUNNING_OPTIMAL,0,NORMAL,7.5,NORMAL,GOOD
2026-01-10 10:00:00,PUMP_01,Water Pump,16.021,4.0052,420.1,25.02,56.26,1.5,1448.0,2827.2,30.91,28.0,RUNNING_OPTIMAL,0,NORMAL,7.5,NORMAL,GOOD
2026-01-10 10:15:00,COMPRESSOR_01,Air Compressor,36.631,9.1578,418.0,57.49,79.42,2.359,2949.8,2908.52,229.98,210.0,RUNNING_OPTIMAL,0,NORMAL,7.5,NORMAL,GOOD
2026-01-10 10:15:00,HVAC_01,HVAC System,42.96,10.74,416.4,67.69,48.95,1.868,977.8,3229.74,1218.15,1200.0,RUNNING_OPTIMAL,0,NORMAL,7.5,NORMAL,GOOD
2026-01-10 10:15:00,MOTOR_01,Spinning Motor,40.169,10.0422,421.2,62.57,66.24,1.889,1487.7,2984.68,49.47,48.0,RUNNING_OPTIMAL,0,NORMAL,7.5,NORMAL,GOOD
2026-01-10 10:15:00,PUMP_01,Water Pump,18.469,4.6172,418.1,28.98,55.57,1.486,1442.2,2827.45,29.66,28.0,RUNNING_OPTIMAL,0,NORMAL,7.5,NORMAL,GOOD
2026-01-10 10:30:00,COMPRESSOR_01,Air Compressor,36.167,9.0418,418.6,56.69,79.72,2.475,2947.2,2908.77,222.17,210.0,RUNNING_OPTIMAL,0,NORMAL,7.5,NORMAL,GOOD
2026-01-10 10:30:00,HVAC_01,HVAC System,45.952,11.488,418.3,72.07,48.97,1.721,978.1,3229.99,1300.8,1200.0,RUNNING_OPTIMAL,0,NORMAL,7.5,NORMAL,GOOD
2026-01-10 10:30:00,MOTOR_01,Spinning Motor,39.334,9.8335,420.1,61.43,64.99,1.931,1487.3,2984.93,50.07,48.0,RUNNING_OPTIMAL,0,NORMAL,7.5,NORMAL,GOOD
2026-01-10 10:30:00,PUMP_01,Water Pump,16.849,4.2122,416.6,26.53,55.14,1.528,1446.9,2827.7,27.9,28.0,RUNNING_OPTIMAL,0,NORMAL,7.5,NORMAL,GOOD
2026-01-10 10:45:00,COMPRESSOR_01,Air Compressor,35.599,8.8997,423.2,55.19,78.48,2.395,2948.3,2909.02,220.92,210.0,RUNNING_OPTIMAL,0,NORMAL,7.5,NORMAL,GOOD
2026-01-10 10:45:00,HVAC_01,HVAC System,43.354,10.8385,422.0,67.4,47.98,1.75,979.2,3230.24,1269.83,1200.0,RUNNING_OPTIMAL,0,NORMAL,7.5,NORMAL,GOOD
2026-01-10 10:45:00,MOTOR_01,Spinning Motor,39.645,9.9113,421.6,61.69,65.29,2.023,1476.7,2985.18,45.87,48.0,RUNNING_OPTIMAL,0,NORMAL,7.5,NORMAL,GOOD
2026-01-10 10:45:00,PUMP_01,Water Pump,17.148,4.287,421.0,26.72,54.75,1.522,1447.0,2827.95,28.5,28.0,RUNNING_OPTIMAL,0,NORMAL,7.5,NORMAL,GOOD
2026-01-10 11:00:00,COMPRESSOR_01,Air Compressor,33.057,8.2642,419.1,51.75,79.11,2.378,2950.5,2909.27,200.7,210.0,RUNNING_OPTIMAL,0,NORMAL,7.5,NORMAL,GOOD
2026-01-10 11:00:00,HVAC_01,HVAC System,41.962,10.4905,416.2,66.15,47.9,1.641,985.0,3230.49,1155.23,1200.0,RUNNING_OPTIMAL,0,NORMAL,7.5,NORMAL,GOOD
2026-01-10 11:00:00,MOTOR_01,Spinning Motor,40.465,10.1163,421.4,63.0,66.75,1.942,1472.8,2985.43,48.09,48.0,RUNNING_OPTIMAL,0,NORMAL,7.5,NORMAL,GOOD
2026-01-10 11:00:00,PUMP_01,Water Pump,17.208,4.302,415.8,27.15,56.68,1.569,1449.7,2828.2,30.33,28.0,RUNNING_OPTIMAL,0,NORMAL,7.5,NORMAL,GOOD
2026-01-10 11:15:00,COMPRESSOR_01,Air Compressor,34.68,8.67,416.1,54.68,79.02,2.439,2943.3,2909.52,213.78,210.0,RUNNING_OPTIMAL,0,NORMAL,7.5,NORMAL,GOOD
2026-01-10 11:15:00,HVAC_01,HVAC System,41.754,10.4385,415.6,65.91,48.32,1.726,986.5,3230.74,1211.98,1200.0,RUNNING_OPTIMAL,0,NORMAL,7.5,NORMAL,GOOD
2026-01-10 11:15:00,MOTOR_01,Spinning Motor,42.474,10.6185,418.6,66.57,66.79,1.939,1476.8,2985.68,48.98,48.0,RUNNING_OPTIMAL,0,NORMAL,7.5,NORMAL,GOOD
2026-01-10 11:15:00,PUMP_01,Water Pump,16.868,4.217,418.4,26.45,56.15,1.595,1449.2,2828.45,28.28,28.0,RUNNING_OPTIMAL,0,NORMAL,7.5,NORMAL,GOOD
2026-01-10 11:30:00,COMPRESSOR_01,Air Compressor,34.714,8.6785,417.4,54.56,79.41,2.265,2952.4,2909.77,219.93,210.0,RUNNING_OPTIMAL,0,NORMAL,7.5,NORMAL,GOOD
2026-01-10 11:30:00,HVAC_01,HVAC System,43.154,10.7885,415.1,68.21,50.15,1.663,977.8,3230.99,1214.03,1200.0,RUNNING_OPTIMAL,0,NORMAL,7.5,NORMAL,GOOD
2026-01-10 11:30:00,MOTOR_01,Spinning Motor,42.787,10.6968,417.1,67.3,65.92,2.057,1487.4,2985.93,52.24,48.0,RUNNING_OPTIMAL,0,NORMAL,7.5,NORMAL,GOOD
2026-01-10 11:30:00,PUMP_01,Water Pump,17.49,4.3725,417.8,27.46,56.61,1.503,1443.9,2828.7,32.54,28.0,RUNNING_OPTIMAL,0,NORMAL,7.5,NORMAL,GOOD
2026-01-10 11:45:00,COMPRESSOR_01,Air Compressor,35.641,8.9102,418.5,55.87,79.11,2.363,2943.7,2910.02,231.06,210.0,RUNNING_OPTIMAL,0,NORMAL,7.5,NORMAL,GOOD
2026-01-10 11:45:00,HVAC_01,HVAC System,41.175,10.2938,417.1,64.77,48.77,1.538,980.6,3231.24,1197.24,1200.0,RUNNING_OPTIMAL,0,NORMAL,7.5,NORMAL,GOOD
2026-01-10 11:45:00,MOTOR_01,Spinning Motor,40.455,10.1138,416.5,63.73,66.18,1.886,1478.3,2986.18,46.27,48.0,RUNNING_OPTIMAL,0,NORMAL,7.5,NORMAL,GOOD
2026-01-10 11:45:00,PUMP_01,Water Pump,15.113,3.7782,415.7,23.85,54.38,1.525,1447.3,2828.95,29.16,28.0,RUNNING_OPTIMAL,0,NORMAL,7.5,NORMAL,GOOD
2026-01-10 12:00:00,COMPRESSOR_01,Air Compressor,33.869,8.4672,421.1,52.77,79.02,2.505,2949.6,2910.27,215.12,210.0,RUNNING_OPTIMAL,0,NORMAL,7.5,NORMAL,GOOD
2026-01-10 12:00:00,HVAC_01,HVAC System,44.918,11.2295,413.1,71.34,48.8,1.779,977.4,3231.49,1252.44,1200.0,RUNNING_OPTIMAL,0,NORMAL,7.5,NORMAL,GOOD
2026-01-10 12:00:00,MOTOR_01,Spinning Motor,37.938,9.4845,412.4,60.35,66.37,2.083,1492.3,2986.43,44.75,48.0,RUNNING_OPTIMAL,0,NORMAL,7.5,NORMAL,GOOD
2026-01-10 12:00:00,PUMP_01,Water Pump,13.343,3.3358,417.5,20.97,56.66,1.47,1444.3,2829.2,26.97,28.0,RUNNING_OPTIMAL,0,NORMAL,7.5,NORMAL,GOOD
2026-01-10 12:15:00,COMPRESSOR_01,Air Compressor,33.305,8.3262,413.7,52.82,79.23,2.251,2954.7,2910.52,205.21,210.0,RUNNING_OPTIMAL,0,NORMAL,7.5,NORMAL,GOOD
2026-01-10 12:15:00,HVAC_01,HVAC System,40.515,10.1288,416.5,63.82,115.0,1.701,974.6,3231.74,1180.94,1200.0,RUNNING_OPTIMAL,1,SENSOR_GLITCH,7.5,NORMAL,GOOD
2026-01-10 12:15:00,MOTOR_01,Spinning Motor,41.69,10.4225,417.2,65.56,67.1,1.88,1477.5,2986.68,47.62,48.0,RUNNING_OPTIMAL,0,NORMAL,7.5,NORMAL,GOOD
2026-01-10 12:15:00,PUMP_01,Water Pump,15.743,3.9358,418.8,24.66,57.75,1.582,1454.9,2829.45,28.51,28.0,RUNNING_OPTIMAL,0,NORMAL,7.5,NORMAL,GOOD
2026-01-10 12:30:00,COMPRESSOR_01,Air Compressor,32.338,8.0845,414.6,51.17,79.08,2.325,2952.4,2910.77,209.03,210.0,RUNNING_OPTIMAL,0,NORMAL,7.5,NORMAL,GOOD
2026-01-10 12:30:00,HVAC_01,HVAC System,40.049,10.0122,411.4,63.87,51.79,1.707,982.7,3231.99,1199.45,1200.0,RUNNING_OPTIMAL,0,NORMAL,7.5,NORMAL,GOOD
2026-01-10 12:30:00,MOTOR_01,Spinning Motor,40.411,10.1028,412.7,64.24,65.32,2.024,1484.8,2986.93,45.51,48.0,RUNNING_OPTIMAL,0,NORMAL,7.5,NORMAL,GOOD
2026-01-10 12:30:00,PUMP_01,Water Pump,16.147,4.0367,417.3,25.39,56.15,1.575,1447.3,2829.7,29.04,28.0,RUNNING_OPTIMAL,0,NORMAL,7.5,NORMAL,GOOD
2026-01-10 12:45:00,COMPRESSOR_01,Air Compressor,35.381,8.8452,415.5,55.87,80.35,2.355,2946.3,2911.02,222.43,210.0,RUNNING_OPTIMAL,0,NORMAL,7.5,NORMAL,GOOD
2026-01-10 12:45:00,HVAC_01,HVAC System,44.106,11.0265,414.0,69.9,49.41,1.72,976.5,3232.24,1218.3,1200.0,RUNNING_OPTIMAL,0,NORMAL,7.5,NORMAL,GOOD
2026-01-10 12:45:00,MOTOR_01,Spinning Motor,39.497,9.8742,416.7,62.19,67.24,1.882,1484.2,2987.18,46.9,48.0,RUNNING_OPTIMAL,0,NORMAL,7.5,NORMAL,GOOD
2026-01-10 12:45:00,PUMP_01,Water Pump,15.53,3.8825,416.6,24.46,57.24,1.552,1448.6,2829.95,26.78,28.0,RUNNING_OPTIMAL,0,NORMAL,7.5,NORMAL,GOOD
2026-01-10 13:00:00,COMPRESSOR_01,Air Compressor,16.058,4.0145,413.7,25.47,67.88,1.538,2958.0,2911.27,0.0,42.0,IDLE_UNLOADED,0,NORMAL,7.5,NORMAL,GOOD
2026-01-10 13:00:00,HVAC_01,HVAC System,14.706,3.6765,414.9,23.25,37.92,1.19,989.1,3232.49,0.0,240.0,IDLE_UNLOADED,0,NORMAL,7.5,NORMAL,GOOD
2026-01-10 13:00:00,MOTOR_01,Spinning Motor,11.768,2.942,412.7,18.71,53.76,1.177,1488.9,2987.43,0.0,9.6,IDLE_UNLOADED,0,NORMAL,7.5,NORMAL,GOOD
2026-01-10 13:00:00,PUMP_01,Water Pump,4.821,1.2052,413.9,7.64,42.76,1.025,1459.8,2830.2,0.0,5.6,IDLE_UNLOADED,0,NORMAL,7.5,NORMAL,GOOD
2026-01-10 13:15:00,COMPRESSOR_01,Air Compressor,16.164,4.041,411.5,25.77,65.73,1.51,2948.2,2911.52,0.0,42.0,IDLE_UNLOADED,0,NORMAL,7.5,NORMAL,GOOD
2026-01-10 13:15:00,HVAC_01,HVAC System,15.103,3.7758,409.8,24.18,38.06,1.137,982.4,3232.74,0.0,240.0,IDLE_UNLOADED,0,NORMAL,7.5,NORMAL,GOOD
2026-01-10 13:15:00,MOTOR_01,Spinning Motor,11.808,2.952,413.1,18.75,54.07,1.327,1491.7,2987.68,0.0,9.6,IDLE_UNLOADED,0,NORMAL,7.5,NORMAL,GOOD
2026-01-10 13:15:00,PUMP_01,Water Pump,3.975,0.9938,409.6,6.37,44.75,0.931,1449.7,2830.45,0.0,5.6,IDLE_UNLOADED,0,NORMAL,7.5,NORMAL,GOOD
2026-01-10 13:30:00,COMPRESSOR_01,Air Compressor,31.886,7.9715,412.5,50.71,79.36,2.242,2951.6,2911.77,196.42,210.0,RUNNING_OPTIMAL,0,NORMAL,7.5,NORMAL,GOOD
2026-01-10 13:30:00,HVAC_01,HVAC System,38.919,9.7297,412.5,61.9,49.88,1.607,972.1,3232.99,1133.47,1200.0,RUNNING_OPTIMAL,0,NORMAL,7.5,NORMAL,GOOD
2026-01-10 13:30:00,MOTOR_01,Spinning Motor,37.955,9.4888,414.2,60.12,65.5,1.866,1488.1,2987.93,45.12,48.0,RUNNING_OPTIMAL,0,NORMAL,7.5,NORMAL,GOOD
2026-01-10 13:30:00,PUMP_01,Water Pump,15.704,3.926,410.7,25.09,57.41,1.772,1451.6,2830.7,28.64,28.0,RUNNING_OPTIMAL,0,NORMAL,7.5,NORMAL,GOOD
2026-01-10 13:45:00,COMPRESSOR_01,Air Compressor,32.919,8.2297,418.0,51.67,80.12,2.276,2943.1,2912.02,204.54,210.0,RUNNING_OPTIMAL,0,NORMAL,7.5,NORMAL,GOOD
2026-01-10 13:45:00,HVAC_01,HVAC System,41.434,10.3585,410.2,66.27,48.65,1.745,974.1,3233.24,1141.83,1200.0,RUNNING_OPTIMAL,0,NORMAL,7.5,NORMAL,GOOD
2026-01-10 13:45:00,MOTOR_01,Spinning Motor,36.822,9.2055,416.8,57.96,66.81,1.89,1478.0,2988.18,47.04,48.0,RUNNING_OPTIMAL,0,NORMAL,7.5,NORMAL,GOOD
2026-01-10 13:45:00,PUMP_01,Water Pump,15.907,3.9768,410.7,25.41,57.36,1.549,1444.7,2830.95,28.28,28.0,RUNNING_OPTIMAL,0,NORMAL,7.5,NORMAL,GOOD
2026-01-10 14:00:00,COMPRESSOR_01,Air Compressor,31.325,7.8312,411.6,49.93,80.56,2.4,2951.3,2912.27,204.11,210.0,RUNNING_OPTIMAL,0,NORMAL,7.5,NORMAL,GOOD
2026-01-10 14:00:00,HVAC_01,HVAC System,40.988,10.247,414.9,64.81,49.59,1.652,980.5,3233.49,1159.09,1200.0,RUNNING_OPTIMAL,0,NORMAL,7.5,NORMAL,GOOD
2026-01-10 14:00:00,MOTOR_01,Spinning Motor,34.945,8.7362,408.2,56.17,66.55,1.961,1490.7,2988.43,43.18,48.0,RUNNING_OPTIMAL,0,NORMAL,7.5,NORMAL,GOOD
2026-01-10 14:00:00,PUMP_01,Water Pump,15.679,3.9198,411.5,25.0,55.87,1.43,1452.7,2831.2,28.04,28.0,RUNNING_OPTIMAL,0,NORMAL,7.5,NORMAL,GOOD
2026-01-10 14:15:00,COMPRESSOR_01,Air Compressor,34.875,8.7188,410.1,55.79,80.44,2.489,2940.0,2912.52,215.01,210.0,RUNNING_OPTIMAL,0,NORMAL,7.5,NORMAL,GOOD
2026-01-10 14:15:00,HVAC_01,HVAC System,42.325,10.5812,411.8,67.43,49.45,1.662,983.5,3233.74,1191.55,1200.0,RUNNING_OPTIMAL,0,NORMAL,7.5,NORMAL,GOOD
2026-01-10 14:15:00,MOTOR_01,Spinning Motor,34.763,8.6908,416.0,54.83,66.96,1.877,1484.0,2988.68,41.25,48.0,RUNNING_OPTIMAL,0,NORMAL,7.5,NORMAL,GOOD
2026-01-10 14:15:00,PUMP_01,Water Pump,14.735,3.6838,412.4,23.44,58.32,1.439,1447.5,2831.45,29.07,28.0,RUNNING_OPTIMAL,0,NORMAL,7.5,NORMAL,GOOD
2026-01-10 14:30:00,COMPRESSOR_01,Air Compressor,32.545,8.1362,408.8,52.23,78.92,2.32,2955.3,2912.77,193.6,210.0,RUNNING_OPTIMAL,0,NORMAL,7.5,NORMAL,GOOD
2026-01-10 14:30:00,HVAC_01,HVAC System,42.39,10.5975,411.3,67.62,50.24,1.645,975.3,3233.99,1184.59,1200.0,RUNNING_OPTIMAL,0,NORMAL,7.5,NORMAL,GOOD
2026-01-10 14:30:00,MOTOR_01,Spinning Motor,37.145,9.2863,406.3,59.98,68.2,1.891,1485.8,2988.93,46.61,48.0,RUNNING_OPTIMAL,0,NORMAL,7.5,NORMAL,GOOD
2026-01-10 14:30:00,PUMP_01,Water Pump,14.413,3.6032,416.3,22.71,57.03,1.567,1454.5,2831.7,28.2,28.0,RUNNING_OPTIMAL,0,NORMAL,7.5,NORMAL,GOOD
2026-01-10 14:45:00,COMPRESSOR_01,Air Compressor,29.897,7.4742,410.7,47.76,79.42,2.379,2955.8,2913.02,197.76,210.0,RUNNING_OPTIMAL,0,NORMAL,7.5,NORMAL,GOOD
2026-01-10 14:45:00,HVAC_01,HVAC System,38.065,9.5162,408.8,61.09,49.61,1.696,986.7,3234.24,1074.28,1200.0,RUNNING_OPTIMAL,0,NORMAL,7.5,NORMAL,GOOD
2026-01-10 14:45:00,MOTOR_01,Spinning Motor,37.787,9.4468,412.6,60.09,66.94,1.855,1483.1,2989.18,44.24,48.0,RUNNING_OPTIMAL,0,NORMAL,7.5,NORMAL,GOOD
2026-01-10 14:45:00,PUMP_01,Water Pump,16.279,4.0698,410.5,26.02,57.54,1.463,1450.0,2831.95,28.52,28.0,RUNNING_OPTIMAL,0,NORMAL,7.5,NORMAL,GOOD
2026-01-10 15:00:00,COMPRESSOR_01,Air Compressor,31.562,7.8905,406.0,51.0,79.8,2.301,2956.2,2913.27,199.15,210.0,RUNNING_OPTIMAL,0,NORMAL,7.5,NORMAL,GOOD
2026-01-10 15:00:00,HVAC_01,HVAC System,41.273,10.3183,406.2,66.66,48.59,1.754,976.1,3234.49,1127.71,1200.0,RUNNING_OPTIMAL,0,NORMAL,7.5,NORMAL,GOOD
2026-01-10 15:00:00,MOTOR_01,Spinning Motor,37.406,9.3515,407.9,60.17,67.8,1.76,1495.6,2989.43,44.71,48.0,RUNNING_OPTIMAL,0,NORMAL,7.5,NORMAL,GOOD
2026-01-10 15:00:00,PUMP_01,Water Pump,14.151,3.5378,408.8,22.71,57.16,1.393,1454.4,2832.2,28.96,28.0,RUNNING_OPTIMAL,0,NORMAL,7.5,NORMAL,GOOD
2026-01-10 15:15:00,COMPRESSOR_01,Air Compressor,33.33,8.3325,405.7,53.9,80.77,2.317,2950.0,2913.52,208.62,210.0,RUNNING_OPTIMAL,0,NORMAL,7.5,NORMAL,GOOD
2026-01-10 15:15:00,HVAC_01,HVAC System,35.551,8.8878,412.4,56.56,48.8,1.528,988.1,3234.74,1044.5,1200.0,RUNNING_OPTIMAL,0,NORMAL,7.5,NORMAL,GOOD
2026-01-10 15:15:00,MOTOR_01,Spinning Motor,39.532,9.883,411.2,63.07,67.87,1.932,1483.0,2989.68,48.92,48.0,RUNNING_OPTIMAL,0,NORMAL,7.5,NORMAL,GOOD
2026-01-10 15:15:00,PUMP_01,Water Pump,15.051,3.7628,407.5,24.23,56.12,1.483,1455.0,2832.45,27.24,28.0,RUNNING_OPTIMAL,0,NORMAL,7.5,NORMAL,GOOD
2026-01-10 15:30:00,COMPRESSOR_01,Air Compressor,30.607,7.6518,410.0,48.98,80.28,2.424,2949.6,2913.77,190.96,210.0,RUNNING_OPTIMAL,0,NORMAL,7.5,NORMAL,GOOD
2026-01-10 15:30:00,HVAC_01,HVAC System,38.701,9.6752,412.4,61.57,50.34,1.655,981.3,3234.99,1104.67,1200.0,RUNNING_OPTIMAL,0,NORMAL,7.5,NORMAL,GOOD
2026-01-10 15:30:00,MOTOR_01,Spinning Motor,38.584,9.646,404.3,62.61,66.05,2.076,1489.2,2989.93,45.92,48.0,RUNNING_OPTIMAL,0,NORMAL,7.5,NORMAL,GOOD
2026-01-10 15:30:00,PUMP_01,Water Pump,14.133,3.5332,409.1,22.67,57.34,1.521,1449.3,2832.7,25.63,28.0,RUNNING_OPTIMAL,0,NORMAL,7.5,NORMAL,GOOD
2026-01-10 15:45:00,COMPRESSOR_01,Air Compressor,30.726,7.6815,410.2,49.14,79.48,2.462,2955.2,2914.02,187.23,210.0,RUNNING_OPTIMAL,0,NORMAL,7.5,NORMAL,GOOD
2026-01-10 15:45:00,HVAC_01,HVAC System,39.985,9.9962,406.9,64.47,49.32,1.637,981.0,3235.24,1119.32,1200.0,RUNNING_OPTIMAL,0,NORMAL,7.5,NORMAL,GOOD
2026-01-10 15:45:00,MOTOR_01,Spinning Motor,36.555,9.1388,405.2,59.19,66.07,1.76,1494.0,2990.18,41.36,48.0,RUNNING_OPTIMAL,0,NORMAL,7.5,NORMAL,GOOD
2026-01-10 15:45:00,PUMP_01,Water Pump,13.108,3.277,413.0,20.82,54.67,1.363,1455.4,2832.95,26.05,28.0,RUNNING_OPTIMAL,0,NORMAL,7.5,NORMAL,GOOD
2026-01-10 16:00:00,COMPRESSOR_01,Air Compressor,29.591,7.3978,409.7,47.39,78.29,2.429,2955.9,2914.27,184.96,210.0,RUNNING_OPTIMAL,0,NORMAL,7.5,NORMAL,GOOD
2026-01-10 16:00:00,HVAC_01,HVAC System,40.297,10.0742,406.8,64.99,48.32,1.771,981.4,3235.49,1117.48,1200.0,RUNNING_OPTIMAL,0,NORMAL,7.5,NORMAL,GOOD
2026-01-10 16:00:00,MOTOR_01,Spinning Motor,40.866,10.2165,410.8,65.27,66.58,1.831,1479.9,2990.43,47.52,48.0,RUNNING_OPTIMAL,0,NORMAL,7.5,NORMAL,GOOD
2026-01-10 16:00:00,PUMP_01,Water Pump,14.861,3.7152,408.8,23.85,56.01,1.495,1451.0,2833.2,25.79,28.0,RUNNING_OPTIMAL,0,NORMAL,7.5,NORMAL,GOOD
2026-01-10 16:15:00,COMPRESSOR_01,Air Compressor,29.419,7.3548,406.5,47.48,78.1,2.413,2945.0,2914.52,189.33,210.0,RUNNING_OPTIMAL,0,NORMAL,7.5,NORMAL,GOOD
2026-01-10 16:15:00,HVAC_01,HVAC System,41.449,10.3622,408.3,66.6,49.77,1.798,979.4,3235.74,1151.33,1200.0,RUNNING_OPTIMAL,0,NORMAL,7.5,NORMAL,GOOD
2026-01-10 16:15:00,MOTOR_01,Spinning Motor,37.419,9.3547,408.8,60.05,66.6,1.953,1490.5,2990.68,45.41,48.0,RUNNING_OPTIMAL,0,NORMAL,7.5,NORMAL,GOOD
2026-01-10 16:15:00,PUMP_01,Water Pump,14.066,3.5165,404.7,22.8,55.43,1.47,1454.5,2833.45,22.5,28.0,RUNNING_OPTIMAL,0,NORMAL,7.5,NORMAL,GOOD
2026-01-10 16:30:00,COMPRESSOR_01,Air Compressor,31.039,7.7598,408.3,49.88,79.04,2.293,2947.2,2914.77,196.68,210.0,RUNNING_OPTIMAL,0,NORMAL,7.5,NORMAL,GOOD
2026-01-10 16:30:00,HVAC_01,HVAC System,37.687,9.4218,409.0,60.45,48.36,1.716,985.5,3235.99,1062.29,1200.0,RUNNING_OPTIMAL,0,NORMAL,7.5,NORMAL,GOOD
2026-01-10 16:30:00,MOTOR_01,Spinning Motor,35.131,8.7828,406.3,56.73,65.01,1.891,1482.7,2990.93,42.91,48.0,RUNNING_OPTIMAL,0,NORMAL,7.5,NORMAL,GOOD
2026-01-10 16:30:00,PUMP_01,Water Pump,13.628,3.407,407.3,21.95,55.88,1.535,1452.9,2833.7,26.05,28.0,RUNNING_OPTIMAL,0,NORMAL,7.5,NORMAL,GOOD
2026-01-10 16:45:00,COMPRESSOR_01,Air Compressor,33.003,8.2508,409.6,52.86,79.82,2.38,2955.0,2915.02,201.07,210.0,RUNNING_OPTIMAL,0,NORMAL,7.5,NORMAL,GOOD
2026-01-10 16:45:00,HVAC_01,HVAC System,37.616,9.404,412.2,59.87,48.82,1.738,982.5,3236.24,1082.31,1200.0,RUNNING_OPTIMAL,0,NORMAL,7.5,NORMAL,GOOD
2026-01-10 16:45:00,MOTOR_01,Spinning Motor,37.978,9.4945,410.7,60.67,65.91,1.84,1485.9,2991.18,44.43,48.0,RUNNING_OPTIMAL,0,NORMAL,7.5,NORMAL,GOOD
2026-01-10 16:45:00,PUMP_01,Water Pump,13.956,3.489,411.1,22.27,55.32,1.356,1447.4,2833.95,24.0,28.0,RUNNING_OPTIMAL,0,NORMAL,7.5,NORMAL,GOOD
2026-01-10 17:00:00,COMPRESSOR_01,Air Compressor,32.714,8.1785,406.9,52.75,77.77,2.326,2955.2,2915.27,202.51,210.0,RUNNING_OPTIMAL,0,NORMAL,7.5,NORMAL,GOOD
2026-01-10 17:00:00,HVAC_01,HVAC System,40.328,10.082,409.3,64.64,48.14,1.694,982.3,3236.49,1138.58,1200.0,RUNNING_OPTIMAL,0,NORMAL,7.5,NORMAL,GOOD
2026-01-10 17:00:00,MOTOR_01,Spinning Motor,38.178,9.5445,407.8,61.42,65.6,1.939,1487.3,2991.43,44.87,48.0,RUNNING_OPTIMAL,0,NORMAL,7.5,NORMAL,GOOD
2026-01-10 17:00:00,PUMP_01,Water Pump,16.013,4.0033,405.9,25.88,55.85,1.475,1455.7,2834.2,26.24,28.0,RUNNING_OPTIMAL,0,NORMAL,7.5,NORMAL,GOOD
2026-01-10 17:15:00,COMPRESSOR_01,Air Compressor,30.959,7.7398,411.5,49.36,79.06,2.262,2948.4,2915.52,188.67,210.0,RUNNING_OPTIMAL,0,NORMAL,7.5,NORMAL,GOOD
2026-01-10 17:15:00,HVAC_01,HVAC System,40.274,10.0685,410.8,64.32,49.85,1.657,972.1,3236.74,1146.7,1200.0,RUNNING_OPTIMAL,0,NORMAL,7.5,NORMAL,GOOD
2026-01-10 17:15:00,MOTOR_01,Spinning Motor,37.058,9.2645,405.2,60.0,64.35,1.976,1494.3,2991.68,44.77,48.0,RUNNING_OPTIMAL,0,NORMAL,7.5,NORMAL,GOOD
2026-01-10 17:15:00,PUMP_01,Water Pump,13.065,3.2662,409.1,20.95,55.53,1.446,1449.3,2834.45,24.67,28.0,RUNNING_OPTIMAL,0,NORMAL,7.5,NORMAL,GOOD
2026-01-10 17:30:00,COMPRESSOR_01,Air Compressor,31.773,7.9432,410.6,50.77,78.07,2.217,2951.9,2915.77,193.05,210.0,RUNNING_OPTIMAL,0,NORMAL,7.5,NORMAL,GOOD
2026-01-10 17:30:00,HVAC_01,HVAC System,40.84,10.21,405.3,66.11,48.76,1.934,984.6,3236.99,1169.83,1200.0,RUNNING_OPTIMAL,0,NORMAL,7.5,NORMAL,GOOD
2026-01-10 17:30:00,MOTOR_01,Spinning Motor,38.021,9.5052,402.3,62.01,65.45,1.894,1488.8,2991.93,45.37,48.0,RUNNING_OPTIMAL,0,NORMAL,7.5,NORMAL,GOOD
2026-01-10 17:30:00,PUMP_01,Water Pump,14.464,3.616,410.4,23.12,55.7,1.592,1451.1,2834.7,25.32,28.0,RUNNING_OPTIMAL,0,NORMAL,7.5,NORMAL,GOOD
2026-01-10 17:45:00,COMPRESSOR_01,Air Compressor,31.395,7.8488,408.6,50.41,78.32,2.328,2958.5,2916.02,193.04,210.0,RUNNING_OPTIMAL,0,NORMAL,7.5,NORMAL,GOOD
2026-01-10 17:45:00,HVAC_01,HVAC System,35.288,8.822,411.7,56.23,47.54,1.483,986.5,3237.24,985.67,1200.0,RUNNING_OPTIMAL,0,NORMAL,7.5,NORMAL,GOOD
2026-01-10 17:45:00,MOTOR_01,Spinning Motor,39.242,9.8105,409.4,62.89,65.09,1.906,1487.5,2992.18,46.06,48.0,RUNNING_OPTIMAL,0,NORMAL,7.5,NORMAL,GOOD
2026-01-10 17:45:00,PUMP_01,Water Pump,13.609,3.4022,407.1,21.93,54.55,1.456,1447.3,2834.95,26.48,28.0,RUNNING_OPTIMAL,0,NORMAL,7.5,NORMAL,GOOD
2026-01-10 18:00:00,COMPRESSOR_01,Air Compressor,28.387,7.0968,408.2,45.63,75.83,2.468,2959.6,2916.27,180.85,210.0,RUNNING_OPTIMAL,0,NORMAL,10.0,PEAK,GOOD
2026-01-10 18:00:00,HVAC_01,HVAC System,39.193,9.7982,411.2,62.53,47.02,1.673,976.9,3237.49,1090.06,1200.0,RUNNING_OPTIMAL,0,NORMAL,10.0,PEAK,GOOD
2026-01-10 18:00:00,MOTOR_01,Spinning Motor,37.136,9.284,404.6,60.22,63.61,1.9,1493.4,2992.43,43.32,48.0,RUNNING_OPTIMAL,0,NORMAL,10.0,PEAK,GOOD
2026-01-10 18:00:00,PUMP_01,Water Pump,15.663,3.9158,407.4,25.22,54.93,1.43,1456.8,2835.2,24.34,28.0,RUNNING_OPTIMAL,0,NORMAL,10.0,PEAK,GOOD
2026-01-10 18:15:00,COMPRESSOR_01,Air Compressor,30.395,7.5988,407.0,49.0,77.44,2.261,2960.3,2916.52,189.7,210.0,RUNNING_OPTIMAL,0,NORMAL,10.0,PEAK,GOOD
2026-01-10 18:15:00,HVAC_01,HVAC System,37.101,9.2752,409.2,59.48,46.35,1.723,977.0,3237.74,1077.59,1200.0,RUNNING_OPTIMAL,0,NORMAL,10.0,PEAK,GOOD
2026-01-10 18:15:00,MOTOR_01,Spinning Motor,35.532,8.883,409.2,56.97,64.26,1.891,1491.8,2992.68,44.13,48.0,RUNNING_OPTIMAL,0,NORMAL,10.0,PEAK,GOOD
2026-01-10 18:15:00,PUMP_01,Water Pump,12.699,3.1748,409.0,20.37,55.74,1.46,1447.2,2835.45,26.91,28.0,RUNNING_OPTIMAL,0,NORMAL,10.0,PEAK,GOOD
2026-01-10 18:30:00,COMPRESSOR_01,Air Compressor,28.623,7.1558,405.2,46.34,76.36,2.37,2953.3,2916.77,181.82,210.0,RUNNING_OPTIMAL,0,NORMAL,10.0,PEAK,GOOD
2026-01-10 18:30:00,HVAC_01,HVAC System,33.432,8.358,410.0,53.5,45.14,1.685,977.5,3237.99,959.29,1200.0,RUNNING_OPTIMAL,0,NORMAL,10.0,PEAK,GOOD
2026-01-10 18:30:00,MOTOR_01,Spinning Motor,33.942,8.4855,405.1,54.97,63.35,1.787,1487.1,2992.93,42.21,48.0,RUNNING_OPTIMAL,0,NORMAL,10.0,PEAK,GOOD
2026-01-10 18:30:00,PUMP_01,Water Pump,14.329,3.5822,407.2,23.09,53.57,1.387,1454.7,2835.7,24.35,28.0,RUNNING_OPTIMAL,0,NORMAL,10.0,PEAK,GOOD
2026-01-10 18:45:00,COMPRESSOR_01,Air Compressor,30.871,7.7178,407.1,49.75,77.31,2.485,2947.0,2917.02,193.59,210.0,RUNNING_OPTIMAL,0,NORMAL,10.0,PEAK,GOOD
2026-01-10 18:45:00,HVAC_01,HVAC System,39.825,9.9562,406.3,64.31,46.22,1.851,983.8,3238.24,1090.69,1200.0,RUNNING_OPTIMAL,0,NORMAL,10.0,PEAK,GOOD
2026-01-10 18:45:00,MOTOR_01,Spinning Motor,33.836,8.459,407.2,54.52,63.07,1.885,1489.5,2993.18,40.47,48.0,RUNNING_OPTIMAL,0,NORMAL,10.0,PEAK,GOOD
2026-01-10 18:45:00,PUMP_01,Water Pump,13.62,3.405,408.1,21.9,52.86,1.416,1458.2,2835.95,26.01,28.0,RUNNING_OPTIMAL,0,NORMAL,10.0,PEAK,GOOD
2026-01-10 19:00:00,COMPRESSOR_01,Air Compressor,29.811,7.4528,405.3,48.26,75.17,2.291,2957.0,2917.27,182.62,210.0,RUNNING_OPTIMAL,0,NORMAL,10.0,PEAK,GOOD
2026-01-10 19:00:00,HVAC_01,HVAC System,39.269,9.8172,405.0,63.61,46.72,1.854,980.1,3238.49,1103.01,1200.0,RUNNING_OPTIMAL,0,NORMAL,10.0,PEAK,GOOD
2026-01-10 19:00:00,MOTOR_01,Spinning Motor,38.069,9.5172,404.5,61.75,63.08,1.863,1485.2,2993.43,45.13,48.0,RUNNING_OPTIMAL,0,NORMAL,10.0,PEAK,GOOD
2026-01-10 19:00:00,PUMP_01,Water Pump,14.512,3.628,408.7,23.3,51.53,1.515,1448.0,2836.2,24.25,28.0,RUNNING_OPTIMAL,0,NORMAL,10.0,PEAK,GOOD
2026-01-10 19:15:00,COMPRESSOR_01,Air Compressor,29.833,7.4582,403.1,48.56,75.34,2.338,2953.7,2917.52,182.01,210.0,RUNNING_OPTIMAL,0,NORMAL,10.0,PEAK,GOOD
2026-01-10 19:15:00,HVAC_01,HVAC System,35.211,8.8028,407.9,56.63,45.27,1.702,984.5,3238.74,989.61,1200.0,RUNNING_OPTIMAL,0,NORMAL,10.0,PEAK,GOOD
2026-01-10 19:15:00,MOTOR_01,Spinning Motor,39.162,9.7905,407.4,63.07,62.92,1.831,1490.4,2993.68,46.03,48.0,RUNNING_OPTIMAL,0,NORMAL,10.0,PEAK,GOOD
2026-01-10 19:15:00,PUMP_01,Water Pump,15.765,3.9412,402.4,25.7,51.75,1.509,1448.1,2836.45,26.15,28.0,RUNNING_OPTIMAL,0,NORMAL,10.0,PEAK,GOOD
2026-01-10 19:30:00,COMPRESSOR_01,Air Compressor,30.149,7.5372,412.0,48.01,75.27,2.496,2950.9,2917.77,185.13,210.0,RUNNING_OPTIMAL,0,NORMAL,10.0,PEAK,GOOD
2026-01-10 19:30:00,HVAC_01,HVAC System,40.619,10.1548,403.6,66.03,45.83,1.699,980.7,3238.99,1121.76,1200.0,RUNNING_OPTIMAL,0,NORMAL,10.0,PEAK,GOOD
2026-01-10 19:30:00,MOTOR_01,Spinning Motor,35.3,8.825,410.3,56.45,62.8,1.964,1486.9,2993.93,45.3,48.0,RUNNING_OPTIMAL,0,NORMAL,10.0,PEAK,GOOD
2026-01-10 19:30:00,PUMP_01,Water Pump,14.585,3.6462,408.4,23.43,54.59,1.503,1442.5,2836.7,27.18,28.0,RUNNING_OPTIMAL,0,NORMAL,10.0,PEAK,GOOD
2026-01-10 19:45:00,COMPRESSOR_01,Air Compressor,29.888,7.472,404.7,48.45,75.75,2.305,2957.5,2918.02,191.47,210.0,RUNNING_OPTIMAL,0,NORMAL,10.0,PEAK,GOOD
2026-01-10 19:45:00,HVAC_01,HVAC System,39.161,9.7902,407.0,63.13,44.82,1.632,974.5,3239.24,1110.21,1200.0,RUNNING_OPTIMAL,0,NORMAL,10.0,PEAK,GOOD
2026-01-10 19:45:00,MOTOR_01,Spinning Motor,34.99,8.7475,406.1,56.53,64.34,1.959,1493.5,2994.18,44.0,48.0,RUNNING_OPTIMAL,0,NORMAL,10.0,PEAK,GOOD
2026-01-10 19:45:00,PUMP_01,Water Pump,13.359,3.3398,406.6,21.56,52.29,1.446,1444.8,2836.95,25.31,28.0,RUNNING_OPTIMAL,0,NORMAL,10.0,PEAK,GOOD
2026-01-10 20:00:00,COMPRESSOR_01,Air Compressor,29.869,7.4672,409.3,47.88,74.74,2.403,2952.6,2918.27,194.01,210.0,RUNNING_OPTIMAL,0,NORMAL,10.0,PEAK,GOOD
2026-01-10 20:00:00,HVAC_01,HVAC System,40.715,10.1788,412.6,64.74,44.72,1.648,984.7,3239.49,1128.48,1200.0,RUNNING_OPTIMAL,0,NORMAL,10.0,PEAK,GOOD
2026-01-10 20:00:00,MOTOR_01,Spinning Motor,38.103,9.5258,409.4,61.06,61.99,1.892,1491.8,2994.43,45.48,48.0,RUNNING_OPTIMAL,0,NORMAL,10.0,PEAK,GOOD
2026-01-10 20:00:00,PUMP_01,Water Pump,14.541,3.6352,410.2,23.26,50.72,1.372,1454.6,2837.2,25.36,28.0,RUNNING_OPTIMAL,0,NORMAL,10.0,PEAK,GOOD
2026-01-10 20:15:00,COMPRESSOR_01,Air Compressor,31.631,7.9078,401.7,51.66,73.99,2.383,2949.5,2918.52,194.94,210.0,RUNNING_OPTIMAL,0,NORMAL,10.0,PEAK,GOOD
2026-01-10 20:15:00,HVAC_01,HVAC System,40.331,10.0828,412.9,64.08,44.97,1.678,982.3,3239.74,1141.62,1200.0,RUNNING_OPTIMAL,0,NORMAL,10.0,PEAK,GOOD
2026-01-10 20:15:00,MOTOR_01,Spinning Motor,34.08,8.52,404.9,55.22,60.39,1.967,1492.6,2994.68,39.63,48.0,RUNNING_OPTIMAL,0,NORMAL,10.0,PEAK,GOOD
2026-01-10 20:15:00,PUMP_01,Water Pump,13.096,3.274,410.6,20.93,51.54,1.451,1449.5,2837.45,24.75,28.0,RUNNING_OPTIMAL,0,NORMAL,10.0,PEAK,GOOD
2026-01-10 20:30:00,COMPRESSOR_01,Air Compressor,28.582,7.1455,407.7,45.99,74.53,2.275,2959.1,2918.77,184.77,210.0,RUNNING_OPTIMAL,0,NORMAL,10.0,PEAK,GOOD
2026-01-10 20:30:00,HVAC_01,HVAC System,38.324,9.581,410.8,61.21,43.72,1.55,978.0,3239.99,1077.68,1200.0,RUNNING_OPTIMAL,0,NORMAL,10.0,PEAK,GOOD
2026-01-10 20:30:00,MOTOR_01,Spinning Motor,35.843,8.9608,405.3,58.02,61.84,1.8,1488.0,2994.93,42.44,48.0,RUNNING_OPTIMAL,0,NORMAL,10.0,PEAK,GOOD
2026-01-10 20:30:00,PUMP_01,Water Pump,13.636,3.409,407.9,21.93,52.12,1.578,1454.3,2837.7,25.62,28.0,RUNNING_OPTIMAL,0,NORMAL,10.0,PEAK,GOOD
2026-01-10 20:45:00,COMPRESSOR_01,Air Compressor,29.063,7.2658,408.8,46.64,73.17,2.348,2954.4,2919.02,183.89,210.0,RUNNING_OPTIMAL,0,NORMAL,10.0,PEAK,GOOD
2026-01-10 20:45:00,HVAC_01,HVAC System,39.628,9.907,404.9,64.21,45.09,1.65,974.9,3240.24,1120.71,1200.0,RUNNING_OPTIMAL,0,NORMAL,10.0,PEAK,GOOD
2026-01-10 20:45:00,MOTOR_01,Spinning Motor,38.041,9.5102,405.0,61.62,62.81,1.855,1484.3,2995.18,46.99,48.0,RUNNING_OPTIMAL,0,NORMAL,10.0,PEAK,GOOD
2026-01-10 20:45:00,PUMP_01,Water Pump,15.629,3.9072,409.8,25.02,51.69,1.478,1453.5,2837.95,25.97,28.0,RUNNING_OPTIMAL,0,NORMAL,10.0,PEAK,GOOD
2026-01-10 21:00:00,COMPRESSOR_01,Air Compressor,16.365,4.0912,407.9,26.32,67.16,1.52,2954.5,2919.27,0.0,42.0,IDLE_UNLOADED,0,NORMAL,10.0,PEAK,GOOD
2026-01-10 21:00:00,HVAC_01,HVAC System,13.954,3.4885,406.9,22.5,36.55,1.033,988.9,3240.49,0.0,240.0,IDLE_UNLOADED,0,NORMAL,10.0,PEAK,GOOD
2026-01-10 21:00:00,MOTOR_01,Spinning Motor,12.991,3.2478,410.3,20.77,54.96,1.267,1488.7,2995.43,0.0,9.6,IDLE_UNLOADED,0,NORMAL,10.0,PEAK,GOOD
2026-01-10 21:00:00,PUMP_01,Water Pump,3.774,0.9435,414.2,5.98,44.84,0.923,1455.0,2838.2,0.0,5.6,IDLE_UNLOADED,0,NORMAL,10.0,PEAK,GOOD
2026-01-10 21:15:00,COMPRESSOR_01,Air Compressor,16.669,4.1672,407.5,26.84,67.7,1.509,2948.9,2919.52,0.0,42.0,IDLE_UNLOADED,0,NORMAL,10.0,PEAK,GOOD
2026-01-10 21:15:00,HVAC_01,HVAC System,14.639,3.6598,411.8,23.32,35.67,1.053,988.4,3240.74,0.0,240.0,IDLE_UNLOADED,0,NORMAL,10.0,PEAK,GOOD
2026-01-10 21:15:00,MOTOR_01,Spinning Motor,12.451,3.1128,410.5,19.9,53.73,1.287,1492.5,2995.68,0.0,9.6,IDLE_UNLOADED,0,NORMAL,10.0,PEAK,GOOD
2026-01-10 21:15:00,PUMP_01,Water Pump,3.961,0.9902,410.2,6.34,44.82,1.053,1453.5,2838.45,0.0,5.6,IDLE_UNLOADED,0,NORMAL,10.0,PEAK,GOOD
2026-01-10 21:30:00,COMPRESSOR_01,Air Compressor,30.397,7.5992,413.8,48.19,72.89,2.328,2947.8,2919.77,197.41,210.0,RUNNING_OPTIMAL,0,NORMAL,10.0,PEAK,GOOD
2026-01-10 21:30:00,HVAC_01,HVAC System,39.059,9.7648,408.4,62.75,44.64,1.596,978.8,3240.99,1104.8,1200.0,RUNNING_OPTIMAL,0,NORMAL,10.0,PEAK,GOOD
2026-01-10 21:30:00,MOTOR_01,Spinning Motor,37.18,9.295,407.1,59.92,61.84,1.895,1486.4,2995.93,46.71,48.0,RUNNING_OPTIMAL,0,NORMAL,10.0,PEAK,GOOD
2026-01-10 21:30:00,PUMP_01,Water Pump,16.431,4.1078,410.3,26.27,49.3,1.339,1445.0,2838.7,25.49,28.0,RUNNING_OPTIMAL,0,NORMAL,10.0,PEAK,GOOD
2026-01-10 21:45:00,COMPRESSOR_01,Air Compressor,29.421,7.3552,408.3,47.28,73.04,2.263,2958.6,2920.02,181.73,210.0,RUNNING_OPTIMAL,0,NORMAL,10.0,PEAK,GOOD
2026-01-10 21:45:00,HVAC_01,HVAC System,39.053,9.7632,413.1,62.02,42.56,1.813,985.0,3241.24,1092.09,1200.0,RUNNING_OPTIMAL,0,NORMAL,10.0,PEAK,GOOD
2026-01-10 21:45:00,MOTOR_01,Spinning Motor,41.91,10.4775,406.7,67.61,61.98,2.064,1485.1,2996.18,50.77,48.0,RUNNING_OPTIMAL,0,NORMAL,10.0,PEAK,GOOD
2026-01-10 21:45:00,PUMP_01,Water Pump,16.093,4.0232,409.4,25.79,50.08,1.53,1453.4,2838.95,26.28,28.0,RUNNING_OPTIMAL,0,NORMAL,10.0,PEAK,GOOD
2026-01-10 22:00:00,COMPRESSOR_01,Air Compressor,30.449,7.6122,411.7,48.52,71.8,2.234,2946.7,2920.27,192.04,210.0,RUNNING_OPTIMAL,0,NORMAL,5.5,OFF_PEAK,GOOD
2026-01-10 22:00:00,HVAC_01,HVAC System,41.427,10.3568,412.4,65.91,44.55,1.653,977.1,3241.49,1177.29,1200.0,RUNNING_OPTIMAL,0,NORMAL,5.5,OFF_PEAK,GOOD
2026-01-10 22:00:00,MOTOR_01,Spinning Motor,38.939,9.7348,406.7,62.82,58.53,1.983,1487.1,2996.43,44.74,48.0,RUNNING_OPTIMAL,0,NORMAL,5.5,OFF_PEAK,GOOD
2026-01-10 22:00:00,PUMP_01,Water Pump,17.499,4.3748,412.2,27.85,48.93,1.372,1449.4,2839.2,26.5,28.0,RUNNING_OPTIMAL,0,NORMAL,5.5,OFF_PEAK,GOOD
2026-01-10 22:15:00,COMPRESSOR_01,Air Compressor,34.425,8.6062,408.5,55.29,72.19,2.34,2938.6,2920.52,208.75,210.0,RUNNING_OPTIMAL,0,NORMAL,5.5,OFF_PEAK,GOOD
2026-01-10 22:15:00,HVAC_01,HVAC System,43.422,10.8555,413.3,68.93,44.23,1.718,978.6,3241.74,1233.56,1200.0,RUNNING_OPTIMAL,0,NORMAL,5.5,OFF_PEAK,GOOD
2026-01-10 22:15:00,MOTOR_01,Spinning Motor,38.71,9.6775,406.6,62.46,60.61,1.858,1481.6,2996.68,43.22,48.0,RUNNING_OPTIMAL,0,NORMAL,5.5,OFF_PEAK,GOOD
2026-01-10 22:15:00,PUMP_01,Water Pump,15.55,3.8875,411.8,24.77,48.37,1.576,1453.0,2839.45,27.41,28.0,RUNNING_OPTIMAL,0,NORMAL,5.5,OFF_PEAK,GOOD
2026-01-10 22:30:00,COMPRESSOR_01,Air Compressor,32.137,8.0342,412.7,51.09,72.74,2.378,2951.9,2920.77,201.62,210.0,RUNNING_OPTIMAL,0,NORMAL,5.5,OFF_PEAK,GOOD
2026-01-10 22:30:00,HVAC_01,HVAC System,41.042,10.2605,410.6,65.58,41.47,1.569,972.4,3241.99,1175.02,1200.0,RUNNING_OPTIMAL,0,NORMAL,5.5,OFF_PEAK,GOOD
2026-01-10 22:30:00,MOTOR_01,Spinning Motor,36.218,9.0545,411.1,57.8,58.72,1.801,1480.4,2996.93,44.6,48.0,RUNNING_OPTIMAL,0,NORMAL,5.5,OFF_PEAK,GOOD
2026-01-10 22:30:00,PUMP_01,Water Pump,14.825,3.7062,413.0,23.55,48.2,1.517,1451.9,2839.7,26.45,28.0,RUNNING_OPTIMAL,0,NORMAL,5.5,OFF_PEAK,GOOD
2026-01-10 22:45:00,COMPRESSOR_01,Air Compressor,30.603,7.6508,410.9,48.86,70.82,2.302,2945.7,2921.02,185.23,210.0,RUNNING_OPTIMAL,0,NORMAL,5.5,OFF_PEAK,GOOD
2026-01-10 22:45:00,HVAC_01,HVAC System,41.198,10.2995,408.9,66.1,43.06,1.743,982.1,3242.24,1150.54,1200.0,RUNNING_OPTIMAL,0,NORMAL,5.5,OFF_PEAK,GOOD
2026-01-10 22:45:00,MOTOR_01,Spinning Motor,39.995,9.9988,406.7,64.52,59.11,1.948,1483.9,2997.18,46.88,48.0,RUNNING_OPTIMAL,0,NORMAL,5.5,OFF_PEAK,GOOD
2026-01-10 22:45:00,PUMP_01,Water Pump,15.669,3.9172,411.3,24.99,50.1,1.42,1450.1,2839.95,25.4,28.0,RUNNING_OPTIMAL,0,NORMAL,5.5,OFF_PEAK,GOOD
2026-01-10 23:00:00,COMPRESSOR_01,Air Compressor,34.352,8.588,410.7,54.88,71.65,2.319,2945.3,2921.27,210.26,210.0,RUNNING_OPTIMAL,0,NORMAL,5.5,OFF_PEAK,GOOD
2026-01-10 23:00:00,HVAC_01,HVAC System,40.307,10.0768,408.7,64.7,40.99,1.729,983.9,3242.49,1181.48,1200.0,RUNNING_OPTIMAL,0,NORMAL,5.5,OFF_PEAK,GOOD
2026-01-10 23:00:00,MOTOR_01,Spinning Motor,39.785,9.9462,415.3,62.85,59.78,1.983,1492.8,2997.43,48.04,48.0,RUNNING_OPTIMAL,0,NORMAL,5.5,OFF_PEAK,GOOD
2026-01-10 23:00:00,PUMP_01,Water Pump,15.614,3.9035,412.3,24.85,48.02,1.601,1445.2,2840.2,27.64,28.0,RUNNING_OPTIMAL,0,NORMAL,5.5,OFF_PEAK,GOOD
2026-01-10 23:15:00,COMPRESSOR_01,Air Compressor,33.254,8.3135,410.8,53.11,71.88,2.42,2950.6,2921.52,209.22,210.0,RUNNING_OPTIMAL,0,NORMAL,5.5,OFF_PEAK,GOOD
2026-01-10 23:15:00,HVAC_01,HVAC System,41.217,10.3042,416.4,64.94,41.43,1.664,987.0,3242.74,1160.88,1200.0,RUNNING_OPTIMAL,0,NORMAL,5.5,OFF_PEAK,GOOD
2026-01-10 23:15:00,MOTOR_01,Spinning Motor,39.293,9.8232,410.3,62.83,58.78,1.974,1486.5,2997.68,45.39,48.0,RUNNING_OPTIMAL,0,NORMAL,5.5,OFF_PEAK,GOOD
2026-01-10 23:15:00,PUMP_01,Water Pump,15.247,3.8118,411.8,24.29,49.41,1.518,1442.1,2840.45,26.74,28.0,RUNNING_OPTIMAL,0,NORMAL,5.5,OFF_PEAK,GOOD
2026-01-10 23:30:00,COMPRESSOR_01,Air Compressor,32.371,8.0928,415.1,51.16,72.13,2.513,2947.2,2921.77,203.63,210.0,RUNNING_OPTIMAL,0,NORMAL,5.5,OFF_PEAK,GOOD
2026-01-10 23:30:00,HVAC_01,HVAC System,39.921,9.9802,416.5,62.88,40.23,1.75,976.2,3242.99,1123.07,1200.0,RUNNING_OPTIMAL,0,NORMAL,5.5,OFF_PEAK,GOOD
2026-01-10 23:30:00,MOTOR_01,Spinning Motor,39.326,9.8315,407.1,63.38,59.33,1.92,1480.5,2997.93,48.13,48.0,RUNNING_OPTIMAL,0,NORMAL,5.5,OFF_PEAK,GOOD
2026-01-10 23:30:00,PUMP_01,Water Pump,16.814,4.2035,412.6,26.74,48.22,1.533,1443.8,2840.7,28.93,28.0,RUNNING_OPTIMAL,0,NORMAL,5.5,OFF_PEAK,GOOD
2026-01-10 23:45:00,COMPRESSOR_01,Air Compressor,30.549,7.6372,410.7,48.8,70.45,2.235,2956.7,2922.02,191.48,210.0,RUNNING_OPTIMAL,0,NORMAL,5.5,OFF_PEAK,GOOD
2026-01-10 23:45:00,HVAC_01,HVAC System,40.499,10.1248,410.0,64.81,41.27,1.814,979.9,3243.24,1155.42,1200.0,RUNNING_OPTIMAL,0,NORMAL,5.5,OFF_PEAK,GOOD
2026-01-10 23:45:00,MOTOR_01,Spinning Motor,38.308,9.577,412.2,60.97,56.9,1.838,1483.4,2998.18,45.72,48.0,RUNNING_OPTIMAL,0,NORMAL,5.5,OFF_PEAK,GOOD
2026-01-10 23:45:00,PUMP_01,Water Pump,15.525,3.8812,412.2,24.71,49.22,1.554,1452.7,2840.95,25.72,28.0,RUNNING_OPTIMAL,0,NORMAL,5.5,OFF_PEAK,GOOD
2026-01-11 00:00:00,COMPRESSOR_01,Air Compressor,35.447,8.8618,412.8,56.34,71.72,2.467,2939.9,2922.27,225.03,210.0,RUNNING_OPTIMAL,0,NORMAL,5.5,OFF_PEAK,GOOD
2026-01-11 00:00:00,HVAC_01,HVAC System,44.693,11.1732,414.0,70.83,41.51,1.808,975.2,3243.49,1277.85,1200.0,RUNNING_OPTIMAL,0,NORMAL,5.5,OFF_PEAK,GOOD
2026-01-11 00:00:00,MOTOR_01,Spinning Motor,37.548,9.387,414.9,59.37,58.37,2.032,1486.2,2998.43,45.54,48.0,RUNNING_OPTIMAL,0,NORMAL,5.5,OFF_PEAK,GOOD
2026-01-11 00:00:00,PUMP_01,Water Pump,13.899,3.4748,408.7,22.31,47.3,1.488,1458.9,2841.2,27.36,28.0,RUNNING_OPTIMAL,0,NORMAL,5.5,OFF_PEAK,GOOD
2026-01-11 00:15:00,COMPRESSOR_01,Air Compressor,35.585,8.8962,418.4,55.8,71.82,2.453,2949.8,2922.52,219.6,210.0,RUNNING_OPTIMAL,0,NORMAL,5.5,OFF_PEAK,GOOD
2026-01-11 00:15:00,HVAC_01,HVAC System,40.255,10.0638,416.7,63.38,40.1,1.758,985.4,3243.74,1139.76,1200.0,RUNNING_OPTIMAL,0,NORMAL,5.5,OFF_PEAK,GOOD
2026-01-11 00:15:00,MOTOR_01,Spinning Motor,40.351,10.0878,416.6,63.55,56.52,1.993,1481.9,2998.68,48.46,48.0,RUNNING_OPTIMAL,0,NORMAL,5.5,OFF_PEAK,GOOD
2026-01-11 00:15:00,PUMP_01,Water Pump,17.167,4.2918,415.1,27.13,49.11,1.508,1448.4,2841.45,27.42,28.0,RUNNING_OPTIMAL,0,NORMAL,5.5,OFF_PEAK,GOOD
2026-01-11 00:30:00,COMPRESSOR_01,Air Compressor,34.3,8.575,416.1,54.08,71.29,2.332,2946.5,2922.77,221.51,210.0,RUNNING_OPTIMAL,0,NORMAL,5.5,OFF_PEAK,GOOD
2026-01-11 00:30:00,HVAC_01,HVAC System,46.055,11.5138,414.8,72.84,41.63,1.897,976.4,3243.99,1296.41,1200.0,RUNNING_OPTIMAL,0,NORMAL,5.5,OFF_PEAK,GOOD
2026-01-11 00:30:00,MOTOR_01,Spinning Motor,39.507,9.8768,412.3,62.87,56.73,1.936,1483.5,2998.93,48.91,48.0,RUNNING_OPTIMAL,0,NORMAL,5.5,OFF_PEAK,GOOD
2026-01-11 00:30:00,PUMP_01,Water Pump,15.383,3.8458,411.2,24.54,48.43,1.514,1443.7,2841.7,30.01,28.0,RUNNING_OPTIMAL,0,NORMAL,5.5,OFF_PEAK,GOOD
2026-01-11 00:45:00,COMPRESSOR_01,Air Compressor,33.488,8.372,411.2,53.43,71.2,2.475,2947.4,2923.02,205.22,210.0,RUNNING_OPTIMAL,0,NORMAL,5.5,OFF_PEAK,GOOD
2026-01-11 00:45:00,HVAC_01,HVAC System,42.925,10.7312,413.5,68.11,42.0,1.74,985.3,3244.24,1208.75,1200.0,RUNNING_OPTIMAL,0,NORMAL,5.5,OFF_PEAK,GOOD
2026-01-11 00:45:00,MOTOR_01,Spinning Motor,36.458,9.1145,419.1,57.07,57.82,1.939,1486.7,2999.18,45.52,48.0,RUNNING_OPTIMAL,0,NORMAL,5.5,OFF_PEAK,GOOD
2026-01-11 00:45:00,PUMP_01,Water Pump,16.075,4.0188,417.7,25.25,48.58,1.549,1447.1,2841.95,26.87,28.0,RUNNING_OPTIMAL,0,NORMAL,5.5,OFF_PEAK,GOOD
2026-01-11 01:00:00,COMPRESSOR_01,Air Compressor,35.117,8.7792,416.6,55.3,71.71,2.422,2940.0,2923.27,222.54,210.0,RUNNING_OPTIMAL,0,NORMAL,5.5,OFF_PEAK,GOOD
2026-01-11 01:00:00,HVAC_01,HVAC System,44.482,11.1205,416.9,70.0,42.33,1.782,980.4,3244.49,1268.6,1200.0,RUNNING_OPTIMAL,0,NORMAL,5.5,OFF_PEAK,GOOD
2026-01-11 01:00:00,MOTOR_01,Spinning Motor,40.802,10.2005,414.0,64.66,57.66,1.82,1480.2,2999.43,49.77,48.0,RUNNING_OPTIMAL,0,NORMAL,5.5,OFF_PEAK,GOOD
2026-01-11 01:00:00,PUMP_01,Water Pump,15.546,3.8865,413.2,24.68,46.62,1.496,1450.3,2842.2,27.57,28.0,RUNNING_OPTIMAL,0,NORMAL,5.5,OFF_PEAK,GOOD
2026-01-11 01:15:00,COMPRESSOR_01,Air Compressor,32.005,8.0012,417.4,50.31,69.67,2.395,2949.6,2923.52,208.11,210.0,RUNNING_OPTIMAL,0,NORMAL,5.5,OFF_PEAK,GOOD
2026-01-11 01:15:00,HVAC_01,HVAC System,42.025,10.5062,417.0,66.12,41.05,1.776,971.1,3244.74,1181.88,1200.0,RUNNING_OPTIMAL,0,NORMAL,5.5,OFF_PEAK,GOOD
2026-01-11 01:15:00,MOTOR_01,Spinning Motor,39.498,9.8745,421.5,61.48,58.53,1.925,1487.9,2999.68,46.18,48.0,RUNNING_OPTIMAL,0,NORMAL,5.5,OFF_PEAK,GOOD
2026-01-11 01:15:00,PUMP_01,Water Pump,15.718,3.9295,416.1,24.78,48.07,1.45,1452.8,2842.45,28.18,28.0,RUNNING_OPTIMAL,0,NORMAL,5.5,OFF_PEAK,GOOD
2026-01-11 01:30:00,COMPRESSOR_01,Air Compressor,35.577,8.8942,415.6,56.16,72.25,2.471,2948.2,2923.77,230.94,210.0,RUNNING_OPTIMAL,0,NORMAL,5.5,OFF_PEAK,GOOD
2026-01-11 01:30:00,HVAC_01,HVAC System,41.338,10.3345,414.6,65.41,41.2,1.743,979.4,3244.99,1155.94,1200.0,RUNNING_OPTIMAL,0,NORMAL,5.5,OFF_PEAK,GOOD
2026-01-11 01:30:00,MOTOR_01,Spinning Motor,37.577,9.3942,416.8,59.15,57.3,1.883,1487.4,2999.93,46.74,48.0,RUNNING_OPTIMAL,0,NORMAL,5.5,OFF_PEAK,GOOD
2026-01-11 01:30:00,PUMP_01,Water Pump,15.628,3.907,414.2,24.75,47.75,1.575,1452.0,2842.7,26.22,28.0,RUNNING_OPTIMAL,0,NORMAL,5.5,OFF_PEAK,GOOD
2026-01-11 01:45:00,COMPRESSOR_01,Air Compressor,36.381,9.0952,419.6,56.88,71.2,2.333,2949.5,2924.02,223.01,210.0,RUNNING_OPTIMAL,0,NORMAL,5.5,OFF_PEAK,GOOD
2026-01-11 01:45:00,HVAC_01,HVAC System,42.691,10.6728,416.3,67.28,40.21,1.701,978.1,3245.24,1209.84,1200.0,RUNNING_OPTIMAL,0,NORMAL,5.5,OFF_PEAK,GOOD
2026-01-11 01:45:00,MOTOR_01,Spinning Motor,40.752,10.188,418.0,63.96,58.51,2.104,1482.6,3000.18,47.75,48.0,RUNNING_OPTIMAL,0,NORMAL,5.5,OFF_PEAK,GOOD
2026-01-11 01:45:00,PUMP_01,Water Pump,15.839,3.9598,418.0,24.86,46.85,1.559,1449.9,2842.95,28.06,28.0,RUNNING_OPTIMAL,0,NORMAL,5.5,OFF_PEAK,GOOD
2026-01-11 02:00:00,COMPRESSOR_01,Air Compressor,34.722,8.6805,421.6,54.03,71.37,2.316,2941.4,2924.27,217.41,210.0,RUNNING_OPTIMAL,0,NORMAL,5.5,OFF_PEAK,GOOD
2026-01-11 02:00:00,HVAC_01,HVAC System,43.062,10.7655,416.4,67.85,41.7,1.884,985.0,3245.49,1226.91,1200.0,RUNNING_OPTIMAL,0,NORMAL,5.5,OFF_PEAK,GOOD
2026-01-11 02:00:00,MOTOR_01,Spinning Motor,38.623,9.6558,422.3,60.0,57.11,1.935,1475.9,3000.43,47.46,48.0,RUNNING_OPTIMAL,0,NORMAL,5.5,OFF_PEAK,GOOD
2026-01-11 02:00:00,PUMP_01,Water Pump,16.806,4.2015,416.8,26.45,49.02,1.51,1443.0,2843.2,29.48,28.0,RUNNING_OPTIMAL,0,NORMAL,5.5,OFF_PEAK,GOOD
2026-01-11 02:15:00,COMPRESSOR_01,Air Compressor,34.702,8.6755,416.5,54.66,70.54,2.449,2948.1,2924.52,221.52,210.0,RUNNING_OPTIMAL,0,NORMAL,5.5,OFF_PEAK,GOOD
2026-01-11 02:15:00,HVAC_01,HVAC System,42.759,10.6898,413.0,67.93,40.74,1.749,980.7,3245.74,1239.07,1200.0,RUNNING_OPTIMAL,0,NORMAL,5.5,OFF_PEAK,GOOD
2026-01-11 02:15:00,MOTOR_01,Spinning Motor,44.041,11.0102,420.6,68.7,58.75,1.989,1485.9,3000.68,52.78,48.0,RUNNING_OPTIMAL,0,NORMAL,5.5,OFF_PEAK,GOOD
2026-01-11 02:15:00,PUMP_01,Water Pump,16.67,4.1675,422.4,25.89,48.01,1.471,1447.1,2843.45,29.15,28.0,RUNNING_OPTIMAL,0,NORMAL,5.5,OFF_PEAK,GOOD
2026-01-11 02:30:00,COMPRESSOR_01,Air Compressor,35.564,8.891,418.0,55.82,71.82,2.511,2950.2,2924.77,215.82,210.0,RUNNING_OPTIMAL,0,NORMAL,5.5,OFF_PEAK,GOOD
2026-01-11 02:30:00,HVAC_01,HVAC System,43.712,10.928,419.8,68.31,41.02,1.718,970.7,3245.99,1244.91,1200.0,RUNNING_OPTIMAL,0,NORMAL,5.5,OFF_PEAK,GOOD
2026-01-11 02:30:00,MOTOR_01,Spinning Motor,41.738,10.4345,417.7,65.56,58.95,1.935,1481.9,3000.93,53.5,48.0,RUNNING_OPTIMAL,0,NORMAL,5.5,OFF_PEAK,GOOD
2026-01-11 02:30:00,PUMP_01,Water Pump,17.59,4.3975,420.3,27.46,47.93,1.712,1451.3,2843.7,30.56,28.0,RUNNING_OPTIMAL,0,NORMAL,5.5,OFF_PEAK,GOOD
2026-01-11 02:45:00,COMPRESSOR_01,Air Compressor,32.721,8.1802,419.5,51.17,69.7,2.373,2947.0,2925.02,217.28,210.0,RUNNING_OPTIMAL,0,NORMAL,5.5,OFF_PEAK,GOOD
2026-01-11 02:45:00,HVAC_01,HVAC System,46.665,11.6662,422.2,72.52,40.58,1.613,980.0,3246.24,1294.79,1200.0,RUNNING_OPTIMAL,0,NORMAL,5.5,OFF_PEAK,GOOD
2026-01-11 02:45:00,MOTOR_01,Spinning Motor,42.341,10.5852,420.2,66.11,57.66,1.873,1478.9,3001.18,52.41,48.0,RUNNING_OPTIMAL,0,NORMAL,5.5,OFF_PEAK,GOOD
2026-01-11 02:45:00,PUMP_01,Water Pump,16.883,4.2208,419.5,26.4,48.61,1.452,1439.2,2843.95,31.02,28.0,RUNNING_OPTIMAL,0,NORMAL,5.5,OFF_PEAK,GOOD
2026-01-11 03:00:00,COMPRESSOR_01,Air Compressor,36.847,9.2118,416.3,58.07,71.28,2.386,2944.5,2925.27,228.84,210.0,RUNNING_OPTIMAL,0,NORMAL,5.5,OFF_PEAK,GOOD
2026-01-11 03:00:00,HVAC_01,HVAC System,44.26,11.065,419.1,69.29,40.8,1.66,973.9,3246.49,1256.68,1200.0,RUNNING_OPTIMAL,0,NORMAL,5.5,OFF_PEAK,GOOD
2026-01-11 03:00:00,MOTOR_01,Spinning Motor,38.906,9.7265,419.0,60.92,58.61,1.969,1484.2,3001.43,47.54,48.0,RUNNING_OPTIMAL,0,NORMAL,5.5,OFF_PEAK,GOOD
2026-01-11 03:00:00,PUMP_01,Water Pump,16.954,4.2385,415.4,26.78,48.65,1.515,1452.2,2844.2,32.03,28.0,RUNNING_OPTIMAL,0,NORMAL,5.5,OFF_PEAK,GOOD
2026-01-11 03:15:00,COMPRESSOR_01,Air Compressor,35.574,8.8935,419.6,55.62,71.31,2.306,2947.0,2925.52,231.15,210.0,RUNNING_OPTIMAL,0,NORMAL,5.5,OFF_PEAK,GOOD
2026-01-11 03:15:00,HVAC_01,HVAC System,48.669,12.1672,420.4,75.95,41.89,1.768,981.4,3246.74,1363.12,1200.0,RUNNING_OPTIMAL,0,NORMAL,5.5,OFF_PEAK,GOOD
2026-01-11 03:15:00,MOTOR_01,Spinning Motor,40.202,10.0505,421.9,62.52,57.68,1.936,1477.6,3001.68,50.95,48.0,RUNNING_OPTIMAL,0,NORMAL,5.5,OFF_PEAK,GOOD
2026-01-11 03:15:00,PUMP_01,Water Pump,17.333,4.3332,419.6,27.1,47.88,1.585,1449.6,2844.45,28.96,28.0,RUNNING_OPTIMAL,0,NORMAL,5.5,OFF_PEAK,GOOD
2026-01-11 03:30:00,COMPRESSOR_01,Air Compressor,34.583,8.6458,418.3,54.24,72.37,2.384,2938.3,2925.77,226.42,210.0,RUNNING_OPTIMAL,0,NORMAL,5.5,OFF_PEAK,GOOD
2026-01-11 03:30:00,HVAC_01,HVAC System,43.483,10.8707,423.8,67.32,41.99,1.821,980.0,3246.99,1251.53,1200.0,RUNNING_OPTIMAL,0,NORMAL,5.5,OFF_PEAK,GOOD
2026-01-11 03:30:00,MOTOR_01,Spinning Motor,42.018,10.5045,423.3,65.12,58.65,1.842,1484.9,3001.93,51.25,48.0,RUNNING_OPTIMAL,0,NORMAL,5.5,OFF_PEAK,GOOD
2026-01-11 03:30:00,PUMP_01,Water Pump,15.37,3.8425,421.3,23.94,47.68,1.551,1449.2,2844.7,28.57,28.0,RUNNING_OPTIMAL,0,NORMAL,5.5,OFF_PEAK,GOOD
2026-01-11 03:45:00,COMPRESSOR_01,Air Compressor,35.104,8.776,423.6,54.37,71.1,2.499,2945.9,2926.02,222.82,210.0,RUNNING_OPTIMAL,0,NORMAL,5.5,OFF_PEAK,GOOD
2026-01-11 03:45:00,HVAC_01,HVAC System,47.865,11.9662,420.2,74.73,40.94,1.692,981.9,3247.24,1361.89,1200.0,RUNNING_OPTIMAL,0,NORMAL,5.5,OFF_PEAK,GOOD
2026-01-11 03:45:00,MOTOR_01,Spinning Motor,42.46,10.615,417.3,66.76,58.91,1.97,1483.8,3002.18,51.97,48.0,RUNNING_OPTIMAL,0,NORMAL,5.5,OFF_PEAK,GOOD
2026-01-11 03:45:00,PUMP_01,Water Pump,16.972,4.243,420.9,26.46,49.65,1.428,1448.0,2844.95,28.83,28.0,RUNNING_OPTIMAL,0,NORMAL,5.5,OFF_PEAK,GOOD
2026-01-11 04:00:00,COMPRESSOR_01,Air Compressor,34.62,8.655,424.0,53.57,71.82,2.404,2949.7,2926.27,222.99,210.0,RUNNING_OPTIMAL,0,NORMAL,5.5,OFF_PEAK,GOOD
2026-01-11 04:00:00,HVAC_01,HVAC System,46.884,11.721,422.8,72.75,42.01,1.639,975.3,3247.49,1305.61,1200.0,RUNNING_OPTIMAL,0,NORMAL,5.5,OFF_PEAK,GOOD
2026-01-11 04:00:00,MOTOR_01,Spinning Motor,41.941,10.4852,421.0,65.36,59.8,2.036,1479.5,3002.43,49.46,48.0,RUNNING_OPTIMAL,0,NORMAL,5.5,OFF_PEAK,GOOD
2026-01-11 04:00:00,PUMP_01,Water Pump,16.221,4.0552,423.5,25.13,47.76,1.547,1448.6,2845.2,28.71,28.0,RUNNING_OPTIMAL,0,NORMAL,5.5,OFF_PEAK,GOOD
2026-01-11 04:15:00,COMPRESSOR_01,Air Compressor,37.822,9.4555,421.0,58.94,72.61,2.421,2945.6,2926.52,233.37,210.0,RUNNING_OPTIMAL,0,NORMAL,5.5,OFF_PEAK,GOOD
2026-01-11 04:15:00,HVAC_01,HVAC System,45.331,11.3328,422.6,70.38,42.12,1.805,972.4,3247.74,1301.81,1200.0,RUNNING_OPTIMAL,0,NORMAL,5.5,OFF_PEAK,GOOD
2026-01-11 04:15:00,MOTOR_01,Spinning Motor,42.107,10.5268,420.9,65.63,59.3,1.951,1477.6,3002.68,50.32,48.0,RUNNING_OPTIMAL,0,NORMAL,5.5,OFF_PEAK,GOOD
2026-01-11 04:15:00,PUMP_01,Water Pump,15.228,3.807,423.6,23.59,49.49,1.631,1450.9,2845.45,27.4,28.0,RUNNING_OPTIMAL,0,NORMAL,5.5,OFF_PEAK,GOOD
2026-01-11 04:30:00,COMPRESSOR_01,Air Compressor,35.851,8.9628,422.2,55.71,71.83,2.338,2940.9,2926.77,230.14,210.0,RUNNING_OPTIMAL,0,NORMAL,5.5,OFF_PEAK,GOOD
2026-01-11 04:30:00,HVAC_01,HVAC System,48.086,12.0215,422.1,74.74,42.07,1.712,974.9,3247.99,1338.98,1200.0,RUNNING_OPTIMAL,0,NORMAL,5.5,OFF_PEAK,GOOD
2026-01-11 04:30:00,MOTOR_01,Spinning Motor,39.986,9.9965,424.0,61.87,57.46,2.028,1482.6,3002.93,49.26,48.0,RUNNING_OPTIMAL,0,NORMAL,5.5,OFF_PEAK,GOOD
2026-01-11 04:30:00,PUMP_01,Water Pump,18.217,4.5542,418.0,28.59,48.58,1.527,1446.3,2845.7,31.82,28.0,RUNNING_OPTIMAL,0,NORMAL,5.5,OFF_PEAK,GOOD
2026-01-11 04:45:00,COMPRESSOR_01,Air Compressor,34.775,8.6938,421.7,54.1,72.09,2.434,2942.1,2927.02,227.24,210.0,RUNNING_OPTIMAL,0,NORMAL,5.5,OFF_PEAK,GOOD
2026-01-11 04:45:00,HVAC_01,HVAC System,45.657,11.4142,419.6,71.39,41.68,1.682,978.3,3248.24,1293.32,1200.0,RUNNING_OPTIMAL,0,NORMAL,5.5,OFF_PEAK,GOOD
2026-01-11 04:45:00,MOTOR_01,Spinning Motor,41.124,10.281,422.2,63.9,58.16,1.963,1480.6,3003.18,48.88,48.0,RUNNING_OPTIMAL,0,NORMAL,5.5,OFF_PEAK,GOOD
2026-01-11 04:45:00,PUMP_01,Water Pump,16.068,4.017,420.3,25.08,48.16,1.413,1447.9,2845.95,32.66,28.0,RUNNING_OPTIMAL,0,NORMAL,5.5,OFF_PEAK,GOOD
2026-01-11 05:00:00,COMPRESSOR_01,Air Compressor,36.593,9.1483,426.3,56.32,72.28,2.362,2947.4,2927.27,227.74,210.0,RUNNING_OPTIMAL,0,NORMAL,5.5,OFF_PEAK,GOOD
2026-01-11 05:00:00,HVAC_01,HVAC System,47.559,11.8898,418.4,74.58,43.22,1.726,974.7,3248.49,1302.37,1200.0,RUNNING_OPTIMAL,0,NORMAL,5.5,OFF_PEAK,GOOD
2026-01-11 05:00:00,MOTOR_01,Spinning Motor,42.881,10.7202,420.3,66.94,60.85,1.902,1482.3,3003.43,52.02,48.0,RUNNING_OPTIMAL,0,NORMAL,5.5,OFF_PEAK,GOOD
2026-01-11 05:00:00,PUMP_01,Water Pump,15.554,3.8885,423.8,24.08,49.25,1.446,1450.0,2846.2,31.55,28.0,RUNNING_OPTIMAL,0,NORMAL,5.5,OFF_PEAK,GOOD
2026-01-11 05:15:00,COMPRESSOR_01,Air Compressor,36.124,9.031,421.2,56.27,73.22,2.336,2940.3,2927.52,231.67,210.0,RUNNING_OPTIMAL,0,NORMAL,5.5,OFF_PEAK,GOOD
2026-01-11 05:15:00,HVAC_01,HVAC System,45.385,11.3462,424.8,70.09,42.58,1.795,978.8,3248.74,1267.64,1200.0,RUNNING_OPTIMAL,0,NORMAL,5.5,OFF_PEAK,GOOD
2026-01-11 05:15:00,MOTOR_01,Spinning Motor,43.943,10.9858,423.0,68.16,60.75,1.935,1478.5,3003.68,50.49,48.0,RUNNING_OPTIMAL,0,NORMAL,5.5,OFF_PEAK,GOOD
2026-01-11 05:15:00,PUMP_01,Water Pump,17.289,4.3223,425.5,26.66,49.85,1.346,1446.6,2846.45,29.43,28.0,RUNNING_OPTIMAL,0,NORMAL,5.5,OFF_PEAK,GOOD
2026-01-11 05:30:00,COMPRESSOR_01,Air Compressor,38.469,9.6172,422.2,59.78,72.47,2.392,2939.0,2927.77,233.97,210.0,RUNNING_OPTIMAL,0,NORMAL,5.5,OFF_PEAK,GOOD
2026-01-11 05:30:00,HVAC_01,HVAC System,46.667,11.6668,422.2,72.52,42.42,1.802,982.4,3248.99,1317.22,1200.0,RUNNING_OPTIMAL,0,NORMAL,5.5,OFF_PEAK,GOOD
2026-01-11 05:30:00,MOTOR_01,Spinning Motor,42.48,10.62,421.7,66.09,58.31,1.982,1482.2,3003.93,53.79,48.0,RUNNING_OPTIMAL,0,NORMAL,5.5,OFF_PEAK,GOOD
2026-01-11 05:30:00,PUMP_01,Water Pump,17.326,4.3315,421.4,26.97,48.39,1.643,1454.2,2846.7,30.62,28.0,RUNNING_OPTIMAL,0,NORMAL,5.5,OFF_PEAK,GOOD
2026-01-11 05:45:00,COMPRESSOR_01,Air Compressor,37.905,9.4762,415.2,59.9,73.22,2.249,2946.3,2928.02,231.55,210.0,RUNNING_OPTIMAL,0,NORMAL,5.5,OFF_PEAK,GOOD
2026-01-11 05:45:00,HVAC_01,HVAC System,48.185,12.0462,421.2,75.06,42.97,1.845,982.7,3249.24,1362.98,1200.0,RUNNING_OPTIMAL,0,NORMAL,5.5,OFF_PEAK,GOOD
2026-01-11 05:45:00,MOTOR_01,Spinning Motor,40.688,10.172,423.5,63.03,58.61,1.936,1474.4,3004.18,52.16,48.0,RUNNING_OPTIMAL,0,NORMAL,5.5,OFF_PEAK,GOOD
2026-01-11 05:45:00,PUMP_01,Water Pump,18.162,4.5405,425.5,28.0,50.05,1.464,1448.3,2846.95,30.12,28.0,RUNNING_OPTIMAL,0,NORMAL,5.5,OFF_PEAK,GOOD
2026-01-11 06:00:00,COMPRESSOR_01,Air Compressor,37.138,9.2845,420.6,57.93,74.63,2.548,2938.9,2928.27,234.96,210.0,RUNNING_OPTIMAL,0,NORMAL,7.5,NORMAL,GOOD
2026-01-11 06:00:00,HVAC_01,HVAC System,47.823,11.9558,425.6,73.72,44.37,1.803,972.6,3249.49,1363.6,1200.0,RUNNING_OPTIMAL,0,NORMAL,7.5,NORMAL,GOOD
2026-01-11 06:00:00,MOTOR_01,Spinning Motor,44.834,11.2085,425.8,69.08,61.34,2.024,1483.8,3004.43,51.61,48.0,RUNNING_OPTIMAL,0,NORMAL,7.5,NORMAL,GOOD
2026-01-11 06:00:00,PUMP_01,Water Pump,17.203,4.3008,421.5,26.78,50.59,1.475,1447.4,2847.2,31.1,28.0,RUNNING_OPTIMAL,0,NORMAL,7.5,NORMAL,GOOD
2026-01-11 06:15:00,COMPRESSOR_01,Air Compressor,37.343,9.3358,419.3,58.43,73.67,2.63,2941.7,2928.52,231.42,210.0,RUNNING_OPTIMAL,0,NORMAL,7.5,NORMAL,GOOD
2026-01-11 06:15:00,HVAC_01,HVAC System,46.575,11.6438,422.0,72.41,44.16,1.717,973.6,3249.74,1361.23,1200.0,RUNNING_OPTIMAL,0,NORMAL,7.5,NORMAL,GOOD
2026-01-11 06:15:00,MOTOR_01,Spinning Motor,39.886,9.9715,419.1,62.44,60.25,1.91,1478.2,3004.68,49.76,48.0,RUNNING_OPTIMAL,0,NORMAL,7.5,NORMAL,GOOD
2026-01-11 06:15:00,PUMP_01,Water Pump,17.704,4.426,421.6,27.55,50.7,1.494,1450.1,2847.45,31.22,28.0,RUNNING_OPTIMAL,0,NORMAL,7.5,NORMAL,GOOD
2026-01-11 06:30:00,COMPRESSOR_01,Air Compressor,35.734,8.9335,423.0,55.42,74.69,2.506,2940.8,2928.77,223.39,210.0,RUNNING_OPTIMAL,0,NORMAL,7.5,NORMAL,GOOD
2026-01-11 06:30:00,HVAC_01,HVAC System,46.825,11.7062,424.2,72.42,43.88,1.798,978.9,3249.99,1361.53,1200.0,RUNNING_OPTIMAL,0,NORMAL,7.5,NORMAL,GOOD
2026-01-11 06:30:00,MOTOR_01,Spinning Motor,41.17,10.2925,422.2,63.98,59.91,2.024,1480.0,3004.93,50.82,48.0,RUNNING_OPTIMAL,0,NORMAL,7.5,NORMAL,GOOD
2026-01-11 06:30:00,PUMP_01,Water Pump,18.303,4.5758,421.4,28.5,50.99,1.523,1445.3,2847.7,33.32,28.0,RUNNING_OPTIMAL,0,NORMAL,7.5,NORMAL,GOOD
2026-01-11 06:45:00,COMPRESSOR_01,Air Compressor,38.116,9.529,424.3,58.94,75.28,2.522,2943.5,2929.02,239.25,210.0,RUNNING_OPTIMAL,0,NORMAL,7.5,NORMAL,GOOD
2026-01-11 06:45:00,HVAC_01,HVAC System,44.914,11.2285,422.8,69.7,43.69,1.813,985.6,3250.24,1282.41,1200.0,RUNNING_OPTIMAL,0,NORMAL,7.5,NORMAL,GOOD
2026-01-11 06:45:00,MOTOR_01,Spinning Motor,42.669,10.6672,425.0,65.87,60.22,1.943,1480.1,3005.18,53.3,48.0,RUNNING_OPTIMAL,0,NORMAL,7.5,NORMAL,GOOD
2026-01-11 06:45:00,PUMP_01,Water Pump,16.049,4.0122,428.7,24.56,47.92,1.403,1448.1,2847.95,30.34,28.0,RUNNING_OPTIMAL,0,NORMAL,7.5,NORMAL,GOOD
2026-01-11 07:00:00,COMPRESSOR_01,Air Compressor,35.568,8.892,422.5,55.23,73.45,2.394,2940.7,2929.27,224.11,210.0,RUNNING_OPTIMAL,0,NORMAL,7.5,NORMAL,GOOD
2026-01-11 07:00:00,HVAC_01,HVAC System,43.244,10.811,420.4,67.49,44.38,1.759,979.7,3250.49,1245.12,1200.0,RUNNING_OPTIMAL,0,NORMAL,7.5,NORMAL,GOOD
2026-01-11 07:00:00,MOTOR_01,Spinning Motor,45.722,11.4305,424.1,70.73,63.13,2.061,1476.0,3005.43,55.33,48.0,RUNNING_OPTIMAL,0,NORMAL,7.5,NORMAL,GOOD
2026-01-11 07:00:00,PUMP_01,Water Pump,17.139,4.2848,421.5,26.68,51.86,1.52,1452.7,2848.2,28.93,28.0,RUNNING_OPTIMAL,0,NORMAL,7.5,NORMAL,GOOD
2026-01-11 07:15:00,COMPRESSOR_01,Air Compressor,37.545,9.3862,423.9,58.11,73.98,2.326,2933.5,2929.52,239.62,210.0,RUNNING_OPTIMAL,0,NORMAL,7.5,NORMAL,GOOD
2026-01-11 07:15:00,HVAC_01,HVAC System,42.516,10.629,423.0,65.94,45.25,1.741,982.1,3250.74,1217.9,1200.0,RUNNING_OPTIMAL,0,NORMAL,7.5,NORMAL,GOOD
2026-01-11 07:15:00,MOTOR_01,Spinning Motor,42.268,10.567,423.1,65.54,62.48,1.892,1478.9,3005.68,51.21,48.0,RUNNING_OPTIMAL,0,NORMAL,7.5,NORMAL,GOOD
2026-01-11 07:15:00,PUMP_01,Water Pump,17.266,4.3165,423.3,26.76,52.77,1.414,1443.0,2848.45,31.27,28.0,RUNNING_OPTIMAL,0,NORMAL,7.5,NORMAL,GOOD
2026-01-11 07:30:00,COMPRESSOR_01,Air Compressor,37.12,9.28,421.8,57.74,75.88,2.351,2943.1,2929.77,240.26,210.0,RUNNING_OPTIMAL,0,NORMAL,7.5,NORMAL,GOOD
2026-01-11 07:30:00,HVAC_01,HVAC System,43.161,10.7902,422.1,67.09,44.74,1.852,983.1,3250.99,1279.23,1200.0,RUNNING_OPTIMAL,0,NORMAL,7.5,NORMAL,GOOD
2026-01-11 07:30:00,MOTOR_01,Spinning Motor,42.873,10.7182,421.8,66.69,61.74,1.89,1483.5,3005.93,52.55,48.0,RUNNING_OPTIMAL,0,NORMAL,7.5,NORMAL,GOOD
2026-01-11 07:30:00,PUMP_01,Water Pump,18.324,4.581,424.3,28.33,50.64,1.615,1451.2,2848.7,32.52,28.0,RUNNING_OPTIMAL,0,NORMAL,7.5,NORMAL,GOOD
2026-01-11 07:45:00,COMPRESSOR_01,Air Compressor,38.418,9.6045,421.4,59.81,76.45,2.368,2944.9,2930.02,240.14,210.0,RUNNING_OPTIMAL,0,NORMAL,7.5,NORMAL,GOOD
2026-01-11 07:45:00,HVAC_01,HVAC System,44.781,11.1952,425.4,69.06,44.7,1.698,979.0,3251.24,1274.89,1200.0,RUNNING_OPTIMAL,0,NORMAL,7.5,NORMAL,GOOD
2026-01-11 07:45:00,MOTOR_01,Spinning Motor,43.35,10.8375,424.5,67.0,63.43,2.106,1474.4,3006.18,53.51,48.0,RUNNING_OPTIMAL,0,NORMAL,7.5,NORMAL,GOOD
2026-01-11 07:45:00,PUMP_01,Water Pump,17.578,4.3945,419.7,27.48,50.51,1.619,1454.4,2848.95,29.84,28.0,RUNNING_OPTIMAL,0,NORMAL,7.5,NORMAL,GOOD
2026-01-11 08:00:00,COMPRESSOR_01,Air Compressor,0.0,0.0,420.4,0.0,27.86,0.05,0.0,2930.02,0.0,0.0,MAINTENANCE,0,NORMAL,7.5,NORMAL,IN_PROGRESS
2026-01-11 08:00:00,HVAC_01,HVAC System,0.0,0.0,417.6,0.0,27.56,0.05,0.0,3251.24,0.0,0.0,MAINTENANCE,0,NORMAL,7.5,NORMAL,IN_PROGRESS
2026-01-11 08:00:00,MOTOR_01,Spinning Motor,0.0,0.0,422.3,0.0,27.89,0.05,0.0,3006.18,0.0,0.0,MAINTENANCE,0,NORMAL,7.5,NORMAL,IN_PROGRESS
2026-01-11 08:00:00,PUMP_01,Water Pump,0.0,0.0,425.9,0.0,28.19,0.05,0.0,2848.95,0.0,0.0,MAINTENANCE,0,NORMAL,7.5,NORMAL,IN_PROGRESS
2026-01-11 08:15:00,COMPRESSOR_01,Air Compressor,0.0,0.0,422.6,0.0,28.41,0.05,0.0,2930.02,0.0,0.0,MAINTENANCE,0,NORMAL,7.5,NORMAL,IN_PROGRESS
2026-01-11 08:15:00,HVAC_01,HVAC System,0.0,0.0,421.7,0.0,27.47,0.05,0.0,3251.24,0.0,0.0,MAINTENANCE,0,NORMAL,7.5,NORMAL,IN_PROGRESS
2026-01-11 08:15:00,MOTOR_01,Spinning Motor,0.0,0.0,418.2,0.0,28.01,0.05,0.0,3006.18,0.0,0.0,MAINTENANCE,0,NORMAL,7.5,NORMAL,IN_PROGRESS
2026-01-11 08:15:00,PUMP_01,Water Pump,0.0,0.0,423.6,0.0,27.81,0.05,0.0,2848.95,0.0,0.0,MAINTENANCE,0,NORMAL,7.5,NORMAL,IN_PROGRESS
2026-01-11 08:30:00,COMPRESSOR_01,Air Compressor,0.0,0.0,423.6,0.0,27.75,0.05,0.0,2930.02,0.0,0.0,MAINTENANCE,0,NORMAL,7.5,NORMAL,IN_PROGRESS
2026-01-11 08:30:00,HVAC_01,HVAC System,0.0,0.0,421.2,0.0,27.62,0.05,0.0,3251.24,0.0,0.0,MAINTENANCE,0,NORMAL,7.5,NORMAL,IN_PROGRESS
2026-01-11 08:30:00,MOTOR_01,Spinning Motor,0.0,0.0,422.0,0.0,27.83,0.05,0.0,3006.18,0.0,0.0,MAINTENANCE,0,NORMAL,7.5,NORMAL,IN_PROGRESS
2026-01-11 08:30:00,PUMP_01,Water Pump,0.0,0.0,417.8,0.0,27.99,0.05,0.0,2848.95,0.0,0.0,MAINTENANCE,0,NORMAL,7.5,NORMAL,IN_PROGRESS
2026-01-11 08:45:00,COMPRESSOR_01,Air Compressor,0.0,0.0,421.1,0.0,27.86,0.05,0.0,2930.02,0.0,0.0,MAINTENANCE,0,NORMAL,7.5,NORMAL,IN_PROGRESS
2026-01-11 08:45:00,HVAC_01,HVAC System,0.0,0.0,424.5,0.0,27.6,0.05,0.0,3251.24,0.0,0.0,MAINTENANCE,0,NORMAL,7.5,NORMAL,IN_PROGRESS
2026-01-11 08:45:00,MOTOR_01,Spinning Motor,0.0,0.0,417.6,0.0,28.05,0.05,0.0,3006.18,0.0,0.0,MAINTENANCE,0,NORMAL,7.5,NORMAL,IN_PROGRESS
2026-01-11 08:45:00,PUMP_01,Water Pump,0.0,0.0,420.3,0.0,27.91,0.05,0.0,2848.95,0.0,0.0,MAINTENANCE,0,NORMAL,7.5,NORMAL,IN_PROGRESS
2026-01-11 09:00:00,COMPRESSOR_01,Air Compressor,0.0,0.0,421.8,0.0,28.02,0.05,0.0,2930.02,0.0,0.0,MAINTENANCE,0,NORMAL,7.5,NORMAL,IN_PROGRESS
2026-01-11 09:00:00,HVAC_01,HVAC System,0.0,0.0,426.2,0.0,28.25,0.05,0.0,3251.24,0.0,0.0,MAINTENANCE,0,NORMAL,7.5,NORMAL,IN_PROGRESS
2026-01-11 09:00:00,MOTOR_01,Spinning Motor,0.0,0.0,421.0,0.0,28.38,0.05,0.0,3006.18,0.0,0.0,MAINTENANCE,0,NORMAL,7.5,NORMAL,IN_PROGRESS
2026-01-11 09:00:00,PUMP_01,Water Pump,0.0,0.0,419.6,0.0,27.49,0.05,0.0,2848.95,0.0,0.0,MAINTENANCE,0,NORMAL,7.5,NORMAL,IN_PROGRESS
2026-01-11 09:15:00,COMPRESSOR_01,Air Compressor,0.0,0.0,419.7,0.0,28.19,0.05,0.0,2930.02,0.0,0.0,MAINTENANCE,0,NORMAL,7.5,NORMAL,IN_PROGRESS
2026-01-11 09:15:00,HVAC_01,HVAC System,0.0,0.0,419.9,0.0,27.81,0.05,0.0,3251.24,0.0,0.0,MAINTENANCE,0,NORMAL,7.5,NORMAL,IN_PROGRESS
2026-01-11 09:15:00,MOTOR_01,Spinning Motor,0.0,0.0,425.2,0.0,27.47,0.05,0.0,3006.18,0.0,0.0,MAINTENANCE,0,NORMAL,7.5,NORMAL,IN_PROGRESS
2026-01-11 09:15:00,PUMP_01,Water Pump,0.0,0.0,423.2,0.0,27.84,0.05,0.0,2848.95,0.0,0.0,MAINTENANCE,0,NORMAL,7.5,NORMAL,IN_PROGRESS
2026-01-11 09:30:00,COMPRESSOR_01,Air Compressor,0.0,0.0,420.1,0.0,28.42,0.05,0.0,2930.02,0.0,0.0,MAINTENANCE,0,NORMAL,7.5,NORMAL,IN_PROGRESS
2026-01-11 09:30:00,HVAC_01,HVAC System,0.0,0.0,421.6,0.0,28.59,0.05,0.0,3251.24,0.0,0.0,MAINTENANCE,0,NORMAL,7.5,NORMAL,IN_PROGRESS
2026-01-11 09:30:00,MOTOR_01,Spinning Motor,0.0,0.0,420.0,0.0,27.83,0.05,0.0,3006.18,0.0,0.0,MAINTENANCE,0,NORMAL,7.5,NORMAL,IN_PROGRESS
2026-01-11 09:30:00,PUMP_01,Water Pump,0.0,0.0,417.1,0.0,28.01,0.05,0.0,2848.95,0.0,0.0,MAINTENANCE,0,NORMAL,7.5,NORMAL,IN_PROGRESS
2026-01-11 09:45:00,COMPRESSOR_01,Air Compressor,0.0,0.0,417.0,0.0,27.67,0.05,0.0,2930.02,0.0,0.0,MAINTENANCE,0,NORMAL,7.5,NORMAL,IN_PROGRESS
2026-01-11 09:45:00,HVAC_01,HVAC System,0.0,0.0,422.0,0.0,27.53,0.05,0.0,3251.24,0.0,0.0,MAINTENANCE,0,NORMAL,7.5,NORMAL,IN_PROGRESS
2026-01-11 09:45:00,MOTOR_01,Spinning Motor,0.0,0.0,425.4,0.0,28.32,0.05,0.0,3006.18,0.0,0.0,MAINTENANCE,0,NORMAL,7.5,NORMAL,IN_PROGRESS
2026-01-11 09:45:00,PUMP_01,Water Pump,0.0,0.0,421.6,0.0,28.6,0.05,0.0,2848.95,0.0,0.0,MAINTENANCE,0,NORMAL,7.5,NORMAL,IN_PROGRESS
2026-01-11 10:00:00,COMPRESSOR_01,Air Compressor,0.0,0.0,419.0,0.0,28.49,0.05,0.0,2930.02,0.0,0.0,MAINTENANCE,0,NORMAL,7.5,NORMAL,IN_PROGRESS
2026-01-11 10:00:00,HVAC_01,HVAC System,0.0,0.0,414.5,0.0,28.2,0.05,0.0,3251.24,0.0,0.0,MAINTENANCE,0,NORMAL,7.5,NORMAL,IN_PROGRESS
2026-01-11 10:00:00,MOTOR_01,Spinning Motor,0.0,0.0,421.1,0.0,28.34,0.05,0.0,3006.18,0.0,0.0,MAINTENANCE,0,NORMAL,7.5,NORMAL,IN_PROGRESS
2026-01-11 10:00:00,PUMP_01,Water Pump,0.0,0.0,421.2,0.0,28.14,0.05,0.0,2848.95,0.0,0.0,MAINTENANCE,0,NORMAL,7.5,NORMAL,IN_PROGRESS
2026-01-11 10:15:00,COMPRESSOR_01,Air Compressor,0.0,0.0,421.6,0.0,28.11,0.05,0.0,2930.02,0.0,0.0,MAINTENANCE,0,NORMAL,7.5,NORMAL,IN_PROGRESS
2026-01-11 10:15:00,HVAC_01,HVAC System,0.0,0.0,419.5,0.0,27.67,0.05,0.0,3251.24,0.0,0.0,MAINTENANCE,0,NORMAL,7.5,NORMAL,IN_PROGRESS
2026-01-11 10:15:00,MOTOR_01,Spinning Motor,0.0,0.0,419.2,0.0,27.5,0.05,0.0,3006.18,0.0,0.0,MAINTENANCE,0,NORMAL,7.5,NORMAL,IN_PROGRESS
2026-01-11 10:15:00,PUMP_01,Water Pump,0.0,0.0,417.7,0.0,27.99,0.05,0.0,2848.95,0.0,0.0,MAINTENANCE,0,NORMAL,7.5,NORMAL,IN_PROGRESS
2026-01-11 10:30:00,COMPRESSOR_01,Air Compressor,0.0,0.0,415.6,0.0,27.76,0.05,0.0,2930.02,0.0,0.0,MAINTENANCE,0,NORMAL,7.5,NORMAL,IN_PROGRESS
2026-01-11 10:30:00,HVAC_01,HVAC System,0.0,0.0,420.7,0.0,28.72,0.05,0.0,3251.24,0.0,0.0,MAINTENANCE,0,NORMAL,7.5,NORMAL,IN_PROGRESS
2026-01-11 10:30:00,MOTOR_01,Spinning Motor,0.0,0.0,420.8,0.0,27.73,0.05,0.0,3006.18,0.0,0.0,MAINTENANCE,0,NORMAL,7.5,NORMAL,IN_PROGRESS
2026-01-11 10:30:00,PUMP_01,Water Pump,0.0,0.0,420.6,0.0,28.17,0.05,0.0,2848.95,0.0,0.0,MAINTENANCE,0,NORMAL,7.5,NORMAL,IN_PROGRESS
2026-01-11 10:45:00,COMPRESSOR_01,Air Compressor,0.0,0.0,419.8,0.0,28.03,0.05,0.0,2930.02,0.0,0.0,MAINTENANCE,0,NORMAL,7.5,NORMAL,IN_PROGRESS
2026-01-11 10:45:00,HVAC_01,HVAC System,0.0,0.0,417.2,0.0,27.72,0.05,0.0,3251.24,0.0,0.0,MAINTENANCE,0,NORMAL,7.5,NORMAL,IN_PROGRESS
2026-01-11 10:45:00,MOTOR_01,Spinning Motor,0.0,0.0,423.1,0.0,28.4,0.05,0.0,3006.18,0.0,0.0,MAINTENANCE,0,NORMAL,7.5,NORMAL,IN_PROGRESS
2026-01-11 10:45:00,PUMP_01,Water Pump,0.0,0.0,421.0,0.0,28.19,0.05,0.0,2848.95,0.0,0.0,MAINTENANCE,0,NORMAL,7.5,NORMAL,IN_PROGRESS
2026-01-11 11:00:00,COMPRESSOR_01,Air Compressor,0.0,0.0,420.8,0.0,27.87,0.05,0.0,2930.02,0.0,0.0,MAINTENANCE,0,NORMAL,7.5,NORMAL,IN_PROGRESS
2026-01-11 11:00:00,HVAC_01,HVAC System,0.0,0.0,411.0,0.0,28.4,0.05,0.0,3251.24,0.0,0.0,MAINTENANCE,0,NORMAL,7.5,NORMAL,IN_PROGRESS
2026-01-11 11:00:00,MOTOR_01,Spinning Motor,0.0,0.0,415.5,0.0,26.92,0.05,0.0,3006.18,0.0,0.0,MAINTENANCE,0,NORMAL,7.5,NORMAL,IN_PROGRESS
2026-01-11 11:00:00,PUMP_01,Water Pump,0.0,0.0,414.6,0.0,28.05,0.05,0.0,2848.95,0.0,0.0,MAINTENANCE,0,NORMAL,7.5,NORMAL,IN_PROGRESS
2026-01-11 11:15:00,COMPRESSOR_01,Air Compressor,0.0,0.0,419.9,0.0,26.76,0.05,0.0,2930.02,0.0,0.0,MAINTENANCE,0,NORMAL,7.5,NORMAL,IN_PROGRESS
2026-01-11 11:15:00,HVAC_01,HVAC System,0.0,0.0,420.6,0.0,27.6,0.05,0.0,3251.24,0.0,0.0,MAINTENANCE,0,NORMAL,7.5,NORMAL,IN_PROGRESS
2026-01-11 11:15:00,MOTOR_01,Spinning Motor,0.0,0.0,413.6,0.0,28.65,0.05,0.0,3006.18,0.0,0.0,MAINTENANCE,0,NORMAL,7.5,NORMAL,IN_PROGRESS
2026-01-11 11:15:00,PUMP_01,Water Pump,0.0,0.0,420.5,0.0,27.69,0.05,0.0,2848.95,0.0,0.0,MAINTENANCE,0,NORMAL,7.5,NORMAL,IN_PROGRESS
2026-01-11 11:30:00,COMPRESSOR_01,Air Compressor,0.0,0.0,418.2,0.0,28.4,0.05,0.0,2930.02,0.0,0.0,MAINTENANCE,0,NORMAL,7.5,NORMAL,IN_PROGRESS
2026-01-11 11:30:00,HVAC_01,HVAC System,0.0,0.0,415.2,0.0,28.15,0.05,0.0,3251.24,0.0,0.0,MAINTENANCE,0,NORMAL,7.5,NORMAL,IN_PROGRESS
2026-01-11 11:30:00,MOTOR_01,Spinning Motor,0.0,0.0,419.9,0.0,28.4,0.05,0.0,3006.18,0.0,0.0,MAINTENANCE,0,NORMAL,7.5,NORMAL,IN_PROGRESS
2026-01-11 11:30:00,PUMP_01,Water Pump,0.0,0.0,414.3,0.0,28.02,0.05,0.0,2848.95,0.0,0.0,MAINTENANCE,0,NORMAL,7.5,NORMAL,IN_PROGRESS
2026-01-11 11:45:00,COMPRESSOR_01,Air Compressor,0.0,0.0,420.3,0.0,26.33,0.05,0.0,2930.02,0.0,0.0,MAINTENANCE,0,NORMAL,7.5,NORMAL,IN_PROGRESS
2026-01-11 11:45:00,HVAC_01,HVAC System,0.0,0.0,419.2,0.0,27.4,0.05,0.0,3251.24,0.0,0.0,MAINTENANCE,0,NORMAL,7.5,NORMAL,IN_PROGRESS
2026-01-11 11:45:00,MOTOR_01,Spinning Motor,0.0,0.0,413.5,0.0,27.99,0.05,0.0,3006.18,0.0,0.0,MAINTENANCE,0,NORMAL,7.5,NORMAL,IN_PROGRESS
2026-01-11 11:45:00,PUMP_01,Water Pump,0.0,0.0,413.7,0.0,27.39,0.05,0.0,2848.95,0.0,0.0,MAINTENANCE,0,NORMAL,7.5,NORMAL,IN_PROGRESS
2026-01-11 12:00:00,COMPRESSOR_01,Air Compressor,31.864,7.966,415.6,50.3,79.61,2.405,2949.4,2930.27,203.72,210.0,RUNNING_OPTIMAL,0,NORMAL,7.5,NORMAL,GOOD
2026-01-11 12:00:00,HVAC_01,HVAC System,42.177,10.5442,416.9,66.37,49.83,1.729,980.9,3251.49,1201.59,1200.0,RUNNING_OPTIMAL,0,NORMAL,7.5,NORMAL,GOOD
2026-01-11 12:00:00,MOTOR_01,Spinning Motor,40.603,10.1508,412.7,64.55,66.79,1.857,1490.4,3006.43,49.89,48.0,RUNNING_OPTIMAL,0,NORMAL,7.5,NORMAL,GOOD
2026-01-11 12:00:00,PUMP_01,Water Pump,16.533,4.1332,411.2,26.38,57.39,1.564,1455.8,2849.2,31.17,28.0,RUNNING_OPTIMAL,0,NORMAL,7.5,NORMAL,GOOD
2026-01-11 12:15:00,COMPRESSOR_01,Air Compressor,33.042,8.2605,417.3,51.95,80.47,2.44,2944.5,2930.52,213.85,210.0,RUNNING_OPTIMAL,0,NORMAL,7.5,NORMAL,GOOD
2026-01-11 12:15:00,HVAC_01,HVAC System,43.351,10.8378,413.7,68.75,50.43,1.697,976.7,3251.74,1224.44,1200.0,RUNNING_OPTIMAL,0,NORMAL,7.5,NORMAL,GOOD
2026-01-11 12:15:00,MOTOR_01,Spinning Motor,40.3,10.075,410.6,64.39,67.06,2.029,1481.3,3006.68,48.2,48.0,RUNNING_OPTIMAL,0,NORMAL,7.5,NORMAL,GOOD
2026-01-11 12:15:00,PUMP_01,Water Pump,15.943,3.9858,417.2,25.07,57.75,1.572,1449.8,2849.45,30.35,28.0,RUNNING_OPTIMAL,0,NORMAL,7.5,NORMAL,GOOD
2026-01-11 12:30:00,COMPRESSOR_01,Air Compressor,32.978,8.2445,414.1,52.25,80.45,2.23,2949.2,2930.77,203.8,210.0,RUNNING_OPTIMAL,0,NORMAL,7.5,NORMAL,GOOD
2026-01-11 12:30:00,HVAC_01,HVAC System,42.7,10.675,413.0,67.83,49.66,1.689,979.4,3251.99,1194.13,1200.0,RUNNING_OPTIMAL,0,NORMAL,7.5,NORMAL,GOOD
2026-01-11 12:30:00,MOTOR_01,Spinning Motor,42.641,10.6602,416.7,67.14,67.64,1.895,1486.4,3006.93,51.59,48.0,RUNNING_OPTIMAL,0,NORMAL,7.5,NORMAL,GOOD
2026-01-11 12:30:00,PUMP_01,Water Pump,16.758,4.1895,419.4,26.22,56.77,1.453,1451.6,2849.7,26.62,28.0,RUNNING_OPTIMAL,0,NORMAL,7.5,NORMAL,GOOD
2026-01-11 12:45:00,COMPRESSOR_01,Air Compressor,33.104,8.276,413.1,52.58,79.24,2.314,2947.6,2931.02,211.98,210.0,RUNNING_OPTIMAL,0,NORMAL,7.5,NORMAL,GOOD
2026-01-11 12:45:00,HVAC_01,HVAC System,42.544,10.636,412.3,67.7,49.31,1.656,988.7,3252.24,1205.54,1200.0,RUNNING_OPTIMAL,0,NORMAL,7.5,NORMAL,GOOD
2026-01-11 12:45:00,MOTOR_01,Spinning Motor,39.708,9.927,412.9,63.09,66.79,1.987,1486.9,3007.18,49.47,48.0,RUNNING_OPTIMAL,0,NORMAL,7.5,NORMAL,GOOD
2026-01-11 12:45:00,PUMP_01,Water Pump,16.981,4.2453,416.7,26.74,57.66,1.62,1446.1,2849.95,29.76,28.0,RUNNING_OPTIMAL,0,NORMAL,7.5,NORMAL,GOOD
2026-01-11 13:00:00,COMPRESSOR_01,Air Compressor,15.314,3.8285,411.1,24.44,68.05,1.498,2953.5,2931.27,0.0,42.0,IDLE_UNLOADED,0,NORMAL,7.5,NORMAL,GOOD
2026-01-11 13:00:00,HVAC_01,HVAC System,14.282,3.5705,412.3,22.73,36.4,1.056,982.7,3252.49,0.0,240.0,IDLE_UNLOADED,0,NORMAL,7.5,NORMAL,GOOD
2026-01-11 13:00:00,MOTOR_01,Spinning Motor,11.139,2.7848,416.5,17.55,54.36,1.194,1490.4,3007.43,0.0,9.6,IDLE_UNLOADED,0,NORMAL,7.5,NORMAL,GOOD
2026-01-11 13:00:00,PUMP_01,Water Pump,4.38,1.095,412.4,6.97,43.96,1.013,1453.9,2850.2,0.0,5.6,IDLE_UNLOADED,0,NORMAL,7.5,NORMAL,GOOD
2026-01-11 13:15:00,COMPRESSOR_01,Air Compressor,16.097,4.0242,413.8,25.52,68.78,1.532,2953.9,2931.52,0.0,42.0,IDLE_UNLOADED,0,NORMAL,7.5,NORMAL,GOOD
2026-01-11 13:15:00,HVAC_01,HVAC System,13.817,3.4542,414.4,21.88,36.55,1.1,986.5,3252.74,0.0,240.0,IDLE_UNLOADED,0,NORMAL,7.5,NORMAL,GOOD
2026-01-11 13:15:00,MOTOR_01,Spinning Motor,11.589,2.8972,415.3,18.31,55.2,1.161,1483.7,3007.68,0.0,9.6,IDLE_UNLOADED,0,NORMAL,7.5,NORMAL,GOOD
2026-01-11 13:15:00,PUMP_01,Water Pump,4.481,1.1202,417.5,7.04,43.69,1.057,1455.4,2850.45,0.0,5.6,IDLE_UNLOADED,0,NORMAL,7.5,NORMAL,GOOD
2026-01-11 13:30:00,COMPRESSOR_01,Air Compressor,34.469,8.6172,411.3,54.98,80.17,2.532,2948.7,2931.77,211.7,210.0,RUNNING_OPTIMAL,0,NORMAL,7.5,NORMAL,GOOD
2026-01-11 13:30:00,HVAC_01,HVAC System,41.278,10.3195,415.9,65.12,51.16,1.638,981.4,3252.99,1187.88,1200.0,RUNNING_OPTIMAL,0,NORMAL,7.5,NORMAL,GOOD
2026-01-11 13:30:00,MOTOR_01,Spinning Motor,39.897,9.9742,415.3,63.03,67.55,2.021,1482.0,3007.93,46.87,48.0,RUNNING_OPTIMAL,0,NORMAL,7.5,NORMAL,GOOD
2026-01-11 13:30:00,PUMP_01,Water Pump,14.666,3.6665,413.9,23.25,57.14,1.491,1448.1,2850.7,25.52,28.0,RUNNING_OPTIMAL,0,NORMAL,7.5,NORMAL,GOOD
2026-01-11 13:45:00,COMPRESSOR_01,Air Compressor,31.342,7.8355,410.7,50.07,79.32,2.319,2943.1,2932.02,195.38,210.0,RUNNING_OPTIMAL,0,NORMAL,7.5,NORMAL,GOOD
2026-01-11 13:45:00,HVAC_01,HVAC System,39.621,9.9052,408.9,63.57,50.19,1.654,984.8,3253.24,1142.79,1200.0,RUNNING_OPTIMAL,0,NORMAL,7.5,NORMAL,GOOD
2026-01-11 13:45:00,MOTOR_01,Spinning Motor,38.633,9.6582,413.2,61.34,67.4,1.851,1488.2,3008.18,46.91,48.0,RUNNING_OPTIMAL,0,NORMAL,7.5,NORMAL,GOOD
2026-01-11 13:45:00,PUMP_01,Water Pump,17.405,4.3512,411.2,27.77,56.86,1.489,1447.1,2850.95,27.15,28.0,RUNNING_OPTIMAL,0,NORMAL,7.5,NORMAL,GOOD
2026-01-11 14:00:00,COMPRESSOR_01,Air Compressor,31.607,7.9018,410.9,50.47,79.77,6.747,2948.6,2932.27,199.91,210.0,RUNNING_OPTIMAL,1,VIBRATION_ANOMALY,7.5,NORMAL,GOOD
2026-01-11 14:00:00,HVAC_01,HVAC System,40.307,10.0768,410.4,64.44,50.86,1.638,976.3,3253.49,1153.37,1200.0,RUNNING_OPTIMAL,0,NORMAL,7.5,NORMAL,GOOD
2026-01-11 14:00:00,MOTOR_01,Spinning Motor,38.993,9.7482,413.5,61.87,68.81,1.8,1480.3,3008.43,47.0,48.0,RUNNING_OPTIMAL,0,NORMAL,7.5,NORMAL,GOOD
2026-01-11 14:00:00,PUMP_01,Water Pump,14.63,3.6575,410.0,23.41,57.8,1.408,1453.3,2851.2,25.47,28.0,RUNNING_OPTIMAL,0,NORMAL,7.5,NORMAL,GOOD
2026-01-11 14:15:00,COMPRESSOR_01,Air Compressor,32.049,8.0122,415.4,50.62,79.43,6.952999999999999,2958.7,2932.52,195.78,210.0,RUNNING_OPTIMAL,1,VIBRATION_ANOMALY,7.5,NORMAL,GOOD
2026-01-11 14:15:00,HVAC_01,HVAC System,39.501,9.8752,407.8,63.55,50.23,1.851,982.5,3253.74,1114.87,1200.0,RUNNING_OPTIMAL,0,NORMAL,7.5,NORMAL,GOOD
2026-01-11 14:15:00,MOTOR_01,Spinning Motor,40.522,10.1305,408.5,65.08,66.5,1.912,1484.3,3008.68,46.49,48.0,RUNNING_OPTIMAL,0,NORMAL,7.5,NORMAL,GOOD
2026-01-11 14:15:00,PUMP_01,Water Pump,15.763,3.9408,411.9,25.11,57.63,1.435,1450.9,2851.45,27.63,28.0,RUNNING_OPTIMAL,0,NORMAL,7.5,NORMAL,GOOD
2026-01-11 14:30:00,COMPRESSOR_01,Air Compressor,32.517,8.1293,412.6,51.71,80.26,6.851,2952.4,2932.77,202.59,210.0,RUNNING_OPTIMAL,1,VIBRATION_ANOMALY,7.5,NORMAL,GOOD
2026-01-11 14:30:00,HVAC_01,HVAC System,41.427,10.3568,410.2,66.26,49.69,1.687,979.1,3253.99,1173.0,1200.0,RUNNING_OPTIMAL,0,NORMAL,7.5,NORMAL,GOOD
2026-01-11 14:30:00,MOTOR_01,Spinning Motor,39.155,9.7888,406.6,63.18,67.84,1.866,1479.5,3008.93,45.68,48.0,RUNNING_OPTIMAL,0,NORMAL,7.5,NORMAL,GOOD
2026-01-11 14:30:00,PUMP_01,Water Pump,13.87,3.4675,414.5,21.95,56.06,1.371,1451.6,2851.7,24.49,28.0,RUNNING_OPTIMAL,0,NORMAL,7.5,NORMAL,GOOD
2026-01-11 14:45:00,COMPRESSOR_01,Air Compressor,32.502,8.1255,411.8,51.78,79.22,6.742,2952.3,2933.02,199.39,210.0,RUNNING_OPTIMAL,1,VIBRATION_ANOMALY,7.5,NORMAL,GOOD
2026-01-11 14:45:00,HVAC_01,HVAC System,39.112,9.778,408.4,62.83,49.42,1.834,976.0,3254.24,1145.14,1200.0,RUNNING_OPTIMAL,0,NORMAL,7.5,NORMAL,GOOD
2026-01-11 14:45:00,MOTOR_01,Spinning Motor,36.325,9.0812,409.0,58.27,68.19,1.874,1480.7,3009.18,46.17,48.0,RUNNING_OPTIMAL,0,NORMAL,7.5,NORMAL,GOOD
2026-01-11 14:45:00,PUMP_01,Water Pump,14.895,3.7238,409.8,23.85,56.93,1.548,1446.7,2851.95,25.32,28.0,RUNNING_OPTIMAL,0,NORMAL,7.5,NORMAL,GOOD
2026-01-11 15:00:00,COMPRESSOR_01,Air Compressor,29.979,7.4948,410.1,47.96,79.36,6.777,2957.1,2933.27,191.38,210.0,RUNNING_OPTIMAL,1,VIBRATION_ANOMALY,7.5,NORMAL,GOOD
2026-01-11 15:00:00,HVAC_01,HVAC System,37.254,9.3135,411.7,59.37,48.3,1.769,983.7,3254.49,1091.66,1200.0,RUNNING_OPTIMAL,0,NORMAL,7.5,NORMAL,GOOD
2026-01-11 15:00:00,MOTOR_01,Spinning Motor,39.024,9.756,416.8,61.43,65.77,1.876,1487.0,3009.43,49.42,48.0,RUNNING_OPTIMAL,0,NORMAL,7.5,NORMAL,GOOD
2026-01-11 15:00:00,PUMP_01,Water Pump,14.37,3.5925,406.6,23.19,55.0,1.549,1455.0,2852.2,25.92,28.0,RUNNING_OPTIMAL,0,NORMAL,7.5,NORMAL,GOOD
2026-01-11 15:15:00,COMPRESSOR_01,Air Compressor,31.365,7.8412,411.5,50.01,81.35,6.787,2954.6,2933.52,199.33,210.0,RUNNING_OPTIMAL,1,VIBRATION_ANOMALY,7.5,NORMAL,GOOD
2026-01-11 15:15:00,HVAC_01,HVAC System,44.375,11.0938,412.5,70.58,51.67,1.748,974.2,3254.74,1252.34,1200.0,RUNNING_OPTIMAL,0,NORMAL,7.5,NORMAL,GOOD
2026-01-11 15:15:00,MOTOR_01,Spinning Motor,39.777,9.9442,405.9,64.29,66.8,1.928,1485.5,3009.68,46.88,48.0,RUNNING_OPTIMAL,0,NORMAL,7.5,NORMAL,GOOD
2026-01-11 15:15:00,PUMP_01,Water Pump,14.949,3.7372,406.4,24.13,55.64,1.615,1453.1,2852.45,24.78,28.0,RUNNING_OPTIMAL,0,NORMAL,7.5,NORMAL,GOOD
2026-01-11 15:30:00,COMPRESSOR_01,Air Compressor,30.344,7.586,409.9,48.57,79.9,6.809,2951.3,2933.77,196.58,210.0,RUNNING_OPTIMAL,1,VIBRATION_ANOMALY,7.5,NORMAL,GOOD
2026-01-11 15:30:00,HVAC_01,HVAC System,41.65,10.4125,407.4,67.07,51.61,1.739,979.4,3254.99,1123.87,1200.0,RUNNING_OPTIMAL,0,NORMAL,7.5,NORMAL,GOOD
2026-01-11 15:30:00,MOTOR_01,Spinning Motor,36.184,9.046,412.6,57.54,66.62,1.75,1480.6,3009.93,43.35,48.0,RUNNING_OPTIMAL,0,NORMAL,7.5,NORMAL,GOOD
2026-01-11 15:30:00,PUMP_01,Water Pump,15.449,3.8622,411.6,24.63,56.59,1.505,1447.3,2852.7,25.99,28.0,RUNNING_OPTIMAL,0,NORMAL,7.5,NORMAL,GOOD
2026-01-11 15:45:00,COMPRESSOR_01,Air Compressor,31.922,7.9805,413.9,50.6,78.83,6.821,2948.2,2934.02,195.71,210.0,RUNNING_OPTIMAL,1,VIBRATION_ANOMALY,7.5,NORMAL,GOOD
2026-01-11 15:45:00,HVAC_01,HVAC System,40.686,10.1715,409.7,65.15,49.92,1.759,980.6,3255.24,1163.14,1200.0,RUNNING_OPTIMAL,0,NORMAL,7.5,NORMAL,GOOD
2026-01-11 15:45:00,MOTOR_01,Spinning Motor,34.999,8.7498,406.2,56.53,66.5,1.902,1485.3,3010.18,45.06,48.0,RUNNING_OPTIMAL,0,NORMAL,7.5,NORMAL,GOOD
2026-01-11 15:45:00,PUMP_01,Water Pump,15.807,3.9518,408.6,25.38,56.3,1.405,1446.1,2852.95,27.12,28.0,RUNNING_OPTIMAL,0,NORMAL,7.5,NORMAL,GOOD
2026-01-11 16:00:00,COMPRESSOR_01,Air Compressor,33.0,8.25,409.3,52.9,79.51,6.954000000000001,2948.8,2934.27,210.58,210.0,RUNNING_OPTIMAL,1,VIBRATION_ANOMALY,7.5,NORMAL,GOOD
2026-01-11 16:00:00,HVAC_01,HVAC System,36.345,9.0862,408.5,58.37,48.15,1.549,988.9,3255.49,1010.92,1200.0,RUNNING_OPTIMAL,0,NORMAL,7.5,NORMAL,GOOD
2026-01-11 16:00:00,MOTOR_01,Spinning Motor,34.72,8.68,408.8,55.72,67.18,2.001,1485.0,3010.43,43.41,48.0,RUNNING_OPTIMAL,0,NORMAL,7.5,NORMAL,GOOD
2026-01-11 16:00:00,PUMP_01,Water Pump,13.549,3.3872,407.9,21.79,54.79,1.494,1451.0,2853.2,23.76,28.0,RUNNING_OPTIMAL,0,NORMAL,7.5,NORMAL,GOOD
2026-01-11 16:15:00,COMPRESSOR_01,Air Compressor,30.724,7.681,410.7,49.08,77.81,6.8,2956.4,2934.52,183.76,210.0,RUNNING_OPTIMAL,1,VIBRATION_ANOMALY,7.5,NORMAL,GOOD
2026-01-11 16:15:00,HVAC_01,HVAC System,40.339,10.0848,406.4,65.12,49.21,1.72,984.7,3255.74,1134.45,1200.0,RUNNING_OPTIMAL,0,NORMAL,7.5,NORMAL,GOOD
2026-01-11 16:15:00,MOTOR_01,Spinning Motor,37.025,9.2562,406.7,59.73,64.5,1.886,1486.1,3010.68,44.43,48.0,RUNNING_OPTIMAL,0,NORMAL,7.5,NORMAL,GOOD
2026-01-11 16:15:00,PUMP_01,Water Pump,16.071,4.0178,407.0,25.91,54.7,1.452,1451.5,2853.45,28.04,28.0,RUNNING_OPTIMAL,0,NORMAL,7.5,NORMAL,GOOD
2026-01-11 16:30:00,COMPRESSOR_01,Air Compressor,30.969,7.7422,407.2,49.9,77.83,6.827,2960.8,2934.77,187.3,210.0,RUNNING_OPTIMAL,1,VIBRATION_ANOMALY,7.5,NORMAL,GOOD
2026-01-11 16:30:00,HVAC_01,HVAC System,96.655,24.1638,410.8,154.37,48.06,1.659,980.2,3255.99,1123.4,1200.0,RUNNING_OPTIMAL,1,SENSOR_GLITCH,7.5,NORMAL,GOOD
2026-01-11 16:30:00,MOTOR_01,Spinning Motor,37.502,9.3755,403.7,60.95,66.49,1.976,1487.1,3010.93,44.35,48.0,RUNNING_OPTIMAL,0,NORMAL,7.5,NORMAL,GOOD
2026-01-11 16:30:00,PUMP_01,Water Pump,14.811,3.7028,405.3,23.98,57.36,1.454,1449.4,2853.7,26.31,28.0,RUNNING_OPTIMAL,0,NORMAL,7.5,NORMAL,GOOD
2026-01-11 16:45:00,COMPRESSOR_01,Air Compressor,34.133,8.5332,409.2,54.73,78.71,6.861000000000001,2951.3,2935.02,199.59,210.0,RUNNING_OPTIMAL,1,VIBRATION_ANOMALY,7.5,NORMAL,GOOD
2026-01-11 16:45:00,HVAC_01,HVAC System,41.432,10.358,401.7,67.67,48.92,1.773,979.4,3256.24,1147.32,1200.0,RUNNING_OPTIMAL,0,NORMAL,7.5,NORMAL,GOOD
2026-01-11 16:45:00,MOTOR_01,Spinning Motor,35.562,8.8905,407.8,57.21,65.96,1.801,1492.6,3011.18,44.31,48.0,RUNNING_OPTIMAL,0,NORMAL,7.5,NORMAL,GOOD
2026-01-11 16:45:00,PUMP_01,Water Pump,13.825,3.4562,412.6,21.98,55.51,1.381,1453.3,2853.95,26.58,28.0,RUNNING_OPTIMAL,0,NORMAL,7.5,NORMAL,GOOD
2026-01-11 17:00:00,COMPRESSOR_01,Air Compressor,28.541,7.1352,406.0,46.12,76.29,6.888999999999999,2958.0,2935.27,180.16,210.0,RUNNING_OPTIMAL,1,VIBRATION_ANOMALY,7.5,NORMAL,GOOD
2026-01-11 17:00:00,HVAC_01,HVAC System,40.119,10.0298,404.8,65.02,48.81,1.752,980.5,3256.49,1124.74,1200.0,RUNNING_OPTIMAL,0,NORMAL,7.5,NORMAL,GOOD
2026-01-11 17:00:00,MOTOR_01,Spinning Motor,35.058,8.7645,405.1,56.78,64.39,1.928,1475.0,3011.43,46.75,48.0,RUNNING_OPTIMAL,0,NORMAL,7.5,NORMAL,GOOD
2026-01-11 17:00:00,PUMP_01,Water Pump,15.367,3.8418,406.6,24.8,56.08,1.483,1453.4,2854.2,25.37,28.0,RUNNING_OPTIMAL,0,NORMAL,7.5,NORMAL,GOOD
2026-01-11 17:15:00,COMPRESSOR_01,Air Compressor,31.891,7.9728,404.3,51.75,77.9,6.883,2952.5,2935.52,192.57,210.0,RUNNING_OPTIMAL,1,VIBRATION_ANOMALY,7.5,NORMAL,GOOD
2026-01-11 17:15:00,HVAC_01,HVAC System,41.418,10.3545,409.4,66.37,48.93,1.733,976.8,3256.74,1153.62,1200.0,RUNNING_OPTIMAL,0,NORMAL,7.5,NORMAL,GOOD
2026-01-11 17:15:00,MOTOR_01,Spinning Motor,35.848,8.962,411.4,57.17,64.71,2.015,1484.1,3011.68,45.27,48.0,RUNNING_OPTIMAL,0,NORMAL,7.5,NORMAL,GOOD
2026-01-11 17:15:00,PUMP_01,Water Pump,15.934,3.9835,409.4,25.53,55.08,1.665,1444.2,2854.45,25.51,28.0,RUNNING_OPTIMAL,0,NORMAL,7.5,NORMAL,GOOD
2026-01-11 17:30:00,COMPRESSOR_01,Air Compressor,30.494,7.6235,407.1,49.14,78.11,6.8469999999999995,2949.4,2935.77,193.56,210.0,RUNNING_OPTIMAL,1,VIBRATION_ANOMALY,7.5,NORMAL,GOOD
2026-01-11 17:30:00,HVAC_01,HVAC System,41.75,10.4375,405.0,67.63,48.14,1.751,980.8,3256.99,1132.86,1200.0,RUNNING_OPTIMAL,0,NORMAL,7.5,NORMAL,GOOD
2026-01-11 17:30:00,MOTOR_01,Spinning Motor,37.733,9.4332,408.1,60.66,64.69,1.861,1482.5,3011.93,44.51,48.0,RUNNING_OPTIMAL,0,NORMAL,7.5,NORMAL,GOOD
2026-01-11 17:30:00,PUMP_01,Water Pump,13.91,3.4775,406.4,22.46,56.68,1.263,1453.5,2854.7,22.22,28.0,RUNNING_OPTIMAL,0,NORMAL,7.5,NORMAL,GOOD
2026-01-11 17:45:00,COMPRESSOR_01,Air Compressor,30.333,7.5832,402.9,49.39,78.05,2.267,2957.2,2936.02,187.18,210.0,RUNNING_OPTIMAL,0,NORMAL,7.5,NORMAL,GOOD
2026-01-11 17:45:00,HVAC_01,HVAC System,34.183,8.5458,403.5,55.58,46.12,1.687,976.4,3257.24,954.02,1200.0,RUNNING_OPTIMAL,0,NORMAL,7.5,NORMAL,GOOD
2026-01-11 17:45:00,MOTOR_01,Spinning Motor,39.363,9.8408,406.1,63.59,65.68,2.051,1482.6,3012.18,47.95,48.0,RUNNING_OPTIMAL,0,NORMAL,7.5,NORMAL,GOOD
2026-01-11 17:45:00,PUMP_01,Water Pump,13.316,3.329,406.1,21.51,54.06,1.434,1454.9,2854.95,25.89,28.0,RUNNING_OPTIMAL,0,NORMAL,7.5,NORMAL,GOOD
2026-01-11 18:00:00,COMPRESSOR_01,Air Compressor,28.919,7.2298,407.3,46.58,74.36,2.421,2957.9,2936.27,181.93,210.0,RUNNING_OPTIMAL,0,NORMAL,10.0,PEAK,GOOD
2026-01-11 18:00:00,HVAC_01,HVAC System,42.728,10.682,403.3,69.51,48.71,1.75,983.3,3257.49,1180.45,1200.0,RUNNING_OPTIMAL,0,NORMAL,10.0,PEAK,GOOD
2026-01-11 18:00:00,MOTOR_01,Spinning Motor,34.482,8.6205,402.6,56.19,62.9,1.924,1485.5,3012.43,42.85,48.0,RUNNING_OPTIMAL,0,NORMAL,10.0,PEAK,GOOD
2026-01-11 18:00:00,PUMP_01,Water Pump,14.312,3.578,402.1,23.35,54.28,1.505,1449.0,2855.2,23.82,28.0,RUNNING_OPTIMAL,0,NORMAL,10.0,PEAK,GOOD
2026-01-11 18:15:00,COMPRESSOR_01,Air Compressor,32.125,8.0312,408.6,51.58,76.34,2.313,2955.4,2936.52,197.62,210.0,RUNNING_OPTIMAL,0,NORMAL,10.0,PEAK,GOOD
2026-01-11 18:15:00,HVAC_01,HVAC System,37.577,9.3942,407.3,60.53,47.37,1.674,977.6,3257.74,1069.79,1200.0,RUNNING_OPTIMAL,0,NORMAL,10.0,PEAK,GOOD
2026-01-11 18:15:00,MOTOR_01,Spinning Motor,35.37,8.8425,404.9,57.31,63.59,1.999,1488.1,3012.68,40.88,48.0,RUNNING_OPTIMAL,0,NORMAL,10.0,PEAK,GOOD
2026-01-11 18:15:00,PUMP_01,Water Pump,15.032,3.758,406.0,24.29,54.03,1.483,1450.8,2855.45,28.79,28.0,RUNNING_OPTIMAL,0,NORMAL,10.0,PEAK,GOOD
2026-01-11 18:30:00,COMPRESSOR_01,Air Compressor,33.272,8.318,407.2,53.61,77.82,2.48,2945.0,2936.77,210.85,210.0,RUNNING_OPTIMAL,0,NORMAL,10.0,PEAK,GOOD
2026-01-11 18:30:00,HVAC_01,HVAC System,36.184,9.046,407.8,58.21,45.9,1.799,980.9,3257.99,1052.98,1200.0,RUNNING_OPTIMAL,0,NORMAL,10.0,PEAK,GOOD
2026-01-11 18:30:00,MOTOR_01,Spinning Motor,33.389,8.3472,407.6,53.74,62.66,1.813,1486.2,3012.93,40.32,48.0,RUNNING_OPTIMAL,0,NORMAL,10.0,PEAK,GOOD
2026-01-11 18:30:00,PUMP_01,Water Pump,15.017,3.7542,403.8,24.4,52.73,1.453,1457.1,2855.7,24.4,28.0,RUNNING_OPTIMAL,0,NORMAL,10.0,PEAK,GOOD
2026-01-11 18:45:00,COMPRESSOR_01,Air Compressor,29.923,7.4808,404.9,48.49,76.79,2.332,2952.3,2937.02,192.32,210.0,RUNNING_OPTIMAL,0,NORMAL,10.0,PEAK,GOOD
2026-01-11 18:45:00,HVAC_01,HVAC System,38.068,9.517,410.1,60.9,46.78,1.721,983.6,3258.24,1094.76,1200.0,RUNNING_OPTIMAL,0,NORMAL,10.0,PEAK,GOOD
2026-01-11 18:45:00,MOTOR_01,Spinning Motor,36.384,9.096,409.7,58.26,64.2,1.911,1484.6,3013.18,45.98,48.0,RUNNING_OPTIMAL,0,NORMAL,10.0,PEAK,GOOD
2026-01-11 18:45:00,PUMP_01,Water Pump,13.533,3.3832,404.2,21.97,53.32,1.486,1449.2,2855.95,28.2,28.0,RUNNING_OPTIMAL,0,NORMAL,10.0,PEAK,GOOD
2026-01-11 19:00:00,COMPRESSOR_01,Air Compressor,29.397,7.3492,408.5,47.21,75.21,2.347,2954.2,2937.27,190.08,210.0,RUNNING_OPTIMAL,0,NORMAL,10.0,PEAK,GOOD
2026-01-11 19:00:00,HVAC_01,HVAC System,38.544,9.636,408.2,61.95,46.07,1.72,972.3,3258.49,1118.94,1200.0,RUNNING_OPTIMAL,0,NORMAL,10.0,PEAK,GOOD
2026-01-11 19:00:00,MOTOR_01,Spinning Motor,35.892,8.973,407.4,57.8,62.91,1.985,1483.6,3013.43,47.1,48.0,RUNNING_OPTIMAL,0,NORMAL,10.0,PEAK,GOOD
2026-01-11 19:00:00,PUMP_01,Water Pump,14.649,3.6622,408.0,23.56,52.61,1.369,1445.8,2856.2,25.52,28.0,RUNNING_OPTIMAL,0,NORMAL,10.0,PEAK,GOOD
2026-01-11 19:15:00,COMPRESSOR_01,Air Compressor,30.347,7.5868,405.4,49.11,76.4,2.4,2950.0,2937.52,188.95,210.0,RUNNING_OPTIMAL,0,NORMAL,10.0,PEAK,GOOD
2026-01-11 19:15:00,HVAC_01,HVAC System,40.061,10.0152,407.2,64.55,45.43,1.626,983.8,3258.74,1126.08,1200.0,RUNNING_OPTIMAL,0,NORMAL,10.0,PEAK,GOOD
2026-01-11 19:15:00,MOTOR_01,Spinning Motor,37.156,9.289,407.4,59.84,62.07,1.972,1492.3,3013.68,45.9,48.0,RUNNING_OPTIMAL,0,NORMAL,10.0,PEAK,GOOD
2026-01-11 19:15:00,PUMP_01,Water Pump,12.673,3.1682,407.9,20.38,51.35,1.491,1451.2,2856.45,28.07,28.0,RUNNING_OPTIMAL,0,NORMAL,10.0,PEAK,GOOD
2026-01-11 19:30:00,COMPRESSOR_01,Air Compressor,30.399,7.5998,405.5,49.18,76.52,2.299,2950.8,2937.77,187.73,210.0,RUNNING_OPTIMAL,0,NORMAL,10.0,PEAK,GOOD
2026-01-11 19:30:00,HVAC_01,HVAC System,37.839,9.4598,407.7,60.89,44.78,1.795,980.3,3258.99,1067.74,1200.0,RUNNING_OPTIMAL,0,NORMAL,10.0,PEAK,GOOD
2026-01-11 19:30:00,MOTOR_01,Spinning Motor,37.127,9.2818,406.8,59.88,62.38,1.803,1482.4,3013.93,44.71,48.0,RUNNING_OPTIMAL,0,NORMAL,10.0,PEAK,GOOD
2026-01-11 19:30:00,PUMP_01,Water Pump,15.466,3.8665,408.5,24.84,53.3,1.431,1454.1,2856.7,27.02,28.0,RUNNING_OPTIMAL,0,NORMAL,10.0,PEAK,GOOD
2026-01-11 19:45:00,COMPRESSOR_01,Air Compressor,31.425,7.8562,406.6,50.71,75.52,2.293,2956.5,2938.02,191.77,210.0,RUNNING_OPTIMAL,0,NORMAL,10.0,PEAK,GOOD
2026-01-11 19:45:00,HVAC_01,HVAC System,38.11,9.5275,406.3,61.54,46.51,1.7,985.8,3259.24,1113.95,1200.0,RUNNING_OPTIMAL,0,NORMAL,10.0,PEAK,GOOD
2026-01-11 19:45:00,MOTOR_01,Spinning Motor,37.378,9.3445,404.8,60.58,64.44,1.972,1484.2,3014.18,43.87,48.0,RUNNING_OPTIMAL,0,NORMAL,10.0,PEAK,GOOD
2026-01-11 19:45:00,PUMP_01,Water Pump,13.212,3.303,409.4,21.17,52.29,1.398,1447.0,2856.95,25.53,28.0,RUNNING_OPTIMAL,0,NORMAL,10.0,PEAK,GOOD
2026-01-11 20:00:00,COMPRESSOR_01,Air Compressor,30.555,7.6388,406.0,49.38,74.67,2.257,2955.0,2938.27,192.86,210.0,RUNNING_OPTIMAL,0,NORMAL,10.0,PEAK,GOOD
2026-01-11 20:00:00,HVAC_01,HVAC System,36.352,9.088,405.4,58.83,43.94,1.79,982.3,3259.49,1039.61,1200.0,RUNNING_OPTIMAL,0,NORMAL,10.0,PEAK,GOOD
2026-01-11 20:00:00,MOTOR_01,Spinning Motor,34.718,8.6795,406.6,56.02,59.55,1.915,1491.2,3014.43,42.81,48.0,RUNNING_OPTIMAL,0,NORMAL,10.0,PEAK,GOOD
2026-01-11 20:00:00,PUMP_01,Water Pump,13.485,3.3712,412.4,21.45,51.43,1.461,1447.8,2857.2,25.47,28.0,RUNNING_OPTIMAL,0,NORMAL,10.0,PEAK,GOOD
2026-01-11 20:15:00,COMPRESSOR_01,Air Compressor,32.771,8.1928,412.6,52.11,75.2,2.337,2953.7,2938.52,200.08,210.0,RUNNING_OPTIMAL,0,NORMAL,10.0,PEAK,GOOD
2026-01-11 20:15:00,HVAC_01,HVAC System,38.311,9.5778,408.4,61.55,44.03,1.642,983.5,3259.74,1125.19,1200.0,RUNNING_OPTIMAL,0,NORMAL,10.0,PEAK,GOOD
2026-01-11 20:15:00,MOTOR_01,Spinning Motor,38.199,9.5498,404.8,61.91,63.03,1.746,1488.1,3014.68,46.63,48.0,RUNNING_OPTIMAL,0,NORMAL,10.0,PEAK,GOOD
2026-01-11 20:15:00,PUMP_01,Water Pump,14.367,3.5918,408.0,23.1,51.59,1.403,1442.6,2857.45,24.54,28.0,RUNNING_OPTIMAL,0,NORMAL,10.0,PEAK,GOOD
2026-01-11 20:30:00,COMPRESSOR_01,Air Compressor,31.769,7.9422,407.0,51.21,75.01,2.174,2956.0,2938.77,193.88,210.0,RUNNING_OPTIMAL,0,NORMAL,10.0,PEAK,GOOD
2026-01-11 20:30:00,HVAC_01,HVAC System,38.638,9.6595,407.9,62.15,44.23,1.76,980.8,3259.99,1049.54,1200.0,RUNNING_OPTIMAL,0,NORMAL,10.0,PEAK,GOOD
2026-01-11 20:30:00,MOTOR_01,Spinning Motor,38.086,9.5215,409.0,61.09,62.01,1.952,1484.9,3014.93,45.04,48.0,RUNNING_OPTIMAL,0,NORMAL,10.0,PEAK,GOOD
2026-01-11 20:30:00,PUMP_01,Water Pump,15.14,3.785,404.8,24.54,51.04,1.446,1449.3,2857.7,24.71,28.0,RUNNING_OPTIMAL,0,NORMAL,10.0,PEAK,GOOD
2026-01-11 20:45:00,COMPRESSOR_01,Air Compressor,29.112,7.278,408.5,46.76,73.08,2.199,2955.1,2939.02,183.43,210.0,RUNNING_OPTIMAL,0,NORMAL,10.0,PEAK,GOOD
2026-01-11 20:45:00,HVAC_01,HVAC System,38.06,9.515,407.6,61.26,44.6,1.834,982.0,3260.24,1112.07,1200.0,RUNNING_OPTIMAL,0,NORMAL,10.0,PEAK,GOOD
2026-01-11 20:45:00,MOTOR_01,Spinning Motor,37.0,9.25,405.8,59.82,62.03,1.924,1483.1,3015.18,42.61,48.0,RUNNING_OPTIMAL,0,NORMAL,10.0,PEAK,GOOD
2026-01-11 20:45:00,PUMP_01,Water Pump,14.515,3.6288,406.0,23.46,51.63,1.383,1452.5,2857.95,25.61,28.0,RUNNING_OPTIMAL,0,NORMAL,10.0,PEAK,GOOD
2026-01-11 21:00:00,COMPRESSOR_01,Air Compressor,16.575,4.1438,405.4,26.82,66.96,1.494,2954.7,2939.27,0.0,42.0,IDLE_UNLOADED,0,NORMAL,10.0,PEAK,GOOD
2026-01-11 21:00:00,HVAC_01,HVAC System,15.507,3.8768,406.9,25.0,35.9,1.225,985.9,3260.49,0.0,240.0,IDLE_UNLOADED,0,NORMAL,10.0,PEAK,GOOD
2026-01-11 21:00:00,MOTOR_01,Spinning Motor,11.546,2.8865,409.9,18.48,54.49,1.229,1488.6,3015.43,0.0,9.6,IDLE_UNLOADED,0,NORMAL,10.0,PEAK,GOOD
2026-01-11 21:00:00,PUMP_01,Water Pump,5.079,1.2698,410.0,8.13,44.11,0.943,1457.0,2858.2,0.0,5.6,IDLE_UNLOADED,0,NORMAL,10.0,PEAK,GOOD
2026-01-11 21:15:00,COMPRESSOR_01,Air Compressor,16.927,4.2318,409.1,27.15,65.89,1.548,2958.4,2939.52,0.0,42.0,IDLE_UNLOADED,0,NORMAL,10.0,PEAK,GOOD
2026-01-11 21:15:00,HVAC_01,HVAC System,16.239,4.0598,411.3,25.9,36.49,1.002,986.3,3260.74,0.0,240.0,IDLE_UNLOADED,0,NORMAL,10.0,PEAK,GOOD
2026-01-11 21:15:00,MOTOR_01,Spinning Motor,12.031,3.0078,409.7,19.27,53.72,1.303,1487.7,3015.68,0.0,9.6,IDLE_UNLOADED,0,NORMAL,10.0,PEAK,GOOD
2026-01-11 21:15:00,PUMP_01,Water Pump,4.245,1.0612,409.4,6.8,42.97,0.995,1458.3,2858.45,0.0,5.6,IDLE_UNLOADED,0,NORMAL,10.0,PEAK,GOOD
2026-01-11 21:30:00,COMPRESSOR_01,Air Compressor,30.651,7.6628,411.7,48.85,73.86,2.371,2953.6,2939.77,194.39,210.0,RUNNING_OPTIMAL,0,NORMAL,10.0,PEAK,GOOD
2026-01-11 21:30:00,HVAC_01,HVAC System,37.578,9.3945,409.5,60.21,42.03,1.748,989.2,3260.99,1058.47,1200.0,RUNNING_OPTIMAL,0,NORMAL,10.0,PEAK,GOOD
2026-01-11 21:30:00,MOTOR_01,Spinning Motor,38.813,9.7032,410.3,62.06,59.24,1.944,1487.0,3015.93,45.07,48.0,RUNNING_OPTIMAL,0,NORMAL,10.0,PEAK,GOOD
2026-01-11 21:30:00,PUMP_01,Water Pump,15.573,3.8932,412.9,24.74,49.88,1.511,1446.9,2858.7,27.67,28.0,RUNNING_OPTIMAL,0,NORMAL,10.0,PEAK,GOOD
2026-01-11 21:45:00,COMPRESSOR_01,Air Compressor,31.877,7.9692,408.3,51.22,73.8,2.311,2950.6,2940.02,200.8,210.0,RUNNING_OPTIMAL,0,NORMAL,10.0,PEAK,GOOD
2026-01-11 21:45:00,HVAC_01,HVAC System,40.463,10.1158,407.3,65.18,42.82,1.846,983.0,3261.24,1120.24,1200.0,RUNNING_OPTIMAL,0,NORMAL,10.0,PEAK,GOOD
2026-01-11 21:45:00,MOTOR_01,Spinning Motor,36.701,9.1752,409.0,58.87,58.97,1.979,1486.7,3016.18,43.45,48.0,RUNNING_OPTIMAL,0,NORMAL,10.0,PEAK,GOOD
2026-01-11 21:45:00,PUMP_01,Water Pump,14.091,3.5228,410.1,22.54,49.9,1.445,1452.8,2858.95,26.23,28.0,RUNNING_OPTIMAL,0,NORMAL,10.0,PEAK,GOOD
2026-01-11 22:00:00,COMPRESSOR_01,Air Compressor,31.71,7.9275,410.5,50.68,72.64,2.222,2943.2,2940.27,203.27,210.0,RUNNING_OPTIMAL,0,NORMAL,5.5,OFF_PEAK,GOOD
2026-01-11 22:00:00,HVAC_01,HVAC System,37.271,9.3178,409.9,59.66,42.09,1.779,980.9,3261.49,1086.38,1200.0,RUNNING_OPTIMAL,0,NORMAL,5.5,OFF_PEAK,GOOD
2026-01-11 22:00:00,MOTOR_01,Spinning Motor,40.083,10.0208,407.3,64.57,59.55,1.966,1487.9,3016.43,46.1,48.0,RUNNING_OPTIMAL,0,NORMAL,5.5,OFF_PEAK,GOOD
2026-01-11 22:00:00,PUMP_01,Water Pump,16.717,4.1792,412.4,26.59,49.18,1.584,1453.0,2859.2,26.54,28.0,RUNNING_OPTIMAL,0,NORMAL,5.5,OFF_PEAK,GOOD
2026-01-11 22:15:00,COMPRESSOR_01,Air Compressor,32.422,8.1055,407.0,52.26,73.12,2.273,2947.9,2940.52,210.9,210.0,RUNNING_OPTIMAL,0,NORMAL,5.5,OFF_PEAK,GOOD
2026-01-11 22:15:00,HVAC_01,HVAC System,41.324,10.331,412.5,65.73,43.41,1.825,973.2,3261.74,1186.97,1200.0,RUNNING_OPTIMAL,0,NORMAL,5.5,OFF_PEAK,GOOD
2026-01-11 22:15:00,MOTOR_01,Spinning Motor,35.544,8.886,411.0,56.74,58.87,1.913,1489.0,3016.68,43.74,48.0,RUNNING_OPTIMAL,0,NORMAL,5.5,OFF_PEAK,GOOD
2026-01-11 22:15:00,PUMP_01,Water Pump,14.542,3.6355,411.8,23.17,49.05,1.516,1450.2,2859.45,27.24,28.0,RUNNING_OPTIMAL,0,NORMAL,5.5,OFF_PEAK,GOOD
2026-01-11 22:30:00,COMPRESSOR_01,Air Compressor,32.186,8.0465,414.9,50.9,71.33,2.371,2948.3,2940.77,202.84,210.0,RUNNING_OPTIMAL,0,NORMAL,5.5,OFF_PEAK,GOOD
2026-01-11 22:30:00,HVAC_01,HVAC System,40.532,10.133,413.2,64.36,41.47,1.686,984.0,3261.99,1162.33,1200.0,RUNNING_OPTIMAL,0,NORMAL,5.5,OFF_PEAK,GOOD
2026-01-11 22:30:00,MOTOR_01,Spinning Motor,37.68,9.42,408.8,60.47,60.33,1.922,1489.7,3016.93,45.52,48.0,RUNNING_OPTIMAL,0,NORMAL,5.5,OFF_PEAK,GOOD
2026-01-11 22:30:00,PUMP_01,Water Pump,16.446,4.1115,410.5,26.28,50.95,1.388,1451.7,2859.7,30.12,28.0,RUNNING_OPTIMAL,0,NORMAL,5.5,OFF_PEAK,GOOD
2026-01-11 22:45:00,COMPRESSOR_01,Air Compressor,31.235,7.8088,411.8,49.76,72.1,2.316,2955.0,2941.02,195.94,210.0,RUNNING_OPTIMAL,0,NORMAL,5.5,OFF_PEAK,GOOD
2026-01-11 22:45:00,HVAC_01,HVAC System,41.455,10.3638,406.0,66.99,43.19,1.718,978.9,3262.24,1158.84,1200.0,RUNNING_OPTIMAL,0,NORMAL,5.5,OFF_PEAK,GOOD
2026-01-11 22:45:00,MOTOR_01,Spinning Motor,34.146,8.5365,413.7,54.15,58.56,2.085,1488.7,3017.18,41.83,48.0,RUNNING_OPTIMAL,0,NORMAL,5.5,OFF_PEAK,GOOD
2026-01-11 22:45:00,PUMP_01,Water Pump,14.686,3.6715,408.9,23.56,49.8,1.374,1450.2,2859.95,26.42,28.0,RUNNING_OPTIMAL,0,NORMAL,5.5,OFF_PEAK,GOOD
2026-01-11 23:00:00,COMPRESSOR_01,Air Compressor,31.913,7.9782,413.8,50.6,71.48,2.304,2960.4,2941.27,199.99,210.0,RUNNING_OPTIMAL,0,NORMAL,5.5,OFF_PEAK,GOOD
2026-01-11 23:00:00,HVAC_01,HVAC System,43.764,10.941,414.8,69.22,41.76,1.673,990.8,3262.49,1217.36,1200.0,RUNNING_OPTIMAL,0,NORMAL,5.5,OFF_PEAK,GOOD
2026-01-11 23:00:00,MOTOR_01,Spinning Motor,34.881,8.7202,410.9,55.69,57.75,1.895,1489.1,3017.43,42.59,48.0,RUNNING_OPTIMAL,0,NORMAL,5.5,OFF_PEAK,GOOD
2026-01-11 23:00:00,PUMP_01,Water Pump,14.401,3.6002,414.4,22.8,47.27,1.412,1452.0,2860.2,27.05,28.0,RUNNING_OPTIMAL,0,NORMAL,5.5,OFF_PEAK,GOOD
2026-01-11 23:15:00,COMPRESSOR_01,Air Compressor,33.082,8.2705,417.2,52.02,70.99,2.377,2948.2,2941.52,210.32,210.0,RUNNING_OPTIMAL,0,NORMAL,5.5,OFF_PEAK,GOOD
2026-01-11 23:15:00,HVAC_01,HVAC System,42.747,10.6868,412.6,67.97,41.77,1.837,981.8,3262.74,1235.89,1200.0,RUNNING_OPTIMAL,0,NORMAL,5.5,OFF_PEAK,GOOD
2026-01-11 23:15:00,MOTOR_01,Spinning Motor,37.84,9.46,413.4,60.05,60.02,1.896,1483.9,3017.68,46.83,48.0,RUNNING_OPTIMAL,0,NORMAL,5.5,OFF_PEAK,GOOD
2026-01-11 23:15:00,PUMP_01,Water Pump,15.482,3.8705,412.3,24.64,49.63,1.487,1443.7,2860.45,27.98,28.0,RUNNING_OPTIMAL,0,NORMAL,5.5,OFF_PEAK,GOOD
2026-01-11 23:30:00,COMPRESSOR_01,Air Compressor,31.926,7.9815,412.5,50.78,71.22,2.332,2954.3,2941.77,197.35,210.0,RUNNING_OPTIMAL,0,NORMAL,5.5,OFF_PEAK,GOOD
2026-01-11 23:30:00,HVAC_01,HVAC System,37.51,9.3775,412.9,59.6,40.43,1.675,976.6,3262.99,1092.27,1200.0,RUNNING_OPTIMAL,0,NORMAL,5.5,OFF_PEAK,GOOD
2026-01-11 23:30:00,MOTOR_01,Spinning Motor,39.506,9.8765,419.5,61.79,58.62,1.942,1485.4,3017.93,47.38,48.0,RUNNING_OPTIMAL,0,NORMAL,5.5,OFF_PEAK,GOOD
2026-01-11 23:30:00,PUMP_01,Water Pump,14.328,3.582,411.3,22.86,48.06,1.462,1449.2,2860.7,26.93,28.0,RUNNING_OPTIMAL,0,NORMAL,5.5,OFF_PEAK,GOOD
2026-01-11 23:45:00,COMPRESSOR_01,Air Compressor,33.804,8.451,411.1,53.95,71.63,2.472,2946.0,2942.02,207.57,210.0,RUNNING_OPTIMAL,0,NORMAL,5.5,OFF_PEAK,GOOD
2026-01-11 23:45:00,HVAC_01,HVAC System,40.725,10.1812,415.1,64.37,42.7,1.705,979.9,3263.24,1185.96,1200.0,RUNNING_OPTIMAL,0,NORMAL,5.5,OFF_PEAK,GOOD
2026-01-11 23:45:00,MOTOR_01,Spinning Motor,38.868,9.717,409.0,62.35,57.9,1.898,1485.0,3018.18,46.28,48.0,RUNNING_OPTIMAL,0,NORMAL,5.5,OFF_PEAK,GOOD
2026-01-11 23:45:00,PUMP_01,Water Pump,16.406,4.1015,413.7,26.02,47.95,1.584,1448.8,2860.95,26.85,28.0,RUNNING_OPTIMAL,0,NORMAL,5.5,OFF_PEAK,GOOD
2026-01-12 00:00:00,COMPRESSOR_01,Air Compressor,32.201,8.0502,416.0,50.78,69.27,2.34,2959.2,2942.27,202.13,210.0,RUNNING_OPTIMAL,0,NORMAL,5.5,OFF_PEAK,GOOD
2026-01-12 00:00:00,HVAC_01,HVAC System,43.33,10.8325,414.1,68.65,41.59,1.76,981.3,3263.49,1210.54,1200.0,RUNNING_OPTIMAL,0,NORMAL,5.5,OFF_PEAK,GOOD
2026-01-12 00:00:00,MOTOR_01,Spinning Motor,40.67,10.1675,417.0,63.99,58.28,1.871,1480.5,3018.43,49.25,48.0,RUNNING_OPTIMAL,0,NORMAL,5.5,OFF_PEAK,GOOD
2026-01-12 00:00:00,PUMP_01,Water Pump,15.736,3.934,413.1,24.99,47.47,1.452,1452.5,2861.2,28.2,28.0,RUNNING_OPTIMAL,0,NORMAL,5.5,OFF_PEAK,GOOD
2026-01-12 00:15:00,COMPRESSOR_01,Air Compressor,32.142,8.0355,415.8,50.72,69.98,2.354,2948.9,2942.52,204.39,210.0,RUNNING_OPTIMAL,0,NORMAL,5.5,OFF_PEAK,GOOD
2026-01-12 00:15:00,HVAC_01,HVAC System,44.337,11.0843,415.7,69.98,40.21,1.752,979.7,3263.74,1263.58,1200.0,RUNNING_OPTIMAL,0,NORMAL,5.5,OFF_PEAK,GOOD
2026-01-12 00:15:00,MOTOR_01,Spinning Motor,36.35,9.0875,408.0,58.45,57.52,1.962,1481.3,3018.68,45.37,48.0,RUNNING_OPTIMAL,0,NORMAL,5.5,OFF_PEAK,GOOD
2026-01-12 00:15:00,PUMP_01,Water Pump,16.942,4.2355,414.7,26.8,47.87,1.629,1448.0,2861.45,29.33,28.0,RUNNING_OPTIMAL,0,NORMAL,5.5,OFF_PEAK,GOOD
2026-01-12 00:30:00,COMPRESSOR_01,Air Compressor,31.181,7.7952,411.7,49.69,69.61,2.446,2960.7,2942.77,197.03,210.0,RUNNING_OPTIMAL,0,NORMAL,5.5,OFF_PEAK,GOOD
2026-01-12 00:30:00,HVAC_01,HVAC System,39.282,9.8205,415.4,62.04,40.55,1.67,984.4,3263.99,1131.82,1200.0,RUNNING_OPTIMAL,0,NORMAL,5.5,OFF_PEAK,GOOD
2026-01-12 00:30:00,MOTOR_01,Spinning Motor,40.283,10.0708,418.2,63.2,57.75,1.884,1494.8,3018.93,48.45,48.0,RUNNING_OPTIMAL,0,NORMAL,5.5,OFF_PEAK,GOOD
2026-01-12 00:30:00,PUMP_01,Water Pump,16.397,4.0992,417.5,25.77,47.3,1.452,1453.8,2861.7,27.07,28.0,RUNNING_OPTIMAL,0,NORMAL,5.5,OFF_PEAK,GOOD
2026-01-12 00:45:00,COMPRESSOR_01,Air Compressor,34.762,8.6905,415.2,54.93,71.02,2.45,2946.4,2943.02,211.41,210.0,RUNNING_OPTIMAL,0,NORMAL,5.5,OFF_PEAK,GOOD
2026-01-12 00:45:00,HVAC_01,HVAC System,41.411,10.3528,416.6,65.22,39.39,1.789,975.5,3264.24,1150.36,1200.0,RUNNING_OPTIMAL,0,NORMAL,5.5,OFF_PEAK,GOOD
2026-01-12 00:45:00,MOTOR_01,Spinning Motor,38.31,9.5775,410.8,61.18,57.95,2.021,1488.3,3019.18,46.15,48.0,RUNNING_OPTIMAL,0,NORMAL,5.5,OFF_PEAK,GOOD
2026-01-12 00:45:00,PUMP_01,Water Pump,14.261,3.5652,416.9,22.44,47.91,1.42,1449.0,2861.95,26.23,28.0,RUNNING_OPTIMAL,0,NORMAL,5.5,OFF_PEAK,GOOD
2026-01-12 01:00:00,COMPRESSOR_01,Air Compressor,35.921,8.9802,419.5,56.18,71.59,2.38,2933.4,2943.27,223.57,210.0,RUNNING_OPTIMAL,0,NORMAL,5.5,OFF_PEAK,GOOD
2026-01-12 01:00:00,HVAC_01,HVAC System,42.308,10.577,417.6,66.47,41.67,1.68,982.0,3264.49,1198.25,1200.0,RUNNING_OPTIMAL,0,NORMAL,5.5,OFF_PEAK,GOOD
2026-01-12 01:00:00,MOTOR_01,Spinning Motor,39.363,9.8408,417.0,61.93,57.84,1.935,1485.0,3019.43,46.46,48.0,RUNNING_OPTIMAL,0,NORMAL,5.5,OFF_PEAK,GOOD
2026-01-12 01:00:00,PUMP_01,Water Pump,15.571,3.8928,414.1,24.67,47.46,1.49,1443.9,2862.2,29.57,28.0,RUNNING_OPTIMAL,0,NORMAL,5.5,OFF_PEAK,GOOD
2026-01-12 01:15:00,COMPRESSOR_01,Air Compressor,32.666,8.1665,415.8,51.54,70.06,2.375,2948.2,2943.52,209.45,210.0,RUNNING_OPTIMAL,0,NORMAL,5.5,OFF_PEAK,GOOD
2026-01-12 01:15:00,HVAC_01,HVAC System,44.311,11.0778,413.6,70.29,39.73,1.593,972.4,3264.74,1224.07,1200.0,RUNNING_OPTIMAL,0,NORMAL,5.5,OFF_PEAK,GOOD
2026-01-12 01:15:00,MOTOR_01,Spinning Motor,42.415,10.6038,416.4,66.83,58.73,1.878,1485.0,3019.68,52.39,48.0,RUNNING_OPTIMAL,0,NORMAL,5.5,OFF_PEAK,GOOD
2026-01-12 01:15:00,PUMP_01,Water Pump,17.314,4.3285,417.6,27.2,48.66,1.457,1445.5,2862.45,30.09,28.0,RUNNING_OPTIMAL,0,NORMAL,5.5,OFF_PEAK,GOOD
2026-01-12 01:30:00,COMPRESSOR_01,Air Compressor,34.765,8.6912,417.6,54.62,72.29,2.441,2945.9,2943.77,219.13,210.0,RUNNING_OPTIMAL,0,NORMAL,5.5,OFF_PEAK,GOOD
2026-01-12 01:30:00,HVAC_01,HVAC System,43.035,10.7587,417.6,67.61,40.87,1.633,970.2,3264.99,1224.05,1200.0,RUNNING_OPTIMAL,0,NORMAL,5.5,OFF_PEAK,GOOD
2026-01-12 01:30:00,MOTOR_01,Spinning Motor,43.841,10.9602,422.6,68.06,58.58,1.97,1479.1,3019.93,54.59,48.0,RUNNING_OPTIMAL,0,NORMAL,5.5,OFF_PEAK,GOOD
2026-01-12 01:30:00,PUMP_01,Water Pump,14.977,3.7442,416.1,23.61,48.35,1.453,1449.2,2862.7,28.98,28.0,RUNNING_OPTIMAL,0,NORMAL,5.5,OFF_PEAK,GOOD
2026-01-12 01:45:00,COMPRESSOR_01,Air Compressor,34.357,8.5892,415.4,54.26,70.78,2.383,2947.3,2944.02,211.83,210.0,RUNNING_OPTIMAL,0,NORMAL,5.5,OFF_PEAK,GOOD
2026-01-12 01:45:00,HVAC_01,HVAC System,45.878,11.4695,416.3,72.3,41.19,1.621,980.3,3265.24,1280.67,1200.0,RUNNING_OPTIMAL,0,NORMAL,5.5,OFF_PEAK,GOOD
2026-01-12 01:45:00,MOTOR_01,Spinning Motor,38.755,9.6888,420.6,60.45,56.97,1.892,1481.6,3020.18,46.15,48.0,RUNNING_OPTIMAL,0,NORMAL,5.5,OFF_PEAK,GOOD
2026-01-12 01:45:00,PUMP_01,Water Pump,14.962,3.7405,421.9,23.27,48.65,1.502,1447.3,2862.95,29.13,28.0,RUNNING_OPTIMAL,0,NORMAL,5.5,OFF_PEAK,GOOD
2026-01-12 02:00:00,COMPRESSOR_01,Air Compressor,34.745,8.6862,418.2,54.51,70.39,2.289,2944.7,2944.27,215.3,210.0,RUNNING_OPTIMAL,0,NORMAL,5.5,OFF_PEAK,GOOD
2026-01-12 02:00:00,HVAC_01,HVAC System,42.299,10.5748,424.2,65.42,41.37,1.732,974.8,3265.49,1192.99,1200.0,RUNNING_OPTIMAL,0,NORMAL,5.5,OFF_PEAK,GOOD
2026-01-12 02:00:00,MOTOR_01,Spinning Motor,41.564,10.391,421.2,64.74,58.5,1.98,1479.8,3020.43,50.67,48.0,RUNNING_OPTIMAL,0,NORMAL,5.5,OFF_PEAK,GOOD
2026-01-12 02:00:00,PUMP_01,Water Pump,15.747,3.9368,416.2,24.82,48.04,1.621,1444.2,2863.2,30.43,28.0,RUNNING_OPTIMAL,0,NORMAL,5.5,OFF_PEAK,GOOD
2026-01-12 02:15:00,COMPRESSOR_01,Air Compressor,34.288,8.572,420.7,53.47,70.98,2.3,2941.8,2944.52,222.56,210.0,RUNNING_OPTIMAL,0,NORMAL,5.5,OFF_PEAK,GOOD
2026-01-12 02:15:00,HVAC_01,HVAC System,44.11,11.0275,418.6,69.13,41.95,1.631,977.0,3265.74,1260.93,1200.0,RUNNING_OPTIMAL,0,NORMAL,5.5,OFF_PEAK,GOOD
2026-01-12 02:15:00,MOTOR_01,Spinning Motor,40.562,10.1405,417.3,63.77,57.96,2.123,1477.8,3020.68,48.6,48.0,RUNNING_OPTIMAL,0,NORMAL,5.5,OFF_PEAK,GOOD
2026-01-12 02:15:00,PUMP_01,Water Pump,16.31,4.0775,419.3,25.52,48.66,1.477,1446.9,2863.45,28.15,28.0,RUNNING_OPTIMAL,0,NORMAL,5.5,OFF_PEAK,GOOD
2026-01-12 02:30:00,COMPRESSOR_01,Air Compressor,35.984,8.996,419.2,56.32,71.75,2.499,2946.5,2944.77,228.3,210.0,RUNNING_OPTIMAL,0,NORMAL,5.5,OFF_PEAK,GOOD
2026-01-12 02:30:00,HVAC_01,HVAC System,44.482,11.1205,418.7,69.7,41.06,1.658,977.8,3265.99,1295.19,1200.0,RUNNING_OPTIMAL,0,NORMAL,5.5,OFF_PEAK,GOOD
2026-01-12 02:30:00,MOTOR_01,Spinning Motor,41.492,10.373,418.8,65.0,57.84,1.964,1482.3,3020.93,48.6,48.0,RUNNING_OPTIMAL,0,NORMAL,5.5,OFF_PEAK,GOOD
2026-01-12 02:30:00,PUMP_01,Water Pump,16.217,4.0542,417.2,25.5,48.24,1.567,1445.2,2863.7,30.17,28.0,RUNNING_OPTIMAL,0,NORMAL,5.5,OFF_PEAK,GOOD
2026-01-12 02:45:00,COMPRESSOR_01,Air Compressor,33.225,8.3062,420.0,51.9,70.24,2.383,2946.5,2945.02,213.13,210.0,RUNNING_OPTIMAL,0,NORMAL,5.5,OFF_PEAK,GOOD
2026-01-12 02:45:00,HVAC_01,HVAC System,42.677,10.6692,418.2,66.95,41.15,1.809,975.0,3266.24,1222.82,1200.0,RUNNING_OPTIMAL,0,NORMAL,5.5,OFF_PEAK,GOOD
2026-01-12 02:45:00,MOTOR_01,Spinning Motor,38.812,9.703,420.1,60.61,57.38,2.041,1471.7,3021.18,46.65,48.0,RUNNING_OPTIMAL,0,NORMAL,5.5,OFF_PEAK,GOOD
2026-01-12 02:45:00,PUMP_01,Water Pump,18.01,4.5025,419.7,28.15,47.83,1.58,1444.9,2863.95,30.32,28.0,RUNNING_OPTIMAL,0,NORMAL,5.5,OFF_PEAK,GOOD
2026-01-12 03:00:00,COMPRESSOR_01,Air Compressor,36.355,9.0887,418.5,56.99,71.16,2.362,2944.1,2945.27,223.41,210.0,RUNNING_OPTIMAL,0,NORMAL,5.5,OFF_PEAK,GOOD
2026-01-12 03:00:00,HVAC_01,HVAC System,44.673,11.1682,424.0,69.13,40.92,1.714,979.4,3266.49,1259.36,1200.0,RUNNING_OPTIMAL,0,NORMAL,5.5,OFF_PEAK,GOOD
2026-01-12 03:00:00,MOTOR_01,Spinning Motor,42.36,10.59,420.6,66.08,59.35,1.818,1482.0,3021.43,49.53,48.0,RUNNING_OPTIMAL,0,NORMAL,5.5,OFF_PEAK,GOOD
2026-01-12 03:00:00,PUMP_01,Water Pump,16.738,4.1845,419.2,26.2,48.48,1.581,1439.2,2864.2,30.51,28.0,RUNNING_OPTIMAL,0,NORMAL,5.5,OFF_PEAK,GOOD
2026-01-12 03:15:00,COMPRESSOR_01,Air Compressor,35.607,8.9018,418.0,55.89,72.2,2.374,2942.2,2945.52,230.05,210.0,RUNNING_OPTIMAL,0,NORMAL,5.5,OFF_PEAK,GOOD
2026-01-12 03:15:00,HVAC_01,HVAC System,44.923,11.2308,419.6,70.24,41.17,1.782,975.1,3266.74,1284.14,1200.0,RUNNING_OPTIMAL,0,NORMAL,5.5,OFF_PEAK,GOOD
2026-01-12 03:15:00,MOTOR_01,Spinning Motor,45.831,11.4578,419.3,71.71,58.48,1.877,1483.6,3021.68,49.99,48.0,RUNNING_OPTIMAL,0,NORMAL,5.5,OFF_PEAK,GOOD
2026-01-12 03:15:00,PUMP_01,Water Pump,18.281,4.5702,419.4,28.6,48.57,1.523,1436.3,2864.45,30.33,28.0,RUNNING_OPTIMAL,0,NORMAL,5.5,OFF_PEAK,GOOD
2026-01-12 03:30:00,COMPRESSOR_01,Air Compressor,34.822,8.7055,416.4,54.87,71.16,2.291,2943.2,2945.77,213.66,210.0,RUNNING_OPTIMAL,0,NORMAL,5.5,OFF_PEAK,GOOD
2026-01-12 03:30:00,HVAC_01,HVAC System,43.746,10.9365,423.7,67.74,40.98,1.865,980.6,3266.99,1272.88,1200.0,RUNNING_OPTIMAL,0,NORMAL,5.5,OFF_PEAK,GOOD
2026-01-12 03:30:00,MOTOR_01,Spinning Motor,45.695,11.4238,419.3,71.5,59.25,2.012,1481.9,3021.93,53.71,48.0,RUNNING_OPTIMAL,0,NORMAL,5.5,OFF_PEAK,GOOD
2026-01-12 03:30:00,PUMP_01,Water Pump,16.736,4.184,421.5,26.05,48.04,1.592,1444.5,2864.7,30.06,28.0,RUNNING_OPTIMAL,0,NORMAL,5.5,OFF_PEAK,GOOD
2026-01-12 03:45:00,COMPRESSOR_01,Air Compressor,34.971,8.7427,417.6,54.94,71.36,2.332,2948.9,2946.02,218.12,210.0,RUNNING_OPTIMAL,0,NORMAL,5.5,OFF_PEAK,GOOD
2026-01-12 03:45:00,HVAC_01,HVAC System,46.345,11.5862,417.8,72.78,41.68,1.784,974.6,3267.24,1291.86,1200.0,RUNNING_OPTIMAL,0,NORMAL,5.5,OFF_PEAK,GOOD
2026-01-12 03:45:00,MOTOR_01,Spinning Motor,41.603,10.4008,422.1,64.66,57.68,2.04,1477.3,3022.18,51.95,48.0,RUNNING_OPTIMAL,0,NORMAL,5.5,OFF_PEAK,GOOD
2026-01-12 03:45:00,PUMP_01,Water Pump,15.972,3.993,421.0,24.89,47.77,1.495,1450.2,2864.95,27.98,28.0,RUNNING_OPTIMAL,0,NORMAL,5.5,OFF_PEAK,GOOD
2026-01-12 04:00:00,COMPRESSOR_01,Air Compressor,34.821,8.7052,417.2,54.76,71.31,2.434,2951.0,2946.27,224.16,210.0,RUNNING_OPTIMAL,0,NORMAL,5.5,OFF_PEAK,GOOD
2026-01-12 04:00:00,HVAC_01,HVAC System,41.416,10.354,420.4,64.63,40.24,1.69,980.7,3267.49,1242.34,1200.0,RUNNING_OPTIMAL,0,NORMAL,5.5,OFF_PEAK,GOOD
2026-01-12 04:00:00,MOTOR_01,Spinning Motor,40.553,10.1382,423.8,62.78,57.75,1.958,1484.3,3022.43,48.41,48.0,RUNNING_OPTIMAL,0,NORMAL,5.5,OFF_PEAK,GOOD
2026-01-12 04:00:00,PUMP_01,Water Pump,17.892,4.473,419.9,27.96,48.47,1.529,1450.2,2865.2,30.37,28.0,RUNNING_OPTIMAL,0,NORMAL,5.5,OFF_PEAK,GOOD
2026-01-12 04:15:00,COMPRESSOR_01,Air Compressor,37.794,9.4485,419.7,59.08,70.99,2.47,2939.4,2946.52,228.84,210.0,RUNNING_OPTIMAL,0,NORMAL,5.5,OFF_PEAK,GOOD
2026-01-12 04:15:00,HVAC_01,HVAC System,43.189,10.7972,422.7,67.03,41.78,1.871,982.4,3267.74,1228.62,1200.0,RUNNING_OPTIMAL,0,NORMAL,5.5,OFF_PEAK,GOOD
2026-01-12 04:15:00,MOTOR_01,Spinning Motor,43.6,10.9,421.0,67.95,57.69,2.12,1475.1,3022.68,53.59,48.0,RUNNING_OPTIMAL,0,NORMAL,5.5,OFF_PEAK,GOOD
2026-01-12 04:15:00,PUMP_01,Water Pump,18.668,4.667,422.9,28.96,50.32,1.576,1447.7,2865.45,31.2,28.0,RUNNING_OPTIMAL,0,NORMAL,5.5,OFF_PEAK,GOOD
2026-01-12 04:30:00,COMPRESSOR_01,Air Compressor,35.014,8.7535,422.0,54.44,70.97,2.411,2941.9,2946.77,215.72,210.0,RUNNING_OPTIMAL,0,NORMAL,5.5,OFF_PEAK,GOOD
2026-01-12 04:30:00,HVAC_01,HVAC System,45.866,11.4665,424.3,70.92,40.08,1.665,974.9,3267.99,1303.79,1200.0,RUNNING_OPTIMAL,0,NORMAL,5.5,OFF_PEAK,GOOD
2026-01-12 04:30:00,MOTOR_01,Spinning Motor,40.631,10.1578,422.7,63.06,57.62,2.132,1491.8,3022.93,48.51,48.0,RUNNING_OPTIMAL,0,NORMAL,5.5,OFF_PEAK,GOOD
2026-01-12 04:30:00,PUMP_01,Water Pump,17.036,4.259,423.6,26.39,49.14,1.554,1441.8,2865.7,31.23,28.0,RUNNING_OPTIMAL,0,NORMAL,5.5,OFF_PEAK,GOOD
2026-01-12 04:45:00,COMPRESSOR_01,Air Compressor,33.785,8.4462,423.0,52.4,71.82,2.492,2950.4,2947.02,216.46,210.0,RUNNING_OPTIMAL,0,NORMAL,5.5,OFF_PEAK,GOOD
2026-01-12 04:45:00,HVAC_01,HVAC System,46.651,11.6628,420.4,72.8,42.0,1.749,980.9,3268.24,1305.11,1200.0,RUNNING_OPTIMAL,0,NORMAL,5.5,OFF_PEAK,GOOD
2026-01-12 04:45:00,MOTOR_01,Spinning Motor,44.606,11.1515,425.6,68.76,59.23,1.81,1484.9,3023.18,50.47,48.0,RUNNING_OPTIMAL,0,NORMAL,5.5,OFF_PEAK,GOOD
2026-01-12 04:45:00,PUMP_01,Water Pump,16.755,4.1888,423.2,25.97,48.46,1.529,1442.2,2865.95,30.86,28.0,RUNNING_OPTIMAL,0,NORMAL,5.5,OFF_PEAK,GOOD
2026-01-12 05:00:00,COMPRESSOR_01,Air Compressor,38.071,9.5178,418.6,59.67,72.92,2.362,2939.6,2947.27,233.35,210.0,RUNNING_OPTIMAL,0,NORMAL,5.5,OFF_PEAK,GOOD
2026-01-12 05:00:00,HVAC_01,HVAC System,45.048,11.262,421.0,70.2,42.1,1.833,981.7,3268.49,1299.77,1200.0,RUNNING_OPTIMAL,0,NORMAL,5.5,OFF_PEAK,GOOD
2026-01-12 05:00:00,MOTOR_01,Spinning Motor,42.778,10.6945,422.6,66.41,59.25,1.976,1474.3,3023.43,51.4,48.0,RUNNING_OPTIMAL,0,NORMAL,5.5,OFF_PEAK,GOOD
2026-01-12 05:00:00,PUMP_01,Water Pump,17.501,4.3752,422.5,27.18,50.59,1.556,1449.3,2866.2,29.67,28.0,RUNNING_OPTIMAL,0,NORMAL,5.5,OFF_PEAK,GOOD
2026-01-12 05:15:00,COMPRESSOR_01,Air Compressor,36.73,9.1825,420.1,57.36,74.02,2.442,2940.5,2947.52,236.79,210.0,RUNNING_OPTIMAL,0,NORMAL,5.5,OFF_PEAK,GOOD
2026-01-12 05:15:00,HVAC_01,HVAC System,46.177,11.5442,422.2,71.76,42.36,1.682,976.9,3268.74,1284.76,1200.0,RUNNING_OPTIMAL,0,NORMAL,5.5,OFF_PEAK,GOOD
2026-01-12 05:15:00,MOTOR_01,Spinning Motor,45.548,11.387,424.6,70.38,60.4,2.024,1481.7,3023.68,54.41,48.0,RUNNING_OPTIMAL,0,NORMAL,5.5,OFF_PEAK,GOOD
2026-01-12 05:15:00,PUMP_01,Water Pump,17.735,4.4338,419.1,27.76,49.92,1.752,1450.4,2866.45,30.05,28.0,RUNNING_OPTIMAL,0,NORMAL,5.5,OFF_PEAK,GOOD
2026-01-12 05:30:00,COMPRESSOR_01,Air Compressor,36.978,9.2445,422.7,57.39,73.77,2.33,2940.0,2947.77,235.5,210.0,RUNNING_OPTIMAL,0,NORMAL,5.5,OFF_PEAK,GOOD
2026-01-12 05:30:00,HVAC_01,HVAC System,46.546,11.6365,423.0,72.19,41.89,1.738,979.1,3268.99,1298.58,1200.0,RUNNING_OPTIMAL,0,NORMAL,5.5,OFF_PEAK,GOOD
2026-01-12 05:30:00,MOTOR_01,Spinning Motor,41.822,10.4555,422.8,64.9,58.36,2.084,1487.8,3023.93,52.45,48.0,RUNNING_OPTIMAL,0,NORMAL,5.5,OFF_PEAK,GOOD
2026-01-12 05:30:00,PUMP_01,Water Pump,15.454,3.8635,424.0,23.91,48.25,1.528,1444.0,2866.7,28.45,28.0,RUNNING_OPTIMAL,0,NORMAL,5.5,OFF_PEAK,GOOD
2026-01-12 05:45:00,COMPRESSOR_01,Air Compressor,35.322,8.8305,420.1,55.16,72.9,2.341,2940.3,2948.02,225.89,210.0,RUNNING_OPTIMAL,0,NORMAL,5.5,OFF_PEAK,GOOD
2026-01-12 05:45:00,HVAC_01,HVAC System,46.985,11.7462,422.6,72.94,42.41,1.754,976.5,3269.24,1349.77,1200.0,RUNNING_OPTIMAL,0,NORMAL,5.5,OFF_PEAK,GOOD
2026-01-12 05:45:00,MOTOR_01,Spinning Motor,43.145,10.7863,425.8,66.48,59.92,2.02,1485.3,3024.18,51.38,48.0,RUNNING_OPTIMAL,0,NORMAL,5.5,OFF_PEAK,GOOD
2026-01-12 05:45:00,PUMP_01,Water Pump,17.48,4.37,426.6,26.88,50.61,1.489,1449.4,2866.95,29.7,28.0,RUNNING_OPTIMAL,0,NORMAL,5.5,OFF_PEAK,GOOD
2026-01-12 06:00:00,COMPRESSOR_01,Air Compressor,35.88,8.97,427.2,55.1,73.48,2.377,2948.0,2948.27,229.08,210.0,RUNNING_OPTIMAL,0,NORMAL,7.5,NORMAL,GOOD
2026-01-12 06:00:00,HVAC_01,HVAC System,46.934,11.7335,422.5,72.88,42.98,1.704,978.7,3269.49,1315.34,1200.0,RUNNING_OPTIMAL,0,NORMAL,7.5,NORMAL,GOOD
2026-01-12 06:00:00,MOTOR_01,Spinning Motor,43.205,10.8012,423.7,66.9,60.47,1.933,1485.1,3024.43,53.04,48.0,RUNNING_OPTIMAL,0,NORMAL,7.5,NORMAL,GOOD
2026-01-12 06:00:00,PUMP_01,Water Pump,16.864,4.216,425.0,26.03,50.76,1.544,1453.2,2867.2,29.89,28.0,RUNNING_OPTIMAL,0,NORMAL,7.5,NORMAL,GOOD
2026-01-12 06:15:00,COMPRESSOR_01,Air Compressor,37.206,9.3015,422.2,57.82,75.34,2.542,2945.2,2948.52,239.29,210.0,RUNNING_OPTIMAL,0,NORMAL,7.5,NORMAL,GOOD
2026-01-12 06:15:00,HVAC_01,HVAC System,48.08,12.02,421.9,74.77,42.89,1.82,978.6,3269.74,1367.06,1200.0,RUNNING_OPTIMAL,0,NORMAL,7.5,NORMAL,GOOD
2026-01-12 06:15:00,MOTOR_01,Spinning Motor,47.027,11.7568,421.8,73.15,61.15,1.986,1478.4,3024.68,54.66,48.0,RUNNING_OPTIMAL,0,NORMAL,7.5,NORMAL,GOOD
2026-01-12 06:15:00,PUMP_01,Water Pump,16.375,4.0938,423.6,25.36,50.98,1.522,1448.5,2867.45,29.08,28.0,RUNNING_OPTIMAL,0,NORMAL,7.5,NORMAL,GOOD
2026-01-12 06:30:00,COMPRESSOR_01,Air Compressor,35.244,8.811,425.7,54.32,74.46,2.369,2938.3,2948.77,224.65,210.0,RUNNING_OPTIMAL,0,NORMAL,7.5,NORMAL,GOOD
2026-01-12 06:30:00,HVAC_01,HVAC System,48.022,12.0055,422.3,74.61,44.11,1.737,978.3,3269.99,1360.94,1200.0,RUNNING_OPTIMAL,0,NORMAL,7.5,NORMAL,GOOD
2026-01-12 06:30:00,MOTOR_01,Spinning Motor,42.894,10.7235,423.5,66.45,60.07,1.987,1485.3,3024.93,52.49,48.0,RUNNING_OPTIMAL,0,NORMAL,7.5,NORMAL,GOOD
2026-01-12 06:30:00,PUMP_01,Water Pump,16.894,4.2235,424.5,26.11,51.0,1.578,1446.3,2867.7,33.74,28.0,RUNNING_OPTIMAL,0,NORMAL,7.5,NORMAL,GOOD
2026-01-12 06:45:00,COMPRESSOR_01,Air Compressor,34.888,8.722,423.5,54.05,74.42,2.413,2950.9,2949.02,225.59,210.0,RUNNING_OPTIMAL,0,NORMAL,7.5,NORMAL,GOOD
2026-01-12 06:45:00,HVAC_01,HVAC System,46.028,11.507,422.7,71.44,43.94,1.842,976.3,3270.24,1301.88,1200.0,RUNNING_OPTIMAL,0,NORMAL,7.5,NORMAL,GOOD
2026-01-12 06:45:00,MOTOR_01,Spinning Motor,41.229,10.3072,420.1,64.39,59.54,1.936,1485.4,3025.18,51.05,48.0,RUNNING_OPTIMAL,0,NORMAL,7.5,NORMAL,GOOD
2026-01-12 06:45:00,PUMP_01,Water Pump,17.381,4.3452,422.7,26.98,51.04,1.499,1448.4,2867.95,30.94,28.0,RUNNING_OPTIMAL,0,NORMAL,7.5,NORMAL,GOOD
2026-01-12 07:00:00,COMPRESSOR_01,Air Compressor,35.144,8.786,420.7,54.81,76.58,2.516,2952.9,2949.27,223.34,210.0,RUNNING_OPTIMAL,0,NORMAL,7.5,NORMAL,GOOD
2026-01-12 07:00:00,HVAC_01,HVAC System,45.572,11.393,424.4,70.45,45.54,1.755,978.6,3270.49,1313.07,1200.0,RUNNING_OPTIMAL,0,NORMAL,7.5,NORMAL,GOOD
2026-01-12 07:00:00,MOTOR_01,Spinning Motor,44.029,11.0073,418.7,68.99,62.89,1.921,1481.9,3025.43,53.32,48.0,RUNNING_OPTIMAL,0,NORMAL,7.5,NORMAL,GOOD
2026-01-12 07:00:00,PUMP_01,Water Pump,16.482,4.1205,421.5,25.65,52.84,1.559,1449.6,2868.2,33.92,28.0,RUNNING_OPTIMAL,0,NORMAL,7.5,NORMAL,GOOD
2026-01-12 07:15:00,COMPRESSOR_01,Air Compressor,35.099,8.7747,422.1,54.56,75.99,2.451,2953.6,2949.52,222.05,210.0,RUNNING_OPTIMAL,0,NORMAL,7.5,NORMAL,GOOD
2026-01-12 07:15:00,HVAC_01,HVAC System,43.712,10.928,421.0,68.12,44.62,1.805,972.1,3270.74,1261.96,1200.0,RUNNING_OPTIMAL,0,NORMAL,7.5,NORMAL,GOOD
2026-01-12 07:15:00,MOTOR_01,Spinning Motor,44.148,11.037,423.9,68.33,61.53,2.039,1479.3,3025.68,51.68,48.0,RUNNING_OPTIMAL,0,NORMAL,7.5,NORMAL,GOOD
2026-01-12 07:15:00,PUMP_01,Water Pump,16.038,4.0095,425.1,24.75,50.29,1.558,1445.6,2868.45,27.75,28.0,RUNNING_OPTIMAL,0,NORMAL,7.5,NORMAL,GOOD
2026-01-12 07:30:00,COMPRESSOR_01,Air Compressor,34.152,8.538,422.5,53.03,73.65,2.353,2944.1,2949.77,212.43,210.0,RUNNING_OPTIMAL,0,NORMAL,7.5,NORMAL,GOOD
2026-01-12 07:30:00,HVAC_01,HVAC System,45.987,11.4968,419.1,71.99,46.0,1.762,984.3,3270.99,1314.86,1200.0,RUNNING_OPTIMAL,0,NORMAL,7.5,NORMAL,GOOD
2026-01-12 07:30:00,MOTOR_01,Spinning Motor,41.21,10.3025,419.3,64.48,62.3,1.883,1493.7,3025.93,50.69,48.0,RUNNING_OPTIMAL,0,NORMAL,7.5,NORMAL,GOOD
2026-01-12 07:30:00,PUMP_01,Water Pump,17.786,4.4465,419.4,27.82,53.43,1.66,1442.8,2868.7,32.61,28.0,RUNNING_OPTIMAL,0,NORMAL,7.5,NORMAL,GOOD
2026-01-12 07:45:00,COMPRESSOR_01,Air Compressor,35.454,8.8635,423.4,54.94,73.65,2.35,2943.1,2950.02,214.88,210.0,RUNNING_OPTIMAL,0,NORMAL,7.5,NORMAL,GOOD
2026-01-12 07:45:00,HVAC_01,HVAC System,42.125,10.5312,422.6,65.4,43.42,1.644,986.5,3271.24,1228.49,1200.0,RUNNING_OPTIMAL,0,NORMAL,7.5,NORMAL,GOOD
2026-01-12 07:45:00,MOTOR_01,Spinning Motor,43.428,10.857,425.1,67.02,62.55,2.003,1485.1,3026.18,50.17,48.0,RUNNING_OPTIMAL,0,NORMAL,7.5,NORMAL,GOOD
2026-01-12 07:45:00,PUMP_01,Water Pump,17.784,4.446,423.5,27.55,51.93,1.626,1450.9,2868.95,33.21,28.0,RUNNING_OPTIMAL,0,NORMAL,7.5,NORMAL,GOOD
2026-01-12 08:00:00,COMPRESSOR_01,Air Compressor,36.938,9.2345,431.8,56.12,76.61,2.251,2944.1,2950.27,230.29,210.0,RUNNING_OPTIMAL,0,NORMAL,7.5,NORMAL,GOOD
2026-01-12 08:00:00,HVAC_01,HVAC System,47.138,11.7845,421.1,73.44,47.62,1.785,969.5,3271.49,1335.0,1200.0,RUNNING_OPTIMAL,0,NORMAL,7.5,NORMAL,GOOD
2026-01-12 08:00:00,MOTOR_01,Spinning Motor,43.462,10.8655,423.7,67.3,63.57,1.809,1483.0,3026.43,53.89,48.0,RUNNING_OPTIMAL,0,NORMAL,7.5,NORMAL,GOOD
2026-01-12 08:00:00,PUMP_01,Water Pump,15.551,3.8878,423.3,24.1,52.4,1.535,1449.4,2869.2,29.29,28.0,RUNNING_OPTIMAL,0,NORMAL,7.5,NORMAL,GOOD
2026-01-12 08:15:00,COMPRESSOR_01,Air Compressor,35.038,8.7595,421.1,54.59,77.19,2.273,2944.0,2950.52,218.66,210.0,RUNNING_OPTIMAL,0,NORMAL,7.5,NORMAL,GOOD
2026-01-12 08:15:00,HVAC_01,HVAC System,45.081,11.2703,419.3,70.54,46.71,1.765,982.4,3271.74,1287.31,1200.0,RUNNING_OPTIMAL,0,NORMAL,7.5,NORMAL,GOOD
2026-01-12 08:15:00,MOTOR_01,Spinning Motor,40.934,10.2335,419.4,64.03,64.14,2.106,1479.5,3026.68,46.42,48.0,RUNNING_OPTIMAL,0,NORMAL,7.5,NORMAL,GOOD
2026-01-12 08:15:00,PUMP_01,Water Pump,17.766,4.4415,423.2,27.54,53.52,1.618,1447.5,2869.45,33.29,28.0,RUNNING_OPTIMAL,0,NORMAL,7.5,NORMAL,GOOD
2026-01-12 08:30:00,COMPRESSOR_01,Air Compressor,36.889,9.2222,418.7,57.8,76.64,2.399,2939.9,2950.77,226.61,210.0,RUNNING_OPTIMAL,0,NORMAL,7.5,NORMAL,GOOD
2026-01-12 08:30:00,HVAC_01,HVAC System,45.977,11.4942,423.0,71.31,47.51,1.681,983.7,3271.99,1341.45,1200.0,RUNNING_OPTIMAL,0,NORMAL,7.5,NORMAL,GOOD
2026-01-12 08:30:00,MOTOR_01,Spinning Motor,41.361,10.3402,417.4,65.01,63.19,1.859,1484.4,3026.93,51.26,48.0,RUNNING_OPTIMAL,0,NORMAL,7.5,NORMAL,GOOD
2026-01-12 08:30:00,PUMP_01,Water Pump,17.164,4.291,426.0,26.43,52.68,1.508,1445.7,2869.7,32.14,28.0,RUNNING_OPTIMAL,0,NORMAL,7.5,NORMAL,GOOD
2026-01-12 08:45:00,COMPRESSOR_01,Air Compressor,36.542,9.1355,425.1,56.4,76.72,2.392,2947.1,2951.02,231.63,210.0,RUNNING_OPTIMAL,0,NORMAL,7.5,NORMAL,GOOD
2026-01-12 08:45:00,HVAC_01,HVAC System,48.548,12.137,425.8,74.8,47.58,1.851,975.5,3272.24,1352.03,1200.0,RUNNING_OPTIMAL,0,NORMAL,7.5,NORMAL,GOOD
2026-01-12 08:45:00,MOTOR_01,Spinning Motor,43.46,10.865,421.5,67.65,61.75,2.022,1480.8,3027.18,49.96,48.0,RUNNING_OPTIMAL,0,NORMAL,7.5,NORMAL,GOOD
2026-01-12 08:45:00,PUMP_01,Water Pump,16.673,4.1682,420.5,26.01,53.38,1.431,1450.8,2869.95,27.82,28.0,RUNNING_OPTIMAL,0,NORMAL,7.5,NORMAL,GOOD
2026-01-12 09:00:00,COMPRESSOR_01,Air Compressor,34.076,8.519,417.3,53.57,76.13,2.281,2948.6,2951.27,218.41,210.0,RUNNING_OPTIMAL,0,NORMAL,7.5,NORMAL,GOOD
2026-01-12 09:00:00,HVAC_01,HVAC System,47.459,11.8648,419.1,74.29,48.1,1.776,988.0,3272.49,1322.07,1200.0,RUNNING_OPTIMAL,0,NORMAL,7.5,NORMAL,GOOD
2026-01-12 09:00:00,MOTOR_01,Spinning Motor,44.387,11.0968,423.8,68.71,64.64,1.878,1476.3,3027.43,53.72,48.0,RUNNING_OPTIMAL,0,NORMAL,7.5,NORMAL,GOOD
2026-01-12 09:00:00,PUMP_01,Water Pump,18.349,4.5872,417.5,28.83,54.2,1.365,1444.3,2870.2,31.37,28.0,RUNNING_OPTIMAL,0,NORMAL,7.5,NORMAL,GOOD
2026-01-12 09:15:00,COMPRESSOR_01,Air Compressor,32.471,8.1177,421.5,50.54,75.74,2.339,2950.9,2951.52,211.96,210.0,RUNNING_OPTIMAL,0,NORMAL,7.5,NORMAL,GOOD
2026-01-12 09:15:00,HVAC_01,HVAC System,43.85,10.9625,419.3,68.61,47.88,1.662,979.8,3272.74,1270.24,1200.0,RUNNING_OPTIMAL,0,NORMAL,7.5,NORMAL,GOOD
2026-01-12 09:15:00,MOTOR_01,Spinning Motor,45.285,11.3212,417.9,71.09,64.37,2.001,1481.2,3027.68,54.27,48.0,RUNNING_OPTIMAL,0,NORMAL,7.5,NORMAL,GOOD
2026-01-12 09:15:00,PUMP_01,Water Pump,18.598,4.6495,420.0,29.05,54.36,1.513,1449.5,2870.45,31.65,28.0,RUNNING_OPTIMAL,0,NORMAL,7.5,NORMAL,GOOD
2026-01-12 09:30:00,COMPRESSOR_01,Air Compressor,36.242,9.0605,420.0,56.61,76.83,2.485,2944.4,2951.77,216.51,210.0,RUNNING_OPTIMAL,0,NORMAL,7.5,NORMAL,GOOD
2026-01-12 09:30:00,HVAC_01,HVAC System,46.082,11.5205,416.3,72.62,48.26,1.74,972.0,3272.99,1324.8,1200.0,RUNNING_OPTIMAL,0,NORMAL,7.5,NORMAL,GOOD
2026-01-12 09:30:00,MOTOR_01,Spinning Motor,40.958,10.2395,420.2,63.95,64.82,1.828,1483.7,3027.93,49.56,48.0,RUNNING_OPTIMAL,0,NORMAL,7.5,NORMAL,GOOD
2026-01-12 09:30:00,PUMP_01,Water Pump,16.818,4.2045,421.6,26.17,54.36,1.614,1446.6,2870.7,28.53,28.0,RUNNING_OPTIMAL,0,NORMAL,7.5,NORMAL,GOOD
2026-01-12 09:45:00,COMPRESSOR_01,Air Compressor,35.573,8.8932,416.7,56.01,76.78,2.327,2947.6,2952.02,220.8,210.0,RUNNING_OPTIMAL,0,NORMAL,7.5,NORMAL,GOOD
2026-01-12 09:45:00,HVAC_01,HVAC System,48.369,12.0922,423.0,75.02,48.56,1.733,981.7,3273.24,1330.38,1200.0,RUNNING_OPTIMAL,0,NORMAL,7.5,NORMAL,GOOD
2026-01-12 09:45:00,MOTOR_01,Spinning Motor,41.362,10.3405,419.0,64.77,64.25,1.815,1485.4,3028.18,50.35,48.0,RUNNING_OPTIMAL,0,NORMAL,7.5,NORMAL,GOOD
2026-01-12 09:45:00,PUMP_01,Water Pump,16.33,4.0825,421.9,25.39,53.23,1.542,1453.4,2870.95,27.96,28.0,RUNNING_OPTIMAL,0,NORMAL,7.5,NORMAL,GOOD
2026-01-12 10:00:00,COMPRESSOR_01,Air Compressor,36.05,9.0125,418.0,56.58,76.78,2.369,2948.8,2952.27,220.35,210.0,RUNNING_OPTIMAL,0,NORMAL,7.5,NORMAL,GOOD
2026-01-12 10:00:00,HVAC_01,HVAC System,45.098,11.2745,423.3,69.9,47.62,1.795,975.9,3273.49,1290.68,1200.0,RUNNING_OPTIMAL,0,NORMAL,7.5,NORMAL,GOOD
2026-01-12 10:00:00,MOTOR_01,Spinning Motor,39.258,9.8145,422.6,60.95,64.49,1.878,1482.4,3028.43,48.52,48.0,RUNNING_OPTIMAL,0,NORMAL,7.5,NORMAL,GOOD
2026-01-12 10:00:00,PUMP_01,Water Pump,17.493,4.3732,424.8,27.02,56.83,1.471,1454.3,2871.2,29.89,28.0,RUNNING_OPTIMAL,0,NORMAL,7.5,NORMAL,GOOD
2026-01-12 10:15:00,COMPRESSOR_01,Air Compressor,35.619,8.9048,415.2,56.28,77.88,2.393,2937.2,2952.52,223.89,210.0,RUNNING_OPTIMAL,0,NORMAL,7.5,NORMAL,GOOD
2026-01-12 10:15:00,HVAC_01,HVAC System,45.28,11.32,416.6,71.31,49.55,1.611,981.6,3273.74,1278.35,1200.0,RUNNING_OPTIMAL,0,NORMAL,7.5,NORMAL,GOOD
2026-01-12 10:15:00,MOTOR_01,Spinning Motor,42.916,10.729,424.2,66.38,66.46,1.959,1481.5,3028.68,51.48,48.0,RUNNING_OPTIMAL,0,NORMAL,7.5,NORMAL,GOOD
2026-01-12 10:15:00,PUMP_01,Water Pump,17.351,4.3378,417.5,27.27,55.71,1.374,1447.3,2871.45,30.57,28.0,RUNNING_OPTIMAL,0,NORMAL,7.5,NORMAL,GOOD
2026-01-12 10:30:00,COMPRESSOR_01,Air Compressor,33.901,8.4753,419.0,53.08,78.05,2.346,2939.1,2952.77,218.89,210.0,RUNNING_OPTIMAL,0,NORMAL,7.5,NORMAL,GOOD
2026-01-12 10:30:00,HVAC_01,HVAC System,42.537,10.6342,412.8,67.61,47.88,1.748,982.5,3273.99,1243.76,1200.0,RUNNING_OPTIMAL,0,NORMAL,7.5,NORMAL,GOOD
2026-01-12 10:30:00,MOTOR_01,Spinning Motor,40.429,10.1072,419.1,63.29,65.34,1.878,1479.4,3028.93,50.05,48.0,RUNNING_OPTIMAL,0,NORMAL,7.5,NORMAL,GOOD
2026-01-12 10:30:00,PUMP_01,Water Pump,16.769,4.1922,418.2,26.31,55.24,1.488,1455.0,2871.7,27.21,28.0,RUNNING_OPTIMAL,0,NORMAL,7.5,NORMAL,GOOD
2026-01-12 10:45:00,COMPRESSOR_01,Air Compressor,34.196,8.549,421.1,53.28,78.2,2.446,2945.6,2953.02,215.4,210.0,RUNNING_OPTIMAL,0,NORMAL,7.5,NORMAL,GOOD
2026-01-12 10:45:00,HVAC_01,HVAC System,44.588,11.147,417.2,70.12,47.68,1.772,980.0,3274.24,1274.52,1200.0,RUNNING_OPTIMAL,0,NORMAL,7.5,NORMAL,GOOD
2026-01-12 10:45:00,MOTOR_01,Spinning Motor,43.016,10.754,413.5,68.25,65.48,2.065,1484.2,3029.18,55.0,48.0,RUNNING_OPTIMAL,0,NORMAL,7.5,NORMAL,GOOD
2026-01-12 10:45:00,PUMP_01,Water Pump,16.641,4.1602,420.0,25.99,55.32,1.52,1449.1,2871.95,31.57,28.0,RUNNING_OPTIMAL,0,NORMAL,7.5,NORMAL,GOOD
2026-01-12 11:00:00,COMPRESSOR_01,Air Compressor,34.152,8.538,417.0,53.73,78.62,2.38,2945.0,2953.27,217.49,210.0,RUNNING_OPTIMAL,0,NORMAL,7.5,NORMAL,GOOD
2026-01-12 11:00:00,HVAC_01,HVAC System,42.725,10.6812,416.1,67.37,49.15,1.719,981.7,3274.49,1200.92,1200.0,RUNNING_OPTIMAL,0,NORMAL,7.5,NORMAL,GOOD
2026-01-12 11:00:00,MOTOR_01,Spinning Motor,41.549,10.3872,418.7,65.1,67.14,1.888,1481.7,3029.43,47.25,48.0,RUNNING_OPTIMAL,0,NORMAL,7.5,NORMAL,GOOD
2026-01-12 11:00:00,PUMP_01,Water Pump,15.761,3.9402,417.3,24.78,56.65,1.47,1451.9,2872.2,29.33,28.0,RUNNING_OPTIMAL,0,NORMAL,7.5,NORMAL,GOOD
2026-01-12 11:15:00,COMPRESSOR_01,Air Compressor,33.622,8.4055,416.0,53.03,78.38,2.313,2946.0,2953.52,210.7,210.0,RUNNING_OPTIMAL,0,NORMAL,7.5,NORMAL,GOOD
2026-01-12 11:15:00,HVAC_01,HVAC System,44.573,11.1432,416.9,70.14,50.2,1.758,983.7,3274.74,1259.94,1200.0,RUNNING_OPTIMAL,0,NORMAL,7.5,NORMAL,GOOD
2026-01-12 11:15:00,MOTOR_01,Spinning Motor,41.686,10.4215,415.8,65.78,67.12,2.045,1486.9,3029.68,49.78,48.0,RUNNING_OPTIMAL,0,NORMAL,7.5,NORMAL,GOOD
2026-01-12 11:15:00,PUMP_01,Water Pump,16.198,4.0495,414.1,25.66,56.0,1.489,1443.1,2872.45,29.86,28.0,RUNNING_OPTIMAL,0,NORMAL,7.5,NORMAL,GOOD
2026-01-12 11:30:00,COMPRESSOR_01,Air Compressor,34.193,8.5482,412.9,54.33,78.56,2.365,2951.1,2953.77,215.13,210.0,RUNNING_OPTIMAL,0,NORMAL,7.5,NORMAL,GOOD
2026-01-12 11:30:00,HVAC_01,HVAC System,42.461,10.6152,413.8,67.32,48.6,1.664,980.5,3274.99,1241.62,1200.0,RUNNING_OPTIMAL,0,NORMAL,7.5,NORMAL,GOOD
2026-01-12 11:30:00,MOTOR_01,Spinning Motor,40.178,10.0445,415.2,63.49,64.87,2.04,1479.6,3029.93,48.03,48.0,RUNNING_OPTIMAL,0,NORMAL,7.5,NORMAL,GOOD
2026-01-12 11:30:00,PUMP_01,Water Pump,14.459,3.6148,417.8,22.71,55.09,1.47,1448.6,2872.7,28.96,28.0,RUNNING_OPTIMAL,0,NORMAL,7.5,NORMAL,GOOD
2026-01-12 11:45:00,COMPRESSOR_01,Air Compressor,35.691,8.9228,420.7,55.66,79.43,2.316,2948.8,2954.02,219.32,210.0,RUNNING_OPTIMAL,0,NORMAL,7.5,NORMAL,GOOD
2026-01-12 11:45:00,HVAC_01,HVAC System,44.609,11.1522,418.6,69.92,49.66,1.782,986.2,3275.24,1262.25,1200.0,RUNNING_OPTIMAL,0,NORMAL,7.5,NORMAL,GOOD
2026-01-12 11:45:00,MOTOR_01,Spinning Motor,39.781,9.9452,417.9,62.45,65.64,2.079,1488.8,3030.18,50.08,48.0,RUNNING_OPTIMAL,0,NORMAL,7.5,NORMAL,GOOD
2026-01-12 11:45:00,PUMP_01,Water Pump,14.505,3.6262,417.8,22.78,56.19,1.565,1451.0,2872.95,28.86,28.0,RUNNING_OPTIMAL,0,NORMAL,7.5,NORMAL,GOOD
2026-01-12 12:00:00,COMPRESSOR_01,Air Compressor,33.167,8.2918,417.1,52.17,79.25,2.387,2953.5,2954.27,212.5,210.0,RUNNING_OPTIMAL,0,NORMAL,7.5,NORMAL,GOOD
2026-01-12 12:00:00,HVAC_01,HVAC System,52.709120000000006,13.1773,414.7,83.39,73.96000000000001,1.757,986.9,3275.49,1155.6,1200.0,RUNNING_OPTIMAL,1,TEMPERATURE_ANOMALY,7.5,NORMAL,GOOD
2026-01-12 12:00:00,MOTOR_01,Spinning Motor,40.974,10.2435,408.0,65.89,67.01,1.866,1487.4,3030.43,49.62,48.0,RUNNING_OPTIMAL,0,NORMAL,7.5,NORMAL,GOOD
2026-01-12 12:00:00,PUMP_01,Water Pump,16.666,4.1665,415.6,26.31,56.9,1.418,1445.8,2873.2,27.76,28.0,RUNNING_OPTIMAL,0,NORMAL,7.5,NORMAL,GOOD
2026-01-12 12:15:00,COMPRESSOR_01,Air Compressor,34.002,8.5005,416.4,53.57,79.37,2.397,2943.3,2954.52,212.02,210.0,RUNNING_OPTIMAL,0,NORMAL,7.5,NORMAL,GOOD
2026-01-12 12:15:00,HVAC_01,HVAC System,51.67744,12.9194,416.0,81.5,74.25999999999999,1.613,979.9,3275.74,1178.55,1200.0,RUNNING_OPTIMAL,1,TEMPERATURE_ANOMALY,7.5,NORMAL,GOOD
2026-01-12 12:15:00,MOTOR_01,Spinning Motor,39.54,9.885,412.8,62.84,66.83,1.817,1481.9,3030.68,48.81,48.0,RUNNING_OPTIMAL,0,NORMAL,7.5,NORMAL,GOOD
2026-01-12 12:15:00,PUMP_01,Water Pump,16.459,4.1148,417.2,25.88,58.01,1.527,1446.4,2873.45,31.35,28.0,RUNNING_OPTIMAL,0,NORMAL,7.5,NORMAL,GOOD
2026-01-12 12:30:00,COMPRESSOR_01,Air Compressor,33.444,8.361,414.9,52.88,81.23,2.413,2951.8,2954.77,215.81,210.0,RUNNING_OPTIMAL,0,NORMAL,7.5,NORMAL,GOOD
2026-01-12 12:30:00,HVAC_01,HVAC System,54.62272,13.6557,416.4,86.06,73.50999999999999,1.728,979.3,3275.99,1216.74,1200.0,RUNNING_OPTIMAL,1,TEMPERATURE_ANOMALY,7.5,NORMAL,GOOD
2026-01-12 12:30:00,MOTOR_01,Spinning Motor,38.31,9.5775,414.8,60.59,67.04,1.962,1484.4,3030.93,49.02,48.0,RUNNING_OPTIMAL,0,NORMAL,7.5,NORMAL,GOOD
2026-01-12 12:30:00,PUMP_01,Water Pump,14.846,3.7115,418.1,23.3,55.7,1.524,1446.4,2873.7,25.84,28.0,RUNNING_OPTIMAL,0,NORMAL,7.5,NORMAL,GOOD
2026-01-12 12:45:00,COMPRESSOR_01,Air Compressor,33.766,8.4415,413.6,53.56,79.72,2.392,2948.9,2955.02,211.38,210.0,RUNNING_OPTIMAL,0,NORMAL,7.5,NORMAL,GOOD
2026-01-12 12:45:00,HVAC_01,HVAC System,53.57952,13.3949,413.5,85.01,73.22999999999999,1.792,976.7,3276.24,1190.84,1200.0,RUNNING_OPTIMAL,1,TEMPERATURE_ANOMALY,7.5,NORMAL,GOOD
2026-01-12 12:45:00,MOTOR_01,Spinning Motor,41.011,10.2528,413.3,65.1,66.81,1.97,1480.3,3031.18,51.09,48.0,RUNNING_OPTIMAL,0,NORMAL,7.5,NORMAL,GOOD
2026-01-12 12:45:00,PUMP_01,Water Pump,15.286,3.8215,416.8,24.06,57.17,1.534,1451.3,2873.95,30.83,28.0,RUNNING_OPTIMAL,0,NORMAL,7.5,NORMAL,GOOD
2026-01-12 13:00:00,COMPRESSOR_01,Air Compressor,16.959,4.2398,414.9,26.82,67.44,1.606,2959.4,2955.27,0.0,42.0,IDLE_UNLOADED,0,NORMAL,7.5,NORMAL,GOOD
2026-01-12 13:00:00,HVAC_01,HVAC System,18.7328,4.6832,413.0,29.76,61.11,1.106,988.4,3276.49,0.0,240.0,IDLE_UNLOADED,1,TEMPERATURE_ANOMALY,7.5,NORMAL,GOOD
2026-01-12 13:00:00,MOTOR_01,Spinning Motor,12.722,3.1805,417.3,20.0,53.47,1.305,1485.7,3031.43,0.0,9.6,IDLE_UNLOADED,0,NORMAL,7.5,NORMAL,GOOD
2026-01-12 13:00:00,PUMP_01,Water Pump,4.607,1.1518,405.2,7.46,43.26,1.103,1455.7,2874.2,0.0,5.6,IDLE_UNLOADED,0,NORMAL,7.5,NORMAL,GOOD
2026-01-12 13:15:00,COMPRESSOR_01,Air Compressor,16.091,4.0228,410.1,25.74,66.79,1.523,2950.5,2955.52,0.0,42.0,IDLE_UNLOADED,0,NORMAL,7.5,NORMAL,GOOD
2026-01-12 13:15:00,HVAC_01,HVAC System,19.33952,4.8349,415.4,30.54,59.89,1.187,982.8,3276.74,0.0,240.0,IDLE_UNLOADED,1,TEMPERATURE_ANOMALY,7.5,NORMAL,GOOD
2026-01-12 13:15:00,MOTOR_01,Spinning Motor,12.24,3.06,413.3,19.43,53.77,1.287,1490.7,3031.68,0.0,9.6,IDLE_UNLOADED,0,NORMAL,7.5,NORMAL,GOOD
2026-01-12 13:15:00,PUMP_01,Water Pump,4.137,1.0342,412.5,6.58,44.73,0.909,1453.5,2874.45,0.0,5.6,IDLE_UNLOADED,0,NORMAL,7.5,NORMAL,GOOD
2026-01-12 13:30:00,COMPRESSOR_01,Air Compressor,31.353,7.8382,413.4,49.76,78.59,2.279,2953.4,2955.77,195.81,210.0,RUNNING_OPTIMAL,0,NORMAL,7.5,NORMAL,GOOD
2026-01-12 13:30:00,HVAC_01,HVAC System,54.43328,13.6083,413.0,86.47,73.7,1.629,987.3,3276.99,1188.01,1200.0,RUNNING_OPTIMAL,1,TEMPERATURE_ANOMALY,7.5,NORMAL,GOOD
2026-01-12 13:30:00,MOTOR_01,Spinning Motor,37.402,9.3505,412.5,59.49,66.68,1.934,1481.9,3031.93,47.6,48.0,RUNNING_OPTIMAL,0,NORMAL,7.5,NORMAL,GOOD
2026-01-12 13:30:00,PUMP_01,Water Pump,14.918,3.7295,415.3,23.57,57.11,1.459,1448.5,2874.7,28.14,28.0,RUNNING_OPTIMAL,0,NORMAL,7.5,NORMAL,GOOD
2026-01-12 13:45:00,COMPRESSOR_01,Air Compressor,32.842,8.2105,413.8,52.07,79.94,2.369,2946.4,2956.02,203.98,210.0,RUNNING_OPTIMAL,0,NORMAL,7.5,NORMAL,GOOD
2026-01-12 13:45:00,HVAC_01,HVAC System,52.935680000000005,13.2339,414.3,83.83,74.67,1.652,978.1,3277.24,1160.4,1200.0,RUNNING_OPTIMAL,1,TEMPERATURE_ANOMALY,7.5,NORMAL,GOOD
2026-01-12 13:45:00,MOTOR_01,Spinning Motor,41.812,10.453,413.2,66.39,67.22,1.905,1485.5,3032.18,46.72,48.0,RUNNING_OPTIMAL,0,NORMAL,7.5,NORMAL,GOOD
2026-01-12 13:45:00,PUMP_01,Water Pump,15.606,3.9015,414.0,24.73,56.86,1.612,1449.5,2874.95,28.39,28.0,RUNNING_OPTIMAL,0,NORMAL,7.5,NORMAL,GOOD
2026-01-12 14:00:00,COMPRESSOR_01,Air Compressor,36.468,9.117,411.7,58.11,79.05,2.426,2944.2,2956.27,216.37,210.0,RUNNING_OPTIMAL,0,NORMAL,7.5,NORMAL,GOOD
2026-01-12 14:00:00,HVAC_01,HVAC System,49.7152,12.4288,411.4,79.28,73.6,1.794,986.1,3277.49,1103.91,1200.0,RUNNING_OPTIMAL,1,TEMPERATURE_ANOMALY,7.5,NORMAL,GOOD
2026-01-12 14:00:00,MOTOR_01,Spinning Motor,38.054,9.5135,411.3,60.7,66.31,1.948,1484.7,3032.43,48.53,48.0,RUNNING_OPTIMAL,0,NORMAL,7.5,NORMAL,GOOD
2026-01-12 14:00:00,PUMP_01,Water Pump,15.592,3.898,411.7,24.85,57.85,1.494,1452.2,2875.2,27.65,28.0,RUNNING_OPTIMAL,0,NORMAL,7.5,NORMAL,GOOD
2026-01-12 14:15:00,COMPRESSOR_01,Air Compressor,32.89,8.2225,410.4,52.58,78.93,2.285,2955.6,2956.52,200.75,210.0,RUNNING_OPTIMAL,0,NORMAL,7.5,NORMAL,GOOD
2026-01-12 14:15:00,HVAC_01,HVAC System,50.79808,12.6995,411.5,80.99,73.44,1.62,981.9,3277.74,1171.4,1200.0,RUNNING_OPTIMAL,1,TEMPERATURE_ANOMALY,7.5,NORMAL,GOOD
2026-01-12 14:15:00,MOTOR_01,Spinning Motor,38.486,9.6215,406.1,62.18,66.08,1.899,1489.6,3032.68,46.83,48.0,RUNNING_OPTIMAL,0,NORMAL,7.5,NORMAL,GOOD
2026-01-12 14:15:00,PUMP_01,Water Pump,16.834,4.2085,406.6,27.16,56.89,1.672,1450.2,2875.45,27.36,28.0,RUNNING_OPTIMAL,0,NORMAL,7.5,NORMAL,GOOD
2026-01-12 14:30:00,COMPRESSOR_01,Air Compressor,33.212,8.303,412.3,52.85,80.44,2.287,2956.7,2956.77,203.39,210.0,RUNNING_OPTIMAL,0,NORMAL,7.5,NORMAL,GOOD
2026-01-12 14:30:00,HVAC_01,HVAC System,48.42496,12.1062,411.9,77.13,73.53,1.69,979.3,3277.99,1090.6,1200.0,RUNNING_OPTIMAL,1,TEMPERATURE_ANOMALY,7.5,NORMAL,GOOD
2026-01-12 14:30:00,MOTOR_01,Spinning Motor,39.958,9.9895,410.3,63.89,68.5,1.878,1488.6,3032.93,45.04,48.0,RUNNING_OPTIMAL,0,NORMAL,7.5,NORMAL,GOOD
2026-01-12 14:30:00,PUMP_01,Water Pump,14.341,3.5852,411.7,22.85,56.7,1.62,1447.7,2875.7,27.34,28.0,RUNNING_OPTIMAL,0,NORMAL,7.5,NORMAL,GOOD
2026-01-12 14:45:00,COMPRESSOR_01,Air Compressor,34.003,8.5008,408.6,54.6,80.29,2.543,2948.1,2957.02,202.53,210.0,RUNNING_OPTIMAL,0,NORMAL,7.5,NORMAL,GOOD
2026-01-12 14:45:00,HVAC_01,HVAC System,52.98816,13.247,409.4,84.92,74.59,1.772,992.9,3278.24,1184.3,1200.0,RUNNING_OPTIMAL,1,TEMPERATURE_ANOMALY,7.5,NORMAL,GOOD
2026-01-12 14:45:00,MOTOR_01,Spinning Motor,36.731,9.1828,413.3,58.31,66.4,1.986,1496.2,3033.18,42.78,48.0,RUNNING_OPTIMAL,0,NORMAL,7.5,NORMAL,GOOD
2026-01-12 14:45:00,PUMP_01,Water Pump,15.163,3.7908,410.4,24.24,57.42,1.532,1451.5,2875.95,24.44,28.0,RUNNING_OPTIMAL,0,NORMAL,7.5,NORMAL,GOOD
2026-01-12 15:00:00,COMPRESSOR_01,Air Compressor,30.76,7.69,411.7,49.02,79.64,2.269,2955.6,2957.27,198.1,210.0,RUNNING_OPTIMAL,0,NORMAL,7.5,NORMAL,GOOD
2026-01-12 15:00:00,HVAC_01,HVAC System,54.397439999999996,13.5994,409.6,87.13,75.21000000000001,1.709,980.4,3278.49,1177.42,1200.0,RUNNING_OPTIMAL,1,TEMPERATURE_ANOMALY,7.5,NORMAL,GOOD
2026-01-12 15:00:00,MOTOR_01,Spinning Motor,37.419,9.3547,413.0,59.44,65.47,1.824,1492.1,3033.43,45.16,48.0,RUNNING_OPTIMAL,0,NORMAL,7.5,NORMAL,GOOD
2026-01-12 15:00:00,PUMP_01,Water Pump,15.838,3.9595,411.4,25.26,57.45,1.53,1447.4,2876.2,27.75,28.0,RUNNING_OPTIMAL,0,NORMAL,7.5,NORMAL,GOOD
2026-01-12 15:15:00,COMPRESSOR_01,Air Compressor,30.277,7.5692,412.2,48.19,78.8,2.226,2956.7,2957.52,188.23,210.0,RUNNING_OPTIMAL,0,NORMAL,7.5,NORMAL,GOOD
2026-01-12 15:15:00,HVAC_01,HVAC System,52.48384,13.121,409.6,84.07,73.11,1.815,978.8,3278.74,1141.92,1200.0,RUNNING_OPTIMAL,1,TEMPERATURE_ANOMALY,7.5,NORMAL,GOOD
2026-01-12 15:15:00,MOTOR_01,Spinning Motor,36.966,9.2415,409.8,59.18,67.29,1.826,1480.7,3033.68,43.47,48.0,RUNNING_OPTIMAL,0,NORMAL,7.5,NORMAL,GOOD
2026-01-12 15:15:00,PUMP_01,Water Pump,14.47,3.6175,413.8,22.94,56.96,1.572,1455.6,2876.45,24.25,28.0,RUNNING_OPTIMAL,0,NORMAL,7.5,NORMAL,GOOD
2026-01-12 15:30:00,COMPRESSOR_01,Air Compressor,29.776,7.444,412.1,47.4,79.03,2.372,2950.6,2957.77,193.31,210.0,RUNNING_OPTIMAL,0,NORMAL,7.5,NORMAL,GOOD
2026-01-12 15:30:00,HVAC_01,HVAC System,49.922560000000004,12.4806,409.2,80.04,73.97999999999999,1.841,983.1,3278.99,1143.4,1200.0,RUNNING_OPTIMAL,1,TEMPERATURE_ANOMALY,7.5,NORMAL,GOOD
2026-01-12 15:30:00,MOTOR_01,Spinning Motor,36.648,9.162,411.5,58.43,66.99,1.949,1485.3,3033.93,45.89,48.0,RUNNING_OPTIMAL,0,NORMAL,7.5,NORMAL,GOOD
2026-01-12 15:30:00,PUMP_01,Water Pump,14.115,3.5288,410.4,22.56,55.69,1.53,1454.3,2876.7,25.63,28.0,RUNNING_OPTIMAL,0,NORMAL,7.5,NORMAL,GOOD
2026-01-12 15:45:00,COMPRESSOR_01,Air Compressor,31.799,7.9498,403.5,51.7,77.86,2.229,2944.4,2958.02,196.93,210.0,RUNNING_OPTIMAL,0,NORMAL,7.5,NORMAL,GOOD
2026-01-12 15:45:00,HVAC_01,HVAC System,51.136,12.784,410.8,81.67,72.69,1.744,988.8,3279.24,1128.61,1200.0,RUNNING_OPTIMAL,1,TEMPERATURE_ANOMALY,7.5,NORMAL,GOOD
2026-01-12 15:45:00,MOTOR_01,Spinning Motor,36.956,9.239,411.6,58.91,65.66,1.876,1490.6,3034.18,41.69,48.0,RUNNING_OPTIMAL,0,NORMAL,7.5,NORMAL,GOOD
2026-01-12 15:45:00,PUMP_01,Water Pump,14.415,3.6038,415.5,22.76,55.74,1.485,1457.5,2876.95,24.44,28.0,RUNNING_OPTIMAL,0,NORMAL,7.5,NORMAL,GOOD
2026-01-12 16:00:00,COMPRESSOR_01,Air Compressor,32.76,8.19,407.5,52.74,78.81,2.398,2954.9,2958.27,204.97,210.0,RUNNING_OPTIMAL,0,NORMAL,7.5,NORMAL,GOOD
2026-01-12 16:00:00,HVAC_01,HVAC System,52.39296,13.0982,407.6,84.33,73.08,1.706,985.1,3279.49,1149.57,1200.0,RUNNING_OPTIMAL,1,TEMPERATURE_ANOMALY,7.5,NORMAL,GOOD
2026-01-12 16:00:00,MOTOR_01,Spinning Motor,34.893,8.7232,412.3,55.52,66.29,1.964,1491.3,3034.43,43.4,48.0,RUNNING_OPTIMAL,0,NORMAL,7.5,NORMAL,GOOD
2026-01-12 16:00:00,PUMP_01,Water Pump,14.913,3.7282,408.8,23.93,55.26,1.406,1455.5,2877.2,24.92,28.0,RUNNING_OPTIMAL,0,NORMAL,7.5,NORMAL,GOOD
2026-01-12 16:15:00,COMPRESSOR_01,Air Compressor,32.229,8.0572,405.0,52.21,79.2,2.192,2948.9,2958.52,197.7,210.0,RUNNING_OPTIMAL,0,NORMAL,7.5,NORMAL,GOOD
2026-01-12 16:15:00,HVAC_01,HVAC System,49.88416,12.471,406.7,80.47,72.27000000000001,1.792,985.4,3279.74,1093.0,1200.0,RUNNING_OPTIMAL,1,TEMPERATURE_ANOMALY,7.5,NORMAL,GOOD
2026-01-12 16:15:00,MOTOR_01,Spinning Motor,39.395,9.8488,411.3,62.84,66.66,1.821,1488.5,3034.68,45.96,48.0,RUNNING_OPTIMAL,0,NORMAL,7.5,NORMAL,GOOD
2026-01-12 16:15:00,PUMP_01,Water Pump,15.103,3.7758,408.0,24.29,57.13,1.369,1447.3,2877.45,26.85,28.0,RUNNING_OPTIMAL,0,NORMAL,7.5,NORMAL,GOOD
2026-01-12 16:30:00,COMPRESSOR_01,Air Compressor,31.407,7.8518,408.2,50.48,78.94,2.304,2952.6,2958.77,192.3,210.0,RUNNING_OPTIMAL,0,NORMAL,7.5,NORMAL,GOOD
2026-01-12 16:30:00,HVAC_01,HVAC System,51.210240000000006,12.8026,408.9,82.17,72.13,1.647,975.8,3279.99,1136.8,1200.0,RUNNING_OPTIMAL,1,TEMPERATURE_ANOMALY,7.5,NORMAL,GOOD
2026-01-12 16:30:00,MOTOR_01,Spinning Motor,38.182,9.5455,410.2,61.07,66.2,1.973,1489.6,3034.93,45.7,48.0,RUNNING_OPTIMAL,0,NORMAL,7.5,NORMAL,GOOD
2026-01-12 16:30:00,PUMP_01,Water Pump,12.859,3.2148,409.5,20.6,56.63,1.35,1457.2,2877.7,26.12,28.0,RUNNING_OPTIMAL,0,NORMAL,7.5,NORMAL,GOOD
2026-01-12 16:45:00,COMPRESSOR_01,Air Compressor,29.408,7.352,404.7,47.67,78.14,2.222,2960.7,2959.02,184.83,210.0,RUNNING_OPTIMAL,0,NORMAL,7.5,NORMAL,GOOD
2026-01-12 16:45:00,HVAC_01,HVAC System,48.54272,12.1357,407.2,78.21,72.39,1.706,977.4,3280.24,1117.38,1200.0,RUNNING_OPTIMAL,1,TEMPERATURE_ANOMALY,7.5,NORMAL,GOOD
2026-01-12 16:45:00,MOTOR_01,Spinning Motor,40.183,10.0458,409.2,64.43,65.58,1.899,1486.1,3035.18,46.14,48.0,RUNNING_OPTIMAL,0,NORMAL,7.5,NORMAL,GOOD
2026-01-12 16:45:00,PUMP_01,Water Pump,13.579,3.3948,410.9,21.68,55.57,1.282,1454.1,2877.95,26.3,28.0,RUNNING_OPTIMAL,0,NORMAL,7.5,NORMAL,GOOD
2026-01-12 17:00:00,COMPRESSOR_01,Air Compressor,30.094,7.5235,402.4,49.07,78.13,2.212,2950.0,2959.27,190.47,210.0,RUNNING_OPTIMAL,0,NORMAL,7.5,NORMAL,GOOD
2026-01-12 17:00:00,HVAC_01,HVAC System,46.19520000000001,11.5488,406.1,74.63,71.03999999999999,1.686,979.9,3280.49,1060.7,1200.0,RUNNING_OPTIMAL,1,TEMPERATURE_ANOMALY,7.5,NORMAL,GOOD
2026-01-12 17:00:00,MOTOR_01,Spinning Motor,37.234,9.3085,406.4,60.11,63.54,1.931,1486.9,3035.43,44.48,48.0,RUNNING_OPTIMAL,0,NORMAL,7.5,NORMAL,GOOD
2026-01-12 17:00:00,PUMP_01,Water Pump,14.355,3.5888,404.5,23.28,54.94,1.435,1453.7,2878.2,26.62,28.0,RUNNING_OPTIMAL,0,NORMAL,7.5,NORMAL,GOOD
2026-01-12 17:15:00,COMPRESSOR_01,Air Compressor,27.95,6.9875,404.9,45.29,77.92,2.329,2952.6,2959.52,187.44,210.0,RUNNING_OPTIMAL,0,NORMAL,7.5,NORMAL,GOOD
2026-01-12 17:15:00,HVAC_01,HVAC System,47.51616,11.879,410.8,75.89,72.08,1.733,987.1,3280.74,1067.46,1200.0,RUNNING_OPTIMAL,1,TEMPERATURE_ANOMALY,7.5,NORMAL,GOOD
2026-01-12 17:15:00,MOTOR_01,Spinning Motor,36.869,9.2172,404.4,59.81,65.52,1.917,1485.6,3035.68,44.34,48.0,RUNNING_OPTIMAL,0,NORMAL,7.5,NORMAL,GOOD
2026-01-12 17:15:00,PUMP_01,Water Pump,14.576,3.644,402.1,23.78,55.18,1.492,1451.0,2878.45,27.63,28.0,RUNNING_OPTIMAL,0,NORMAL,7.5,NORMAL,GOOD
2026-01-12 17:30:00,COMPRESSOR_01,Air Compressor,31.304,7.826,407.7,50.38,77.95,2.323,2959.2,2959.77,183.32,210.0,RUNNING_OPTIMAL,0,NORMAL,7.5,NORMAL,GOOD
2026-01-12 17:30:00,HVAC_01,HVAC System,50.613760000000006,12.6534,402.0,82.6,71.6,1.773,978.2,3280.99,1118.56,1200.0,RUNNING_OPTIMAL,1,TEMPERATURE_ANOMALY,7.5,NORMAL,GOOD
2026-01-12 17:30:00,MOTOR_01,Spinning Motor,34.755,8.6888,408.7,55.79,64.47,1.965,1492.5,3035.93,42.7,48.0,RUNNING_OPTIMAL,0,NORMAL,7.5,NORMAL,GOOD
2026-01-12 17:30:00,PUMP_01,Water Pump,15.115,3.7788,405.1,24.48,55.22,1.372,1445.1,2878.7,26.55,28.0,RUNNING_OPTIMAL,0,NORMAL,7.5,NORMAL,GOOD
2026-01-12 17:45:00,COMPRESSOR_01,Air Compressor,29.861,7.4652,406.0,48.25,79.05,2.324,2950.5,2960.02,194.55,210.0,RUNNING_OPTIMAL,0,NORMAL,7.5,NORMAL,GOOD
2026-01-12 17:45:00,HVAC_01,HVAC System,52.2688,13.0672,412.6,83.11,73.6,1.621,976.9,3281.24,1183.12,1200.0,RUNNING_OPTIMAL,1,TEMPERATURE_ANOMALY,7.5,NORMAL,GOOD
2026-01-12 17:45:00,MOTOR_01,Spinning Motor,36.341,9.0852,410.8,58.04,66.07,1.949,1487.7,3036.18,44.45,48.0,RUNNING_OPTIMAL,0,NORMAL,7.5,NORMAL,GOOD
2026-01-12 17:45:00,PUMP_01,Water Pump,15.328,3.832,406.5,24.74,53.64,1.383,1462.0,2878.95,24.11,28.0,RUNNING_OPTIMAL,0,NORMAL,7.5,NORMAL,GOOD
2026-01-12 18:00:00,COMPRESSOR_01,Air Compressor,27.669,6.9172,410.7,44.2,76.56,2.333,2952.4,2960.27,179.02,210.0,RUNNING_OPTIMAL,0,NORMAL,10.0,PEAK,GOOD
2026-01-12 18:00:00,HVAC_01,HVAC System,48.31488,12.0787,406.5,77.98,70.72999999999999,1.796,979.7,3281.49,1070.93,1200.0,RUNNING_OPTIMAL,1,TEMPERATURE_ANOMALY,10.0,PEAK,GOOD
2026-01-12 18:00:00,MOTOR_01,Spinning Motor,32.736,8.184,409.1,52.5,62.78,1.98,1489.2,3036.43,39.31,48.0,RUNNING_OPTIMAL,0,NORMAL,10.0,PEAK,GOOD
2026-01-12 18:00:00,PUMP_01,Water Pump,16.087,4.0218,406.4,25.97,53.78,1.544,1456.7,2879.2,23.51,28.0,RUNNING_OPTIMAL,0,NORMAL,10.0,PEAK,GOOD
2026-01-12 18:15:00,COMPRESSOR_01,Air Compressor,29.181,7.2952,408.9,46.82,76.94,2.302,2954.6,2960.52,189.04,210.0,RUNNING_OPTIMAL,0,NORMAL,10.0,PEAK,GOOD
2026-01-12 18:15:00,HVAC_01,HVAC System,41.423,10.3558,409.2,66.41,47.32,1.781,978.5,3281.74,1148.07,1200.0,RUNNING_OPTIMAL,0,NORMAL,10.0,PEAK,GOOD
2026-01-12 18:15:00,MOTOR_01,Spinning Motor,34.48,8.62,406.6,55.64,64.11,1.891,1479.5,3036.68,44.7,48.0,RUNNING_OPTIMAL,0,NORMAL,10.0,PEAK,GOOD
2026-01-12 18:15:00,PUMP_01,Water Pump,15.418,3.8545,406.6,24.88,54.57,1.457,1451.8,2879.45,27.54,28.0,RUNNING_OPTIMAL,0,NORMAL,10.0,PEAK,GOOD
2026-01-12 18:30:00,COMPRESSOR_01,Air Compressor,28.779,7.1948,403.1,46.84,77.38,2.446,2957.3,2960.77,185.04,210.0,RUNNING_OPTIMAL,0,NORMAL,10.0,PEAK,GOOD
2026-01-12 18:30:00,HVAC_01,HVAC System,40.975,10.2438,406.9,66.07,48.39,1.73,983.8,3281.99,1159.24,1200.0,RUNNING_OPTIMAL,0,NORMAL,10.0,PEAK,GOOD
2026-01-12 18:30:00,MOTOR_01,Spinning Motor,33.382,8.3455,409.0,53.55,62.75,1.796,1486.1,3036.93,37.82,48.0,RUNNING_OPTIMAL,0,NORMAL,10.0,PEAK,GOOD
2026-01-12 18:30:00,PUMP_01,Water Pump,15.129,3.7822,407.3,24.37,53.7,1.413,1455.1,2879.7,25.0,28.0,RUNNING_OPTIMAL,0,NORMAL,10.0,PEAK,GOOD
2026-01-12 18:45:00,COMPRESSOR_01,Air Compressor,33.098,8.2745,411.9,52.72,78.05,2.324,2947.8,2961.02,202.77,210.0,RUNNING_OPTIMAL,0,NORMAL,10.0,PEAK,GOOD
2026-01-12 18:45:00,HVAC_01,HVAC System,37.586,9.3965,411.2,59.97,46.03,1.739,988.9,3282.24,1064.23,1200.0,RUNNING_OPTIMAL,0,NORMAL,10.0,PEAK,GOOD
2026-01-12 18:45:00,MOTOR_01,Spinning Motor,36.923,9.2308,401.9,60.27,65.66,1.951,1478.8,3037.18,45.13,48.0,RUNNING_OPTIMAL,0,NORMAL,10.0,PEAK,GOOD
2026-01-12 18:45:00,PUMP_01,Water Pump,14.67,3.6675,407.6,23.61,54.2,1.496,1452.0,2879.95,26.96,28.0,RUNNING_OPTIMAL,0,NORMAL,10.0,PEAK,GOOD
2026-01-12 19:00:00,COMPRESSOR_01,Air Compressor,32.838,8.2095,413.3,52.13,76.29,2.266,2949.5,2961.27,198.2,210.0,RUNNING_OPTIMAL,0,NORMAL,10.0,PEAK,GOOD
2026-01-12 19:00:00,HVAC_01,HVAC System,36.741,9.1852,405.5,59.45,45.06,1.656,979.4,3282.49,1057.23,1200.0,RUNNING_OPTIMAL,0,NORMAL,10.0,PEAK,GOOD
2026-01-12 19:00:00,MOTOR_01,Spinning Motor,36.818,9.2045,405.3,59.6,63.68,1.948,1487.6,3037.43,46.22,48.0,RUNNING_OPTIMAL,0,NORMAL,10.0,PEAK,GOOD
2026-01-12 19:00:00,PUMP_01,Water Pump,12.896,3.224,410.2,20.63,52.6,1.526,1459.9,2880.2,24.49,28.0,RUNNING_OPTIMAL,0,NORMAL,10.0,PEAK,GOOD
2026-01-12 19:15:00,COMPRESSOR_01,Air Compressor,31.632,7.908,406.4,51.07,76.28,2.309,2950.1,2961.52,195.15,210.0,RUNNING_OPTIMAL,0,NORMAL,10.0,PEAK,GOOD
2026-01-12 19:15:00,HVAC_01,HVAC System,37.786,9.4465,406.6,60.97,45.27,1.622,981.1,3282.74,1060.36,1200.0,RUNNING_OPTIMAL,0,NORMAL,10.0,PEAK,GOOD
2026-01-12 19:15:00,MOTOR_01,Spinning Motor,36.165,9.0412,402.8,58.91,62.99,2.011,1478.9,3037.68,45.71,48.0,RUNNING_OPTIMAL,0,NORMAL,10.0,PEAK,GOOD
2026-01-12 19:15:00,PUMP_01,Water Pump,13.798,3.4495,408.4,22.17,52.36,1.429,1452.9,2880.45,24.65,28.0,RUNNING_OPTIMAL,0,NORMAL,10.0,PEAK,GOOD
2026-01-12 19:30:00,COMPRESSOR_01,Air Compressor,30.275,7.5688,408.3,48.65,76.5,2.348,2951.2,2961.77,192.43,210.0,RUNNING_OPTIMAL,0,NORMAL,10.0,PEAK,GOOD
2026-01-12 19:30:00,HVAC_01,HVAC System,43.052,10.763,410.1,68.87,47.4,1.736,986.6,3282.99,1204.79,1200.0,RUNNING_OPTIMAL,0,NORMAL,10.0,PEAK,GOOD
2026-01-12 19:30:00,MOTOR_01,Spinning Motor,38.469,9.6172,408.6,61.77,63.04,1.884,1491.4,3037.93,44.99,48.0,RUNNING_OPTIMAL,0,NORMAL,10.0,PEAK,GOOD
2026-01-12 19:30:00,PUMP_01,Water Pump,12.344,3.086,407.9,19.85,53.57,1.327,1452.0,2880.7,24.61,28.0,RUNNING_OPTIMAL,0,NORMAL,10.0,PEAK,GOOD
2026-01-12 19:45:00,COMPRESSOR_01,Air Compressor,30.79,7.6975,407.7,49.55,74.32,2.403,2960.2,2962.02,196.21,210.0,RUNNING_OPTIMAL,0,NORMAL,10.0,PEAK,GOOD
2026-01-12 19:45:00,HVAC_01,HVAC System,39.406,9.8515,407.5,63.44,46.07,1.662,984.0,3283.24,1106.68,1200.0,RUNNING_OPTIMAL,0,NORMAL,10.0,PEAK,GOOD
2026-01-12 19:45:00,MOTOR_01,Spinning Motor,32.883,8.2208,411.9,52.38,62.7,1.818,1489.1,3038.18,40.53,48.0,RUNNING_OPTIMAL,0,NORMAL,10.0,PEAK,GOOD
2026-01-12 19:45:00,PUMP_01,Water Pump,14.272,3.568,411.2,22.77,52.94,1.591,1448.9,2880.95,24.69,28.0,RUNNING_OPTIMAL,0,NORMAL,10.0,PEAK,GOOD
2026-01-12 20:00:00,COMPRESSOR_01,Air Compressor,32.13,8.0325,406.7,51.83,74.94,2.329,2948.4,2962.27,196.1,210.0,RUNNING_OPTIMAL,0,NORMAL,10.0,PEAK,GOOD
2026-01-12 20:00:00,HVAC_01,HVAC System,39.9,9.975,413.1,63.37,45.52,1.807,973.1,3283.49,1132.67,1200.0,RUNNING_OPTIMAL,0,NORMAL,10.0,PEAK,GOOD
2026-01-12 20:00:00,MOTOR_01,Spinning Motor,35.11,8.7775,407.1,56.58,61.8,1.877,1487.8,3038.43,45.84,48.0,RUNNING_OPTIMAL,0,NORMAL,10.0,PEAK,GOOD
2026-01-12 20:00:00,PUMP_01,Water Pump,13.885,3.4712,405.6,22.46,52.9,1.392,1452.5,2881.2,26.01,28.0,RUNNING_OPTIMAL,0,NORMAL,10.0,PEAK,GOOD
2026-01-12 20:15:00,COMPRESSOR_01,Air Compressor,28.668,7.167,410.3,45.84,74.71,2.329,2951.8,2962.52,184.4,210.0,RUNNING_OPTIMAL,0,NORMAL,10.0,PEAK,GOOD
2026-01-12 20:15:00,HVAC_01,HVAC System,39.251,9.8128,409.6,62.87,43.89,1.686,978.9,3283.74,1116.19,1200.0,RUNNING_OPTIMAL,0,NORMAL,10.0,PEAK,GOOD
2026-01-12 20:15:00,MOTOR_01,Spinning Motor,35.388,8.847,405.5,57.26,60.74,1.923,1492.4,3038.68,41.43,48.0,RUNNING_OPTIMAL,0,NORMAL,10.0,PEAK,GOOD
2026-01-12 20:15:00,PUMP_01,Water Pump,14.688,3.672,404.9,23.8,51.44,1.425,1449.4,2881.45,25.4,28.0,RUNNING_OPTIMAL,0,NORMAL,10.0,PEAK,GOOD
2026-01-12 20:30:00,COMPRESSOR_01,Air Compressor,34.329,8.5822,407.4,55.28,76.04,2.26,2950.7,2962.77,214.5,210.0,RUNNING_OPTIMAL,0,NORMAL,10.0,PEAK,GOOD
2026-01-12 20:30:00,HVAC_01,HVAC System,40.993,10.2482,407.2,66.05,45.87,1.642,980.9,3283.99,1177.97,1200.0,RUNNING_OPTIMAL,0,NORMAL,10.0,PEAK,GOOD
2026-01-12 20:30:00,MOTOR_01,Spinning Motor,35.555,8.8888,408.2,57.15,60.76,1.839,1491.0,3038.93,43.69,48.0,RUNNING_OPTIMAL,0,NORMAL,10.0,PEAK,GOOD
2026-01-12 20:30:00,PUMP_01,Water Pump,14.804,3.701,409.3,23.73,50.8,1.392,1452.4,2881.7,26.55,28.0,RUNNING_OPTIMAL,0,NORMAL,10.0,PEAK,GOOD
2026-01-12 20:45:00,COMPRESSOR_01,Air Compressor,30.355,7.5888,407.4,48.88,75.7,2.334,2950.0,2963.02,185.67,210.0,RUNNING_OPTIMAL,0,NORMAL,10.0,PEAK,GOOD
2026-01-12 20:45:00,HVAC_01,HVAC System,40.34,10.085,406.3,65.14,43.76,1.715,987.3,3284.24,1147.45,1200.0,RUNNING_OPTIMAL,0,NORMAL,10.0,PEAK,GOOD
2026-01-12 20:45:00,MOTOR_01,Spinning Motor,35.212,8.803,411.0,56.21,61.57,1.94,1487.0,3039.18,44.29,48.0,RUNNING_OPTIMAL,0,NORMAL,10.0,PEAK,GOOD
2026-01-12 20:45:00,PUMP_01,Water Pump,13.075,3.2688,406.3,21.11,52.77,1.576,1453.2,2881.95,27.36,28.0,RUNNING_OPTIMAL,0,NORMAL,10.0,PEAK,GOOD
2026-01-12 21:00:00,COMPRESSOR_01,Air Compressor,17.206,4.3015,410.6,27.49,66.91,1.513,2952.3,2963.27,0.0,42.0,IDLE_UNLOADED,0,NORMAL,10.0,PEAK,GOOD
2026-01-12 21:00:00,HVAC_01,HVAC System,14.867,3.7168,405.5,24.05,36.94,1.143,981.4,3284.49,0.0,240.0,IDLE_UNLOADED,0,NORMAL,10.0,PEAK,GOOD
2026-01-12 21:00:00,MOTOR_01,Spinning Motor,12.019,3.0048,406.3,19.41,55.41,1.303,1490.4,3039.43,0.0,9.6,IDLE_UNLOADED,0,NORMAL,10.0,PEAK,GOOD
2026-01-12 21:00:00,PUMP_01,Water Pump,4.428,1.107,411.8,7.05,43.07,1.001,1452.9,2882.2,0.0,5.6,IDLE_UNLOADED,0,NORMAL,10.0,PEAK,GOOD
2026-01-12 21:15:00,COMPRESSOR_01,Air Compressor,15.739,3.9348,407.9,25.32,66.84,1.525,2951.6,2963.52,0.0,42.0,IDLE_UNLOADED,0,NORMAL,10.0,PEAK,GOOD
2026-01-12 21:15:00,HVAC_01,HVAC System,14.683,3.6708,405.8,23.74,37.26,1.029,992.6,3284.74,0.0,240.0,IDLE_UNLOADED,0,NORMAL,10.0,PEAK,GOOD
2026-01-12 21:15:00,MOTOR_01,Spinning Motor,12.474,3.1185,408.2,20.05,55.29,1.24,1493.7,3039.68,0.0,9.6,IDLE_UNLOADED,0,NORMAL,10.0,PEAK,GOOD
2026-01-12 21:15:00,PUMP_01,Water Pump,3.802,0.9505,411.3,6.06,44.18,1.061,1458.1,2882.45,0.0,5.6,IDLE_UNLOADED,0,NORMAL,10.0,PEAK,GOOD
2026-01-12 21:30:00,COMPRESSOR_01,Air Compressor,31.624,7.906,413.4,50.19,72.4,2.298,2951.2,2963.77,192.71,210.0,RUNNING_OPTIMAL,0,NORMAL,10.0,PEAK,GOOD
2026-01-12 21:30:00,HVAC_01,HVAC System,39.931,9.9828,411.7,63.63,45.0,1.915,978.0,3284.99,1131.79,1200.0,RUNNING_OPTIMAL,0,NORMAL,10.0,PEAK,GOOD
2026-01-12 21:30:00,MOTOR_01,Spinning Motor,36.029,9.0073,405.4,58.31,59.69,1.895,1489.6,3039.93,40.91,48.0,RUNNING_OPTIMAL,0,NORMAL,10.0,PEAK,GOOD
2026-01-12 21:30:00,PUMP_01,Water Pump,15.002,3.7505,410.5,23.98,51.71,1.541,1450.7,2882.7,25.88,28.0,RUNNING_OPTIMAL,0,NORMAL,10.0,PEAK,GOOD
2026-01-12 21:45:00,COMPRESSOR_01,Air Compressor,33.424,8.356,409.7,53.52,72.23,2.477,2951.6,2964.02,201.68,210.0,RUNNING_OPTIMAL,0,NORMAL,10.0,PEAK,GOOD
2026-01-12 21:45:00,HVAC_01,HVAC System,40.533,10.1332,410.0,64.86,43.72,1.747,987.7,3285.24,1166.06,1200.0,RUNNING_OPTIMAL,0,NORMAL,10.0,PEAK,GOOD
2026-01-12 21:45:00,MOTOR_01,Spinning Motor,37.751,9.4378,412.5,60.04,60.57,1.84,1485.6,3040.18,45.13,48.0,RUNNING_OPTIMAL,0,NORMAL,10.0,PEAK,GOOD
2026-01-12 21:45:00,PUMP_01,Water Pump,13.937,3.4842,409.9,22.31,50.05,1.462,1455.9,2882.95,26.49,28.0,RUNNING_OPTIMAL,0,NORMAL,10.0,PEAK,GOOD
2026-01-12 22:00:00,COMPRESSOR_01,Air Compressor,34.334,8.5835,413.2,54.52,72.66,2.342,2951.8,2964.27,210.74,210.0,RUNNING_OPTIMAL,0,NORMAL,5.5,OFF_PEAK,GOOD
2026-01-12 22:00:00,HVAC_01,HVAC System,37.035,9.2587,414.7,58.59,41.34,1.741,980.0,3285.49,1097.46,1200.0,RUNNING_OPTIMAL,0,NORMAL,5.5,OFF_PEAK,GOOD
2026-01-12 22:00:00,MOTOR_01,Spinning Motor,35.983,8.9957,409.7,57.62,60.53,1.86,1482.6,3040.43,45.01,48.0,RUNNING_OPTIMAL,0,NORMAL,5.5,OFF_PEAK,GOOD
2026-01-12 22:00:00,PUMP_01,Water Pump,12.851,3.2128,413.9,20.37,49.43,1.52,1452.2,2883.2,23.87,28.0,RUNNING_OPTIMAL,0,NORMAL,5.5,OFF_PEAK,GOOD
2026-01-12 22:15:00,COMPRESSOR_01,Air Compressor,33.339,8.3348,407.7,53.65,72.77,2.352,2939.0,2964.52,206.6,210.0,RUNNING_OPTIMAL,0,NORMAL,5.5,OFF_PEAK,GOOD
2026-01-12 22:15:00,HVAC_01,HVAC System,39.145,9.7863,417.6,61.5,43.2,1.558,979.3,3285.74,1145.09,1200.0,RUNNING_OPTIMAL,0,NORMAL,5.5,OFF_PEAK,GOOD
2026-01-12 22:15:00,MOTOR_01,Spinning Motor,38.212,9.553,411.6,60.91,58.87,2.032,1492.3,3040.68,45.21,48.0,RUNNING_OPTIMAL,0,NORMAL,5.5,OFF_PEAK,GOOD
2026-01-12 22:15:00,PUMP_01,Water Pump,13.645,3.4112,413.5,21.65,48.31,1.45,1450.6,2883.45,27.1,28.0,RUNNING_OPTIMAL,0,NORMAL,5.5,OFF_PEAK,GOOD
2026-01-12 22:30:00,COMPRESSOR_01,Air Compressor,32.163,8.0407,410.5,51.4,72.08,2.469,2952.1,2964.77,204.97,210.0,RUNNING_OPTIMAL,0,NORMAL,5.5,OFF_PEAK,GOOD
2026-01-12 22:30:00,HVAC_01,HVAC System,42.166,10.5415,411.7,67.2,41.49,1.636,981.6,3285.99,1195.66,1200.0,RUNNING_OPTIMAL,0,NORMAL,5.5,OFF_PEAK,GOOD
2026-01-12 22:30:00,MOTOR_01,Spinning Motor,36.615,9.1538,409.1,58.72,59.74,1.902,1498.9,3040.93,45.19,48.0,RUNNING_OPTIMAL,0,NORMAL,5.5,OFF_PEAK,GOOD
2026-01-12 22:30:00,PUMP_01,Water Pump,15.794,3.9485,410.5,25.24,48.95,1.503,1448.4,2883.7,28.4,28.0,RUNNING_OPTIMAL,0,NORMAL,5.5,OFF_PEAK,GOOD
2026-01-12 22:45:00,COMPRESSOR_01,Air Compressor,33.206,8.3015,409.0,53.27,73.42,2.475,2950.0,2965.02,205.05,210.0,RUNNING_OPTIMAL,0,NORMAL,5.5,OFF_PEAK,GOOD
2026-01-12 22:45:00,HVAC_01,HVAC System,40.365,10.0912,414.0,63.97,41.65,1.691,980.6,3286.24,1145.36,1200.0,RUNNING_OPTIMAL,0,NORMAL,5.5,OFF_PEAK,GOOD
2026-01-12 22:45:00,MOTOR_01,Spinning Motor,37.766,9.4415,407.5,60.8,59.14,1.91,1480.2,3041.18,47.54,48.0,RUNNING_OPTIMAL,0,NORMAL,5.5,OFF_PEAK,GOOD
2026-01-12 22:45:00,PUMP_01,Water Pump,14.366,3.5915,415.1,22.71,50.49,1.53,1454.9,2883.95,24.71,28.0,RUNNING_OPTIMAL,0,NORMAL,5.5,OFF_PEAK,GOOD
2026-01-12 23:00:00,COMPRESSOR_01,Air Compressor,30.89,7.7225,413.8,48.98,71.02,2.296,2954.5,2965.27,195.65,210.0,RUNNING_OPTIMAL,0,NORMAL,5.5,OFF_PEAK,GOOD
2026-01-12 23:00:00,HVAC_01,HVAC System,41.463,10.3658,414.4,65.64,41.24,1.633,980.4,3286.49,1163.89,1200.0,RUNNING_OPTIMAL,0,NORMAL,5.5,OFF_PEAK,GOOD
2026-01-12 23:00:00,MOTOR_01,Spinning Motor,39.826,9.9565,412.3,63.37,58.85,1.908,1486.8,3041.43,47.97,48.0,RUNNING_OPTIMAL,0,NORMAL,5.5,OFF_PEAK,GOOD
2026-01-12 23:00:00,PUMP_01,Water Pump,15.54,3.885,413.8,24.64,49.04,1.399,1450.0,2884.2,25.75,28.0,RUNNING_OPTIMAL,0,NORMAL,5.5,OFF_PEAK,GOOD
2026-01-12 23:15:00,COMPRESSOR_01,Air Compressor,33.87,8.4675,411.3,54.03,71.68,2.533,2955.6,2965.52,212.15,210.0,RUNNING_OPTIMAL,0,NORMAL,5.5,OFF_PEAK,GOOD
2026-01-12 23:15:00,HVAC_01,HVAC System,41.942,10.4855,408.3,67.39,42.23,1.626,973.7,3286.74,1177.95,1200.0,RUNNING_OPTIMAL,0,NORMAL,5.5,OFF_PEAK,GOOD
2026-01-12 23:15:00,MOTOR_01,Spinning Motor,36.634,9.1585,414.7,57.96,57.15,2.053,1489.1,3041.68,44.77,48.0,RUNNING_OPTIMAL,0,NORMAL,5.5,OFF_PEAK,GOOD
2026-01-12 23:15:00,PUMP_01,Water Pump,16.041,4.0102,412.1,25.54,48.47,1.479,1447.2,2884.45,28.93,28.0,RUNNING_OPTIMAL,0,NORMAL,5.5,OFF_PEAK,GOOD
2026-01-12 23:30:00,COMPRESSOR_01,Air Compressor,33.547,8.3867,410.4,53.63,71.52,2.448,2948.6,2965.77,212.29,210.0,RUNNING_OPTIMAL,0,NORMAL,5.5,OFF_PEAK,GOOD
2026-01-12 23:30:00,HVAC_01,HVAC System,43.103,10.7758,414.0,68.31,41.3,1.736,984.4,3286.99,1202.75,1200.0,RUNNING_OPTIMAL,0,NORMAL,5.5,OFF_PEAK,GOOD
2026-01-12 23:30:00,MOTOR_01,Spinning Motor,37.377,9.3442,413.9,59.25,57.73,1.837,1485.9,3041.93,44.58,48.0,RUNNING_OPTIMAL,0,NORMAL,5.5,OFF_PEAK,GOOD
2026-01-12 23:30:00,PUMP_01,Water Pump,14.345,3.5862,413.0,22.79,49.52,1.435,1451.0,2884.7,27.17,28.0,RUNNING_OPTIMAL,0,NORMAL,5.5,OFF_PEAK,GOOD
2026-01-12 23:45:00,COMPRESSOR_01,Air Compressor,31.88,7.97,416.1,50.27,71.09,2.315,2949.5,2966.02,193.85,210.0,RUNNING_OPTIMAL,0,NORMAL,5.5,OFF_PEAK,GOOD
2026-01-12 23:45:00,HVAC_01,HVAC System,41.422,10.3555,415.3,65.44,41.31,1.648,984.0,3287.24,1153.44,1200.0,RUNNING_OPTIMAL,0,NORMAL,5.5,OFF_PEAK,GOOD
2026-01-12 23:45:00,MOTOR_01,Spinning Motor,38.296,9.574,408.2,61.55,56.93,1.977,1482.5,3042.18,47.55,48.0,RUNNING_OPTIMAL,0,NORMAL,5.5,OFF_PEAK,GOOD
2026-01-12 23:45:00,PUMP_01,Water Pump,16.084,4.021,415.5,25.4,48.04,1.335,1447.5,2884.95,27.77,28.0,RUNNING_OPTIMAL,0,NORMAL,5.5,OFF_PEAK,GOOD
2026-01-13 00:00:00,COMPRESSOR_01,Air Compressor,34.769,8.6922,414.4,55.05,70.65,2.354,2950.9,2966.27,217.66,210.0,RUNNING_OPTIMAL,0,NORMAL,5.5,OFF_PEAK,GOOD
2026-01-13 00:00:00,HVAC_01,HVAC System,42.052,10.513,412.5,66.88,40.96,1.626,972.4,3287.49,1199.37,1200.0,RUNNING_OPTIMAL,0,NORMAL,5.5,OFF_PEAK,GOOD
2026-01-13 00:00:00,MOTOR_01,Spinning Motor,39.349,9.8372,411.5,62.74,57.43,1.91,1485.6,3042.43,46.26,48.0,RUNNING_OPTIMAL,0,NORMAL,5.5,OFF_PEAK,GOOD
2026-01-13 00:00:00,PUMP_01,Water Pump,17.065,4.2662,417.0,26.85,48.36,1.526,1445.2,2885.2,27.89,28.0,RUNNING_OPTIMAL,0,NORMAL,5.5,OFF_PEAK,GOOD
2026-01-13 00:15:00,COMPRESSOR_01,Air Compressor,30.406,7.6015,415.0,48.07,70.77,2.424,2953.6,2966.52,200.88,210.0,RUNNING_OPTIMAL,0,NORMAL,5.5,OFF_PEAK,GOOD
2026-01-13 00:15:00,HVAC_01,HVAC System,43.382,10.8455,415.0,68.58,40.75,1.725,980.2,3287.74,1210.91,1200.0,RUNNING_OPTIMAL,0,NORMAL,5.5,OFF_PEAK,GOOD
2026-01-13 00:15:00,MOTOR_01,Spinning Motor,39.59,9.8975,413.4,62.83,58.74,1.981,1471.2,3042.68,50.34,48.0,RUNNING_OPTIMAL,0,NORMAL,5.5,OFF_PEAK,GOOD
2026-01-13 00:15:00,PUMP_01,Water Pump,17.492,4.373,416.7,27.54,50.05,1.484,1454.8,2885.45,28.17,28.0,RUNNING_OPTIMAL,0,NORMAL,5.5,OFF_PEAK,GOOD
2026-01-13 00:30:00,COMPRESSOR_01,Air Compressor,34.229,8.5572,415.5,54.05,70.63,2.366,2949.9,2966.77,216.03,210.0,RUNNING_OPTIMAL,0,NORMAL,5.5,OFF_PEAK,GOOD
2026-01-13 00:30:00,HVAC_01,HVAC System,44.317,11.0792,412.4,70.5,41.89,1.809,973.9,3287.99,1245.81,1200.0,RUNNING_OPTIMAL,0,NORMAL,5.5,OFF_PEAK,GOOD
2026-01-13 00:30:00,MOTOR_01,Spinning Motor,40.235,10.0588,416.3,63.41,58.38,1.892,1478.1,3042.93,45.99,48.0,RUNNING_OPTIMAL,0,NORMAL,5.5,OFF_PEAK,GOOD
2026-01-13 00:30:00,PUMP_01,Water Pump,15.763,3.9408,415.3,24.9,48.93,1.563,1450.3,2885.7,27.76,28.0,RUNNING_OPTIMAL,0,NORMAL,5.5,OFF_PEAK,GOOD
2026-01-13 00:45:00,COMPRESSOR_01,Air Compressor,34.352,8.588,415.0,54.31,71.78,2.44,2945.7,2967.02,221.52,210.0,RUNNING_OPTIMAL,0,NORMAL,5.5,OFF_PEAK,GOOD
2026-01-13 00:45:00,HVAC_01,HVAC System,42.9,10.725,420.2,66.98,41.38,1.489,975.9,3288.24,1196.02,1200.0,RUNNING_OPTIMAL,0,NORMAL,5.5,OFF_PEAK,GOOD
2026-01-13 00:45:00,MOTOR_01,Spinning Motor,37.662,9.4155,412.2,59.94,57.2,1.786,1486.9,3043.18,43.17,48.0,RUNNING_OPTIMAL,0,NORMAL,5.5,OFF_PEAK,GOOD
2026-01-13 00:45:00,PUMP_01,Water Pump,16.879,4.2198,415.8,26.63,48.56,1.508,1457.1,2885.95,30.94,28.0,RUNNING_OPTIMAL,0,NORMAL,5.5,OFF_PEAK,GOOD
2026-01-13 01:00:00,COMPRESSOR_01,Air Compressor,32.975,8.2438,419.4,51.58,72.34,2.446,2947.7,2967.27,207.22,210.0,RUNNING_OPTIMAL,0,NORMAL,5.5,OFF_PEAK,GOOD
2026-01-13 01:00:00,HVAC_01,HVAC System,40.498,10.1245,416.5,63.79,39.71,1.574,972.5,3288.49,1153.59,1200.0,RUNNING_OPTIMAL,0,NORMAL,5.5,OFF_PEAK,GOOD
2026-01-13 01:00:00,MOTOR_01,Spinning Motor,40.806,10.2015,418.1,64.03,57.45,1.917,1482.7,3043.43,49.8,48.0,RUNNING_OPTIMAL,0,NORMAL,5.5,OFF_PEAK,GOOD
2026-01-13 01:00:00,PUMP_01,Water Pump,14.776,3.694,416.2,23.29,46.88,1.301,1448.0,2886.2,28.18,28.0,RUNNING_OPTIMAL,0,NORMAL,5.5,OFF_PEAK,GOOD
2026-01-13 01:15:00,COMPRESSOR_01,Air Compressor,33.036,8.259,418.5,51.79,71.16,2.285,2947.8,2967.52,223.15,210.0,RUNNING_OPTIMAL,0,NORMAL,5.5,OFF_PEAK,GOOD
2026-01-13 01:15:00,HVAC_01,HVAC System,42.267,10.5668,419.6,66.09,41.21,1.801,983.3,3288.74,1225.03,1200.0,RUNNING_OPTIMAL,0,NORMAL,5.5,OFF_PEAK,GOOD
2026-01-13 01:15:00,MOTOR_01,Spinning Motor,40.9,10.225,415.4,64.6,58.16,2.068,1489.1,3043.68,48.85,48.0,RUNNING_OPTIMAL,0,NORMAL,5.5,OFF_PEAK,GOOD
2026-01-13 01:15:00,PUMP_01,Water Pump,16.786,4.1965,416.7,26.43,46.99,1.505,1447.8,2886.45,27.67,28.0,RUNNING_OPTIMAL,0,NORMAL,5.5,OFF_PEAK,GOOD
2026-01-13 01:30:00,COMPRESSOR_01,Air Compressor,36.925,9.2312,416.9,58.11,69.87,2.443,2941.7,2967.77,222.52,210.0,RUNNING_OPTIMAL,0,NORMAL,5.5,OFF_PEAK,GOOD
2026-01-13 01:30:00,HVAC_01,HVAC System,43.615,10.9038,419.6,68.2,39.58,1.711,980.2,3288.99,1218.15,1200.0,RUNNING_OPTIMAL,0,NORMAL,5.5,OFF_PEAK,GOOD
2026-01-13 01:30:00,MOTOR_01,Spinning Motor,41.056,10.264,416.2,64.72,57.13,2.003,1486.9,3043.93,48.05,48.0,RUNNING_OPTIMAL,0,NORMAL,5.5,OFF_PEAK,GOOD
2026-01-13 01:30:00,PUMP_01,Water Pump,14.757,3.6892,419.6,23.07,47.41,1.487,1449.5,2886.7,28.76,28.0,RUNNING_OPTIMAL,0,NORMAL,5.5,OFF_PEAK,GOOD
2026-01-13 01:45:00,COMPRESSOR_01,Air Compressor,34.937,8.7342,413.7,55.41,70.88,2.384,2942.6,2968.02,217.83,210.0,RUNNING_OPTIMAL,0,NORMAL,5.5,OFF_PEAK,GOOD
2026-01-13 01:45:00,HVAC_01,HVAC System,40.515,10.1288,417.9,63.61,39.64,1.647,976.7,3289.24,1161.17,1200.0,RUNNING_OPTIMAL,0,NORMAL,5.5,OFF_PEAK,GOOD
2026-01-13 01:45:00,MOTOR_01,Spinning Motor,38.305,9.5762,419.5,59.91,56.28,1.975,1483.5,3044.18,48.32,48.0,RUNNING_OPTIMAL,0,NORMAL,5.5,OFF_PEAK,GOOD
2026-01-13 01:45:00,PUMP_01,Water Pump,16.852,4.213,416.0,26.58,48.29,1.447,1446.1,2886.95,30.55,28.0,RUNNING_OPTIMAL,0,NORMAL,5.5,OFF_PEAK,GOOD
2026-01-13 02:00:00,COMPRESSOR_01,Air Compressor,34.462,8.6155,419.7,53.87,70.79,2.35,2948.8,2968.27,224.62,210.0,RUNNING_OPTIMAL,0,NORMAL,5.5,OFF_PEAK,GOOD
2026-01-13 02:00:00,HVAC_01,HVAC System,44.925,11.2312,420.4,70.11,41.0,1.818,988.0,3289.49,1263.3,1200.0,RUNNING_OPTIMAL,0,NORMAL,5.5,OFF_PEAK,GOOD
2026-01-13 02:00:00,MOTOR_01,Spinning Motor,40.561,10.1402,420.3,63.31,57.6,1.982,1482.9,3044.43,47.96,48.0,RUNNING_OPTIMAL,0,NORMAL,5.5,OFF_PEAK,GOOD
2026-01-13 02:00:00,PUMP_01,Water Pump,16.061,4.0152,418.7,25.17,46.48,1.449,1448.4,2887.2,25.81,28.0,RUNNING_OPTIMAL,0,NORMAL,5.5,OFF_PEAK,GOOD
2026-01-13 02:15:00,COMPRESSOR_01,Air Compressor,33.68,8.42,419.4,52.69,69.78,2.274,2948.8,2968.52,214.6,210.0,RUNNING_OPTIMAL,0,NORMAL,5.5,OFF_PEAK,GOOD
2026-01-13 02:15:00,HVAC_01,HVAC System,43.188,10.797,421.1,67.29,41.11,1.656,980.1,3289.74,1221.52,1200.0,RUNNING_OPTIMAL,0,NORMAL,5.5,OFF_PEAK,GOOD
2026-01-13 02:15:00,MOTOR_01,Spinning Motor,41.904,10.476,418.7,65.66,58.97,1.868,1477.7,3044.68,51.73,48.0,RUNNING_OPTIMAL,0,NORMAL,5.5,OFF_PEAK,GOOD
2026-01-13 02:15:00,PUMP_01,Water Pump,16.492,4.123,419.0,25.82,47.3,1.556,1449.5,2887.45,29.52,28.0,RUNNING_OPTIMAL,0,NORMAL,5.5,OFF_PEAK,GOOD
2026-01-13 02:30:00,COMPRESSOR_01,Air Compressor,35.379,8.8448,419.0,55.4,71.03,2.229,2947.7,2968.77,219.79,210.0,RUNNING_OPTIMAL,0,NORMAL,5.5,OFF_PEAK,GOOD
2026-01-13 02:30:00,HVAC_01,HVAC System,44.704,11.176,419.1,69.98,41.42,1.894,979.4,3289.99,1264.79,1200.0,RUNNING_OPTIMAL,0,NORMAL,5.5,OFF_PEAK,GOOD
2026-01-13 02:30:00,MOTOR_01,Spinning Motor,42.762,10.6905,418.4,67.05,58.52,1.98,1476.8,3044.93,55.32,48.0,RUNNING_OPTIMAL,0,NORMAL,5.5,OFF_PEAK,GOOD
2026-01-13 02:30:00,PUMP_01,Water Pump,15.009,3.7522,417.8,23.57,46.64,1.494,1444.3,2887.7,29.52,28.0,RUNNING_OPTIMAL,0,NORMAL,5.5,OFF_PEAK,GOOD
2026-01-13 02:45:00,COMPRESSOR_01,Air Compressor,35.767,8.9418,414.9,56.56,70.86,2.595,2944.0,2969.02,226.65,210.0,RUNNING_OPTIMAL,0,NORMAL,5.5,OFF_PEAK,GOOD
2026-01-13 02:45:00,HVAC_01,HVAC System,42.014,10.5035,414.6,66.48,40.69,1.666,981.1,3290.24,1247.35,1200.0,RUNNING_OPTIMAL,0,NORMAL,5.5,OFF_PEAK,GOOD
2026-01-13 02:45:00,MOTOR_01,Spinning Motor,40.299,10.0748,417.4,63.34,56.97,1.981,1482.8,3045.18,48.73,48.0,RUNNING_OPTIMAL,0,NORMAL,5.5,OFF_PEAK,GOOD
2026-01-13 02:45:00,PUMP_01,Water Pump,17.979,4.4948,415.5,28.39,47.34,1.506,1446.5,2887.95,28.61,28.0,RUNNING_OPTIMAL,0,NORMAL,5.5,OFF_PEAK,GOOD
2026-01-13 03:00:00,COMPRESSOR_01,Air Compressor,37.709,9.4273,418.2,59.16,72.52,2.381,2944.4,2969.27,238.44,210.0,RUNNING_OPTIMAL,0,NORMAL,5.5,OFF_PEAK,GOOD
2026-01-13 03:00:00,HVAC_01,HVAC System,45.546,11.3865,422.7,70.69,41.42,1.749,976.1,3290.49,1282.0,1200.0,RUNNING_OPTIMAL,0,NORMAL,5.5,OFF_PEAK,GOOD
2026-01-13 03:00:00,MOTOR_01,Spinning Motor,44.879,11.2198,420.4,70.04,58.96,1.915,1485.9,3045.43,53.82,48.0,RUNNING_OPTIMAL,0,NORMAL,5.5,OFF_PEAK,GOOD
2026-01-13 03:00:00,PUMP_01,Water Pump,18.159,4.5398,419.8,28.38,49.45,1.537,1452.6,2888.2,29.32,28.0,RUNNING_OPTIMAL,0,NORMAL,5.5,OFF_PEAK,GOOD
2026-01-13 03:15:00,COMPRESSOR_01,Air Compressor,36.791,9.1977,419.8,57.5,71.92,2.458,2944.9,2969.52,229.97,210.0,RUNNING_OPTIMAL,0,NORMAL,5.5,OFF_PEAK,GOOD
2026-01-13 03:15:00,HVAC_01,HVAC System,46.078,11.5195,422.5,71.55,40.62,14.5,976.7,3290.74,1263.45,1200.0,RUNNING_OPTIMAL,1,SENSOR_GLITCH,5.5,OFF_PEAK,GOOD
2026-01-13 03:15:00,MOTOR_01,Spinning Motor,42.414,10.6035,423.1,65.77,58.17,1.808,1487.6,3045.68,55.62,48.0,RUNNING_OPTIMAL,0,NORMAL,5.5,OFF_PEAK,GOOD
2026-01-13 03:15:00,PUMP_01,Water Pump,14.882,3.7205,418.2,23.35,47.73,1.641,1444.8,2888.45,28.07,28.0,RUNNING_OPTIMAL,0,NORMAL,5.5,OFF_PEAK,GOOD
2026-01-13 03:30:00,COMPRESSOR_01,Air Compressor,34.985,8.7462,422.2,54.37,71.85,2.354,2951.1,2969.77,217.9,210.0,RUNNING_OPTIMAL,0,NORMAL,5.5,OFF_PEAK,GOOD
2026-01-13 03:30:00,HVAC_01,HVAC System,39.971,9.9927,416.6,62.95,40.21,1.535,974.7,3290.99,1152.51,1200.0,RUNNING_OPTIMAL,0,NORMAL,5.5,OFF_PEAK,GOOD
2026-01-13 03:30:00,MOTOR_01,Spinning Motor,40.311,10.0778,421.3,62.78,55.69,1.918,1480.6,3045.93,48.56,48.0,RUNNING_OPTIMAL,0,NORMAL,5.5,OFF_PEAK,GOOD
2026-01-13 03:30:00,PUMP_01,Water Pump,16.71,4.1775,417.7,26.25,46.26,1.455,1454.1,2888.7,29.88,28.0,RUNNING_OPTIMAL,0,NORMAL,5.5,OFF_PEAK,GOOD
2026-01-13 03:45:00,COMPRESSOR_01,Air Compressor,36.045,9.0112,420.3,56.27,71.56,2.477,2950.2,2970.02,217.85,210.0,RUNNING_OPTIMAL,0,NORMAL,5.5,OFF_PEAK,GOOD
2026-01-13 03:45:00,HVAC_01,HVAC System,45.643,11.4108,419.3,71.42,40.25,1.613,982.0,3291.24,1286.74,1200.0,RUNNING_OPTIMAL,0,NORMAL,5.5,OFF_PEAK,GOOD
2026-01-13 03:45:00,MOTOR_01,Spinning Motor,41.837,10.4593,419.9,65.37,58.09,1.941,1483.3,3046.18,49.57,48.0,RUNNING_OPTIMAL,0,NORMAL,5.5,OFF_PEAK,GOOD
2026-01-13 03:45:00,PUMP_01,Water Pump,16.848,4.212,420.0,26.32,48.34,1.511,1453.4,2888.95,28.92,28.0,RUNNING_OPTIMAL,0,NORMAL,5.5,OFF_PEAK,GOOD
2026-01-13 04:00:00,COMPRESSOR_01,Air Compressor,34.523,8.6308,422.0,53.67,71.24,2.472,2946.4,2970.27,214.16,210.0,RUNNING_OPTIMAL,0,NORMAL,5.5,OFF_PEAK,GOOD
2026-01-13 04:00:00,HVAC_01,HVAC System,45.542,11.3855,420.0,71.14,42.71,1.636,976.6,3291.49,1319.77,1200.0,RUNNING_OPTIMAL,0,NORMAL,5.5,OFF_PEAK,GOOD
2026-01-13 04:00:00,MOTOR_01,Spinning Motor,42.636,10.659,423.6,66.04,58.24,2.058,1483.2,3046.43,49.76,48.0,RUNNING_OPTIMAL,0,NORMAL,5.5,OFF_PEAK,GOOD
2026-01-13 04:00:00,PUMP_01,Water Pump,15.997,3.9992,422.4,24.85,49.15,1.48,1446.4,2889.2,29.7,28.0,RUNNING_OPTIMAL,0,NORMAL,5.5,OFF_PEAK,GOOD
2026-01-13 04:15:00,COMPRESSOR_01,Air Compressor,33.762,8.4405,422.0,52.49,70.79,2.442,2937.5,2970.52,213.9,210.0,RUNNING_OPTIMAL,0,NORMAL,5.5,OFF_PEAK,GOOD
2026-01-13 04:15:00,HVAC_01,HVAC System,48.397,12.0992,418.7,75.84,42.66,1.796,978.4,3291.74,1342.17,1200.0,RUNNING_OPTIMAL,0,NORMAL,5.5,OFF_PEAK,GOOD
2026-01-13 04:15:00,MOTOR_01,Spinning Motor,44.538,11.1345,424.8,68.79,58.64,1.906,1482.2,3046.68,55.9,48.0,RUNNING_OPTIMAL,0,NORMAL,5.5,OFF_PEAK,GOOD
2026-01-13 04:15:00,PUMP_01,Water Pump,16.502,4.1255,417.8,25.91,47.87,1.617,1450.4,2889.45,30.68,28.0,RUNNING_OPTIMAL,0,NORMAL,5.5,OFF_PEAK,GOOD
2026-01-13 04:30:00,COMPRESSOR_01,Air Compressor,34.845,8.7112,419.9,54.44,72.77,2.388,2957.8,2970.77,219.03,210.0,RUNNING_OPTIMAL,0,NORMAL,5.5,OFF_PEAK,GOOD
2026-01-13 04:30:00,HVAC_01,HVAC System,44.116,11.029,421.8,68.62,40.63,1.678,974.4,3291.99,1256.64,1200.0,RUNNING_OPTIMAL,0,NORMAL,5.5,OFF_PEAK,GOOD
2026-01-13 04:30:00,MOTOR_01,Spinning Motor,42.513,10.6282,420.6,66.31,59.44,1.838,1476.3,3046.93,52.29,48.0,RUNNING_OPTIMAL,0,NORMAL,5.5,OFF_PEAK,GOOD
2026-01-13 04:30:00,PUMP_01,Water Pump,18.287,4.5718,420.2,28.55,48.93,1.434,1446.6,2889.7,28.43,28.0,RUNNING_OPTIMAL,0,NORMAL,5.5,OFF_PEAK,GOOD
2026-01-13 04:45:00,COMPRESSOR_01,Air Compressor,36.066,9.0165,423.8,55.83,73.09,2.429,2947.1,2971.02,229.25,210.0,RUNNING_OPTIMAL,0,NORMAL,5.5,OFF_PEAK,GOOD
2026-01-13 04:45:00,HVAC_01,HVAC System,45.953,11.4883,421.2,71.58,41.45,1.725,969.4,3292.24,1318.46,1200.0,RUNNING_OPTIMAL,0,NORMAL,5.5,OFF_PEAK,GOOD
2026-01-13 04:45:00,MOTOR_01,Spinning Motor,43.654,10.9135,422.1,67.85,57.95,1.988,1478.7,3047.18,54.69,48.0,RUNNING_OPTIMAL,0,NORMAL,5.5,OFF_PEAK,GOOD
2026-01-13 04:45:00,PUMP_01,Water Pump,16.839,4.2098,421.6,26.2,49.03,1.529,1450.3,2889.95,30.74,28.0,RUNNING_OPTIMAL,0,NORMAL,5.5,OFF_PEAK,GOOD
2026-01-13 05:00:00,COMPRESSOR_01,Air Compressor,34.738,8.6845,419.7,54.3,73.06,2.349,2949.5,2971.27,219.76,210.0,RUNNING_OPTIMAL,0,NORMAL,5.5,OFF_PEAK,GOOD
2026-01-13 05:00:00,HVAC_01,HVAC System,45.397,11.3492,421.5,70.66,43.11,1.694,972.8,3292.49,1284.35,1200.0,RUNNING_OPTIMAL,0,NORMAL,5.5,OFF_PEAK,GOOD
2026-01-13 05:00:00,MOTOR_01,Spinning Motor,40.488,10.122,420.3,63.2,59.73,1.993,1484.5,3047.43,47.29,48.0,RUNNING_OPTIMAL,0,NORMAL,5.5,OFF_PEAK,GOOD
2026-01-13 05:00:00,PUMP_01,Water Pump,17.13,4.2825,425.8,26.39,51.23,1.484,1439.5,2890.2,28.61,28.0,RUNNING_OPTIMAL,0,NORMAL,5.5,OFF_PEAK,GOOD
2026-01-13 05:15:00,COMPRESSOR_01,Air Compressor,34.362,8.5905,422.9,53.31,72.8,2.438,2947.5,2971.52,222.75,210.0,RUNNING_OPTIMAL,0,NORMAL,5.5,OFF_PEAK,GOOD
2026-01-13 05:15:00,HVAC_01,HVAC System,44.763,11.1908,423.7,69.31,42.52,1.82,980.7,3292.74,1282.91,1200.0,RUNNING_OPTIMAL,0,NORMAL,5.5,OFF_PEAK,GOOD
2026-01-13 05:15:00,MOTOR_01,Spinning Motor,42.571,10.6428,426.4,65.5,59.85,2.075,1486.4,3047.68,50.87,48.0,RUNNING_OPTIMAL,0,NORMAL,5.5,OFF_PEAK,GOOD
2026-01-13 05:15:00,PUMP_01,Water Pump,15.645,3.9112,424.5,24.18,49.51,1.499,1446.0,2890.45,29.3,28.0,RUNNING_OPTIMAL,0,NORMAL,5.5,OFF_PEAK,GOOD
2026-01-13 05:30:00,COMPRESSOR_01,Air Compressor,36.332,9.083,427.0,55.82,73.97,2.436,2942.4,2971.77,231.26,210.0,RUNNING_OPTIMAL,0,NORMAL,5.5,OFF_PEAK,GOOD
2026-01-13 05:30:00,HVAC_01,HVAC System,48.197,12.0492,424.3,74.53,43.48,1.666,978.3,3292.99,1357.4,1200.0,RUNNING_OPTIMAL,0,NORMAL,5.5,OFF_PEAK,GOOD
2026-01-13 05:30:00,MOTOR_01,Spinning Motor,43.068,10.767,423.5,66.72,60.49,1.979,1483.2,3047.93,52.05,48.0,RUNNING_OPTIMAL,0,NORMAL,5.5,OFF_PEAK,GOOD
2026-01-13 05:30:00,PUMP_01,Water Pump,17.047,4.2618,427.7,26.15,49.11,1.463,1448.0,2890.7,29.99,28.0,RUNNING_OPTIMAL,0,NORMAL,5.5,OFF_PEAK,GOOD
2026-01-13 05:45:00,COMPRESSOR_01,Air Compressor,35.626,8.9065,421.7,55.43,71.2,2.507,2943.8,2972.02,220.4,210.0,RUNNING_OPTIMAL,0,NORMAL,5.5,OFF_PEAK,GOOD
2026-01-13 05:45:00,HVAC_01,HVAC System,44.07,11.0175,424.7,68.08,42.79,1.68,976.9,3293.24,1303.2,1200.0,RUNNING_OPTIMAL,0,NORMAL,5.5,OFF_PEAK,GOOD
2026-01-13 05:45:00,MOTOR_01,Spinning Motor,44.316,11.079,424.0,68.57,59.15,2.173,1480.5,3048.18,52.75,48.0,RUNNING_OPTIMAL,0,NORMAL,5.5,OFF_PEAK,GOOD
2026-01-13 05:45:00,PUMP_01,Water Pump,16.609,4.1523,421.4,25.86,49.43,1.49,1450.3,2890.95,28.31,28.0,RUNNING_OPTIMAL,0,NORMAL,5.5,OFF_PEAK,GOOD
2026-01-13 06:00:00,COMPRESSOR_01,Air Compressor,35.017,8.7543,424.0,54.18,74.74,2.339,2944.0,2972.27,225.38,210.0,RUNNING_OPTIMAL,0,NORMAL,7.5,NORMAL,GOOD
2026-01-13 06:00:00,HVAC_01,HVAC System,48.025,12.0062,421.9,74.68,44.02,1.767,974.8,3293.49,1360.72,1200.0,RUNNING_OPTIMAL,0,NORMAL,7.5,NORMAL,GOOD
2026-01-13 06:00:00,MOTOR_01,Spinning Motor,43.27,10.8175,424.7,66.84,60.14,1.994,1470.4,3048.43,49.41,48.0,RUNNING_OPTIMAL,0,NORMAL,7.5,NORMAL,GOOD
2026-01-13 06:00:00,PUMP_01,Water Pump,17.836,4.459,422.2,27.72,51.97,1.46,1436.6,2891.2,31.95,28.0,RUNNING_OPTIMAL,0,NORMAL,7.5,NORMAL,GOOD
2026-01-13 06:15:00,COMPRESSOR_01,Air Compressor,37.344,9.336,422.3,58.02,74.49,2.279,2947.3,2972.52,234.8,210.0,RUNNING_OPTIMAL,0,NORMAL,7.5,NORMAL,GOOD
2026-01-13 06:15:00,HVAC_01,HVAC System,47.202,11.8005,426.3,72.64,42.81,1.681,976.0,3293.74,1332.62,1200.0,RUNNING_OPTIMAL,0,NORMAL,7.5,NORMAL,GOOD
2026-01-13 06:15:00,MOTOR_01,Spinning Motor,44.803,11.2008,423.3,69.44,62.24,2.062,1484.8,3048.68,53.96,48.0,RUNNING_OPTIMAL,0,NORMAL,7.5,NORMAL,GOOD
2026-01-13 06:15:00,PUMP_01,Water Pump,17.917,4.4793,421.8,27.87,50.65,1.689,1452.7,2891.45,28.26,28.0,RUNNING_OPTIMAL,0,NORMAL,7.5,NORMAL,GOOD
2026-01-13 06:30:00,COMPRESSOR_01,Air Compressor,36.134,9.0335,421.3,56.27,72.78,2.281,2937.8,2972.77,230.8,210.0,RUNNING_OPTIMAL,0,NORMAL,7.5,NORMAL,GOOD
2026-01-13 06:30:00,HVAC_01,HVAC System,42.972,10.743,424.3,66.45,44.45,1.733,977.4,3293.99,1238.12,1200.0,RUNNING_OPTIMAL,0,NORMAL,7.5,NORMAL,GOOD
2026-01-13 06:30:00,MOTOR_01,Spinning Motor,43.722,10.9305,423.0,67.81,60.45,2.069,1484.3,3048.93,51.56,48.0,RUNNING_OPTIMAL,0,NORMAL,7.5,NORMAL,GOOD
2026-01-13 06:30:00,PUMP_01,Water Pump,18.035,4.5088,425.5,27.81,50.41,1.418,1443.2,2891.7,32.17,28.0,RUNNING_OPTIMAL,0,NORMAL,7.5,NORMAL,GOOD
2026-01-13 06:45:00,COMPRESSOR_01,Air Compressor,35.381,8.8452,422.8,54.9,73.83,2.29,2937.4,2973.02,224.97,210.0,RUNNING_OPTIMAL,0,NORMAL,7.5,NORMAL,GOOD
2026-01-13 06:45:00,HVAC_01,HVAC System,45.158,11.2895,421.2,70.34,44.14,1.803,976.7,3294.24,1287.05,1200.0,RUNNING_OPTIMAL,0,NORMAL,7.5,NORMAL,GOOD
2026-01-13 06:45:00,MOTOR_01,Spinning Motor,42.836,10.709,420.6,66.82,60.44,2.032,1479.1,3049.18,50.16,48.0,RUNNING_OPTIMAL,0,NORMAL,7.5,NORMAL,GOOD
2026-01-13 06:45:00,PUMP_01,Water Pump,16.848,4.212,420.8,26.27,49.87,1.473,1447.9,2891.95,29.3,28.0,RUNNING_OPTIMAL,0,NORMAL,7.5,NORMAL,GOOD
2026-01-13 07:00:00,COMPRESSOR_01,Air Compressor,36.576,9.144,423.8,56.62,74.7,2.429,2943.8,2973.27,229.03,210.0,RUNNING_OPTIMAL,0,NORMAL,7.5,NORMAL,GOOD
2026-01-13 07:00:00,HVAC_01,HVAC System,46.939,11.7348,423.2,72.77,43.53,1.809,978.6,3294.49,1311.26,1200.0,RUNNING_OPTIMAL,0,NORMAL,7.5,NORMAL,GOOD
2026-01-13 07:00:00,MOTOR_01,Spinning Motor,43.861,10.9652,426.2,67.52,62.1,2.003,1481.4,3049.43,52.28,48.0,RUNNING_OPTIMAL,0,NORMAL,7.5,NORMAL,GOOD
2026-01-13 07:00:00,PUMP_01,Water Pump,18.473,4.6182,424.5,28.55,52.59,1.52,1445.5,2892.2,33.84,28.0,RUNNING_OPTIMAL,0,NORMAL,7.5,NORMAL,GOOD
2026-01-13 07:15:00,COMPRESSOR_01,Air Compressor,38.3,9.575,425.1,59.11,75.54,2.342,2945.3,2973.52,236.0,210.0,RUNNING_OPTIMAL,0,NORMAL,7.5,NORMAL,GOOD
2026-01-13 07:15:00,HVAC_01,HVAC System,46.527,11.6318,422.9,72.18,44.29,1.721,975.5,3294.74,1303.11,1200.0,RUNNING_OPTIMAL,0,NORMAL,7.5,NORMAL,GOOD
2026-01-13 07:15:00,MOTOR_01,Spinning Motor,43.241,10.8102,421.8,67.26,63.06,1.931,1481.4,3049.68,51.55,48.0,RUNNING_OPTIMAL,0,NORMAL,7.5,NORMAL,GOOD
2026-01-13 07:15:00,PUMP_01,Water Pump,17.349,4.3372,428.1,26.59,53.02,1.572,1448.7,2892.45,32.49,28.0,RUNNING_OPTIMAL,0,NORMAL,7.5,NORMAL,GOOD
2026-01-13 07:30:00,COMPRESSOR_01,Air Compressor,38.785,9.6962,420.3,60.54,74.97,2.602,2936.5,2973.77,238.38,210.0,RUNNING_OPTIMAL,0,NORMAL,7.5,NORMAL,GOOD
2026-01-13 07:30:00,HVAC_01,HVAC System,48.774,12.1935,421.0,76.01,44.65,1.822,980.3,3294.99,1359.37,1200.0,RUNNING_OPTIMAL,0,NORMAL,7.5,NORMAL,GOOD
2026-01-13 07:30:00,MOTOR_01,Spinning Motor,44.327,11.0818,425.7,68.32,61.73,1.873,1480.5,3049.93,54.21,48.0,RUNNING_OPTIMAL,0,NORMAL,7.5,NORMAL,GOOD
2026-01-13 07:30:00,PUMP_01,Water Pump,15.263,3.8158,418.9,23.9,52.34,1.497,1443.6,2892.7,27.04,28.0,RUNNING_OPTIMAL,0,NORMAL,7.5,NORMAL,GOOD
2026-01-13 07:45:00,COMPRESSOR_01,Air Compressor,38.4,9.6,424.1,59.4,74.81,2.445,2938.1,2974.02,238.69,210.0,RUNNING_OPTIMAL,0,NORMAL,7.5,NORMAL,GOOD
2026-01-13 07:45:00,HVAC_01,HVAC System,45.201,11.3002,420.9,70.46,44.81,1.762,978.7,3295.24,1299.01,1200.0,RUNNING_OPTIMAL,0,NORMAL,7.5,NORMAL,GOOD
2026-01-13 07:45:00,MOTOR_01,Spinning Motor,43.2,10.8,425.4,66.63,61.62,1.899,1485.6,3050.18,50.45,48.0,RUNNING_OPTIMAL,0,NORMAL,7.5,NORMAL,GOOD
2026-01-13 07:45:00,PUMP_01,Water Pump,18.152,4.538,422.2,28.21,51.72,1.655,1447.6,2892.95,32.0,28.0,RUNNING_OPTIMAL,0,NORMAL,7.5,NORMAL,GOOD
2026-01-13 08:00:00,COMPRESSOR_01,Air Compressor,35.336,8.834,423.5,54.74,75.71,2.384,2944.0,2974.27,224.66,210.0,RUNNING_OPTIMAL,0,NORMAL,7.5,NORMAL,GOOD
2026-01-13 08:00:00,HVAC_01,HVAC System,43.293,10.8232,419.5,67.71,45.35,1.818,979.5,3295.49,1210.85,1200.0,RUNNING_OPTIMAL,0,NORMAL,7.5,NORMAL,GOOD
2026-01-13 08:00:00,MOTOR_01,Spinning Motor,42.042,10.5105,421.6,65.42,63.16,1.792,1480.9,3050.43,51.81,48.0,RUNNING_OPTIMAL,0,NORMAL,7.5,NORMAL,GOOD
2026-01-13 08:00:00,PUMP_01,Water Pump,17.64,4.41,420.6,27.52,51.81,1.504,1446.3,2893.2,31.01,28.0,RUNNING_OPTIMAL,0,NORMAL,7.5,NORMAL,GOOD
2026-01-13 08:15:00,COMPRESSOR_01,Air Compressor,34.977,8.7442,425.2,53.97,76.23,2.399,2943.4,2974.52,224.39,210.0,RUNNING_OPTIMAL,0,NORMAL,7.5,NORMAL,GOOD
2026-01-13 08:15:00,HVAC_01,HVAC System,44.729,11.1822,423.0,69.38,46.96,1.676,980.9,3295.74,1321.39,1200.0,RUNNING_OPTIMAL,0,NORMAL,7.5,NORMAL,GOOD
2026-01-13 08:15:00,MOTOR_01,Spinning Motor,43.449,10.8622,427.8,66.63,63.79,2.081,1480.5,3050.68,50.37,48.0,RUNNING_OPTIMAL,0,NORMAL,7.5,NORMAL,GOOD
2026-01-13 08:15:00,PUMP_01,Water Pump,17.789,4.4473,425.3,27.44,52.04,1.537,1452.9,2893.45,29.61,28.0,RUNNING_OPTIMAL,0,NORMAL,7.5,NORMAL,GOOD
2026-01-13 08:30:00,COMPRESSOR_01,Air Compressor,35.543,8.8858,424.1,54.98,75.59,2.537,2942.6,2974.77,230.96,210.0,RUNNING_OPTIMAL,0,NORMAL,7.5,NORMAL,GOOD
2026-01-13 08:30:00,HVAC_01,HVAC System,45.943,11.4858,421.1,71.58,47.25,1.907,972.4,3295.99,1328.62,1200.0,RUNNING_OPTIMAL,0,NORMAL,7.5,NORMAL,GOOD
2026-01-13 08:30:00,MOTOR_01,Spinning Motor,42.92,10.73,420.1,67.03,64.14,1.888,1480.9,3050.93,53.17,48.0,RUNNING_OPTIMAL,0,NORMAL,7.5,NORMAL,GOOD
2026-01-13 08:30:00,PUMP_01,Water Pump,16.999,4.2498,420.1,26.55,52.2,1.517,1439.2,2893.7,27.34,28.0,RUNNING_OPTIMAL,0,NORMAL,7.5,NORMAL,GOOD
2026-01-13 08:45:00,COMPRESSOR_01,Air Compressor,36.652,9.163,426.8,56.34,76.23,2.331,2937.3,2975.02,228.67,210.0,RUNNING_OPTIMAL,0,NORMAL,7.5,NORMAL,GOOD
2026-01-13 08:45:00,HVAC_01,HVAC System,46.105,11.5262,421.8,71.71,47.2,1.76,977.2,3296.24,1302.21,1200.0,RUNNING_OPTIMAL,0,NORMAL,7.5,NORMAL,GOOD
2026-01-13 08:45:00,MOTOR_01,Spinning Motor,42.369,10.5922,422.3,65.82,63.89,1.9,1480.3,3051.18,51.57,48.0,RUNNING_OPTIMAL,0,NORMAL,7.5,NORMAL,GOOD
2026-01-13 08:45:00,PUMP_01,Water Pump,16.101,4.0252,418.3,25.25,53.54,1.484,1450.1,2893.95,29.82,28.0,RUNNING_OPTIMAL,0,NORMAL,7.5,NORMAL,GOOD
2026-01-13 09:00:00,COMPRESSOR_01,Air Compressor,36.862,9.2155,419.6,57.64,78.84,2.402,2942.2,2975.27,230.46,210.0,RUNNING_OPTIMAL,0,NORMAL,7.5,NORMAL,GOOD
2026-01-13 09:00:00,HVAC_01,HVAC System,46.827,11.7068,423.3,72.58,47.9,1.722,978.3,3296.49,1325.31,1200.0,RUNNING_OPTIMAL,0,NORMAL,7.5,NORMAL,GOOD
2026-01-13 09:00:00,MOTOR_01,Spinning Motor,42.841,10.7102,422.9,66.46,65.07,2.043,1484.2,3051.43,50.09,48.0,RUNNING_OPTIMAL,0,NORMAL,7.5,NORMAL,GOOD
2026-01-13 09:00:00,PUMP_01,Water Pump,16.289,4.0723,419.5,25.48,54.44,1.602,1441.4,2894.2,29.74,28.0,RUNNING_OPTIMAL,0,NORMAL,7.5,NORMAL,GOOD
2026-01-13 09:15:00,COMPRESSOR_01,Air Compressor,34.062,8.5155,417.0,53.59,77.59,2.518,2938.6,2975.52,224.18,210.0,RUNNING_OPTIMAL,0,NORMAL,7.5,NORMAL,GOOD
2026-01-13 09:15:00,HVAC_01,HVAC System,45.896,11.474,418.5,71.95,49.16,1.835,983.3,3296.74,1330.21,1200.0,RUNNING_OPTIMAL,0,NORMAL,7.5,NORMAL,GOOD
2026-01-13 09:15:00,MOTOR_01,Spinning Motor,41.152,10.288,419.5,64.36,63.46,2.006,1480.0,3051.68,53.15,48.0,RUNNING_OPTIMAL,0,NORMAL,7.5,NORMAL,GOOD
2026-01-13 09:15:00,PUMP_01,Water Pump,17.799,4.4498,418.7,27.89,52.88,1.511,1446.9,2894.45,29.71,28.0,RUNNING_OPTIMAL,0,NORMAL,7.5,NORMAL,GOOD
2026-01-13 09:30:00,COMPRESSOR_01,Air Compressor,36.03,9.0075,420.4,56.23,77.89,2.441,2946.1,2975.77,229.16,210.0,RUNNING_OPTIMAL,0,NORMAL,7.5,NORMAL,GOOD
2026-01-13 09:30:00,HVAC_01,HVAC System,44.87,11.2175,420.3,70.04,47.74,1.759,975.6,3296.99,1298.46,1200.0,RUNNING_OPTIMAL,0,NORMAL,7.5,NORMAL,GOOD
2026-01-13 09:30:00,MOTOR_01,Spinning Motor,40.885,10.2212,422.9,63.43,64.3,1.886,1479.6,3051.93,52.55,48.0,RUNNING_OPTIMAL,0,NORMAL,7.5,NORMAL,GOOD
2026-01-13 09:30:00,PUMP_01,Water Pump,17.223,4.3058,419.2,26.96,55.59,1.526,1448.3,2894.7,27.53,28.0,RUNNING_OPTIMAL,0,NORMAL,7.5,NORMAL,GOOD
2026-01-13 09:45:00,COMPRESSOR_01,Air Compressor,34.095,8.5238,418.8,53.41,76.98,2.505,2936.5,2976.02,219.83,210.0,RUNNING_OPTIMAL,0,NORMAL,7.5,NORMAL,GOOD
2026-01-13 09:45:00,HVAC_01,HVAC System,46.345,11.5862,422.9,71.9,47.71,1.715,981.2,3297.24,1300.2,1200.0,RUNNING_OPTIMAL,0,NORMAL,7.5,NORMAL,GOOD
2026-01-13 09:45:00,MOTOR_01,Spinning Motor,44.433,11.1082,420.6,69.31,65.03,1.938,1480.6,3052.18,51.05,48.0,RUNNING_OPTIMAL,0,NORMAL,7.5,NORMAL,GOOD
2026-01-13 09:45:00,PUMP_01,Water Pump,16.124,4.031,420.2,25.18,53.88,1.656,1447.2,2894.95,28.16,28.0,RUNNING_OPTIMAL,0,NORMAL,7.5,NORMAL,GOOD
2026-01-13 10:00:00,COMPRESSOR_01,Air Compressor,36.002,9.0005,416.7,56.68,78.01,2.338,2950.4,2976.27,225.67,210.0,RUNNING_OPTIMAL,0,NORMAL,7.5,NORMAL,GOOD
2026-01-13 10:00:00,HVAC_01,HVAC System,44.726,11.1815,420.5,69.78,49.28,1.783,975.3,3297.49,1274.55,1200.0,RUNNING_OPTIMAL,0,NORMAL,7.5,NORMAL,GOOD
2026-01-13 10:00:00,MOTOR_01,Spinning Motor,39.8,9.95,417.2,62.59,65.1,2.026,1485.7,3052.43,49.0,48.0,RUNNING_OPTIMAL,0,NORMAL,7.5,NORMAL,GOOD
2026-01-13 10:00:00,PUMP_01,Water Pump,16.88,4.22,421.3,26.29,55.4,1.637,1448.7,2895.2,30.43,28.0,RUNNING_OPTIMAL,0,NORMAL,7.5,NORMAL,GOOD
2026-01-13 10:15:00,COMPRESSOR_01,Air Compressor,34.508,8.627,424.3,53.36,79.13,2.251,2930.3,2976.52,220.99,210.0,RUNNING_OPTIMAL,0,NORMAL,7.5,NORMAL,GOOD
2026-01-13 10:15:00,HVAC_01,HVAC System,42.298,10.5745,417.0,66.55,48.39,1.747,978.2,3297.74,1195.78,1200.0,RUNNING_OPTIMAL,0,NORMAL,7.5,NORMAL,GOOD
2026-01-13 10:15:00,MOTOR_01,Spinning Motor,39.273,9.8183,418.1,61.63,64.74,1.852,1481.2,3052.68,49.01,48.0,RUNNING_OPTIMAL,0,NORMAL,7.5,NORMAL,GOOD
2026-01-13 10:15:00,PUMP_01,Water Pump,17.523,4.3808,422.2,27.23,56.88,1.532,1443.1,2895.45,28.03,28.0,RUNNING_OPTIMAL,0,NORMAL,7.5,NORMAL,GOOD
2026-01-13 10:30:00,COMPRESSOR_01,Air Compressor,35.693,8.9232,418.1,56.01,79.75,2.28,2941.3,2976.77,226.91,210.0,RUNNING_OPTIMAL,0,NORMAL,7.5,NORMAL,GOOD
2026-01-13 10:30:00,HVAC_01,HVAC System,46.07,11.5175,422.6,71.52,49.17,1.792,986.0,3297.99,1294.3,1200.0,RUNNING_OPTIMAL,0,NORMAL,7.5,NORMAL,GOOD
2026-01-13 10:30:00,MOTOR_01,Spinning Motor,42.271,10.5678,419.9,66.05,66.61,1.848,1490.0,3052.93,49.7,48.0,RUNNING_OPTIMAL,0,NORMAL,7.5,NORMAL,GOOD
2026-01-13 10:30:00,PUMP_01,Water Pump,15.629,3.9072,416.5,24.62,55.37,1.474,1452.9,2895.7,28.0,28.0,RUNNING_OPTIMAL,0,NORMAL,7.5,NORMAL,GOOD
2026-01-13 10:45:00,COMPRESSOR_01,Air Compressor,35.515,8.8788,419.0,55.61,78.56,2.423,2947.1,2977.02,222.19,210.0,RUNNING_OPTIMAL,0,NORMAL,7.5,NORMAL,GOOD
2026-01-13 10:45:00,HVAC_01,HVAC System,42.666,10.6665,423.0,66.18,46.67,1.72,986.1,3298.24,1221.2,1200.0,RUNNING_OPTIMAL,0,NORMAL,7.5,NORMAL,GOOD
2026-01-13 10:45:00,MOTOR_01,Spinning Motor,41.351,10.3378,422.7,64.18,64.75,1.742,1480.0,3053.18,49.13,48.0,RUNNING_OPTIMAL,0,NORMAL,7.5,NORMAL,GOOD
2026-01-13 10:45:00,PUMP_01,Water Pump,15.378,3.8445,421.9,23.91,54.55,1.593,1452.1,2895.95,26.9,28.0,RUNNING_OPTIMAL,0,NORMAL,7.5,NORMAL,GOOD
2026-01-13 11:00:00,COMPRESSOR_01,Air Compressor,32.788,8.197,417.6,51.51,78.8,2.37,2946.9,2977.27,210.93,210.0,RUNNING_OPTIMAL,0,NORMAL,7.5,NORMAL,GOOD
2026-01-13 11:00:00,HVAC_01,HVAC System,43.609,10.9022,415.3,68.89,49.51,1.826,976.2,3298.49,1247.87,1200.0,RUNNING_OPTIMAL,0,NORMAL,7.5,NORMAL,GOOD
2026-01-13 11:00:00,MOTOR_01,Spinning Motor,43.079,10.7698,414.6,68.17,65.8,1.814,1478.2,3053.43,50.64,48.0,RUNNING_OPTIMAL,0,NORMAL,7.5,NORMAL,GOOD
2026-01-13 11:00:00,PUMP_01,Water Pump,17.393,4.3482,415.9,27.44,57.39,1.429,1446.9,2896.2,28.66,28.0,RUNNING_OPTIMAL,0,NORMAL,7.5,NORMAL,GOOD
2026-01-13 11:15:00,COMPRESSOR_01,Air Compressor,33.874,8.4685,422.0,52.66,79.89,2.393,2947.1,2977.52,216.06,210.0,RUNNING_OPTIMAL,0,NORMAL,7.5,NORMAL,GOOD
2026-01-13 11:15:00,HVAC_01,HVAC System,44.027,11.0068,414.3,69.72,50.0,1.868,975.9,3298.74,1243.6,1200.0,RUNNING_OPTIMAL,0,NORMAL,7.5,NORMAL,GOOD
2026-01-13 11:15:00,MOTOR_01,Spinning Motor,41.635,10.4088,417.3,65.46,65.36,2.059,1481.2,3053.68,49.88,48.0,RUNNING_OPTIMAL,0,NORMAL,7.5,NORMAL,GOOD
2026-01-13 11:15:00,PUMP_01,Water Pump,17.334,4.3335,416.9,27.28,56.1,1.612,1449.8,2896.45,29.49,28.0,RUNNING_OPTIMAL,0,NORMAL,7.5,NORMAL,GOOD
2026-01-13 11:30:00,COMPRESSOR_01,Air Compressor,32.153,8.0382,418.0,50.47,78.83,2.344,2951.6,2977.77,209.64,210.0,RUNNING_OPTIMAL,0,NORMAL,7.5,NORMAL,GOOD
2026-01-13 11:30:00,HVAC_01,HVAC System,44.667,11.1668,419.2,69.91,48.89,1.883,977.3,3298.99,1258.85,1200.0,RUNNING_OPTIMAL,0,NORMAL,7.5,NORMAL,GOOD
2026-01-13 11:30:00,MOTOR_01,Spinning Motor,39.979,9.9948,416.0,63.05,65.11,1.839,1481.7,3053.93,50.28,48.0,RUNNING_OPTIMAL,0,NORMAL,7.5,NORMAL,GOOD
2026-01-13 11:30:00,PUMP_01,Water Pump,16.689,4.1722,415.7,26.34,56.9,1.544,1452.4,2896.7,27.65,28.0,RUNNING_OPTIMAL,0,NORMAL,7.5,NORMAL,GOOD
2026-01-13 11:45:00,COMPRESSOR_01,Air Compressor,34.984,8.746,418.3,54.87,80.32,2.363,2947.1,2978.02,217.13,210.0,RUNNING_OPTIMAL,0,NORMAL,7.5,NORMAL,GOOD
2026-01-13 11:45:00,HVAC_01,HVAC System,43.612,10.903,416.0,68.78,47.4,1.586,982.8,3299.24,1239.28,1200.0,RUNNING_OPTIMAL,0,NORMAL,7.5,NORMAL,GOOD
2026-01-13 11:45:00,MOTOR_01,Spinning Motor,39.224,9.806,418.3,61.52,65.98,1.842,1488.7,3054.18,49.15,48.0,RUNNING_OPTIMAL,0,NORMAL,7.5,NORMAL,GOOD
2026-01-13 11:45:00,PUMP_01,Water Pump,17.428,4.357,413.4,27.66,56.84,1.512,1453.1,2896.95,29.89,28.0,RUNNING_OPTIMAL,0,NORMAL,7.5,NORMAL,GOOD
2026-01-13 12:00:00,COMPRESSOR_01,Air Compressor,33.94,8.485,411.5,54.11,79.74,2.358,2946.6,2978.27,210.06,210.0,RUNNING_OPTIMAL,0,NORMAL,7.5,NORMAL,GOOD
2026-01-13 12:00:00,HVAC_01,HVAC System,40.469,10.1172,417.8,63.55,50.22,1.739,981.5,3299.49,1144.91,1200.0,RUNNING_OPTIMAL,0,NORMAL,7.5,NORMAL,GOOD
2026-01-13 12:00:00,MOTOR_01,Spinning Motor,41.78,10.445,411.7,66.58,68.32,2.034,1476.7,3054.43,50.05,48.0,RUNNING_OPTIMAL,0,NORMAL,7.5,NORMAL,GOOD
2026-01-13 12:00:00,PUMP_01,Water Pump,15.687,3.9218,415.8,24.75,57.93,1.454,1456.0,2897.2,29.09,28.0,RUNNING_OPTIMAL,0,NORMAL,7.5,NORMAL,GOOD
2026-01-13 12:15:00,COMPRESSOR_01,Air Compressor,36.833,9.2082,415.1,58.22,80.38,2.385,2936.9,2978.52,227.37,210.0,RUNNING_OPTIMAL,0,NORMAL,7.5,NORMAL,GOOD
2026-01-13 12:15:00,HVAC_01,HVAC System,44.021,11.0052,416.2,69.39,49.6,1.648,980.0,3299.74,1235.03,1200.0,RUNNING_OPTIMAL,0,NORMAL,7.5,NORMAL,GOOD
2026-01-13 12:15:00,MOTOR_01,Spinning Motor,39.511,9.8778,411.4,63.01,66.52,1.839,1480.0,3054.68,47.0,48.0,RUNNING_OPTIMAL,0,NORMAL,7.5,NORMAL,GOOD
2026-01-13 12:15:00,PUMP_01,Water Pump,15.215,3.8038,411.2,24.28,56.15,1.577,1449.5,2897.45,28.52,28.0,RUNNING_OPTIMAL,0,NORMAL,7.5,NORMAL,GOOD
2026-01-13 12:30:00,COMPRESSOR_01,Air Compressor,32.712,8.178,414.5,51.78,80.29,2.23,2944.9,2978.77,209.71,210.0,RUNNING_OPTIMAL,0,NORMAL,7.5,NORMAL,GOOD
2026-01-13 12:30:00,HVAC_01,HVAC System,44.265,11.0662,410.4,70.76,49.99,1.794,983.0,3299.99,1243.57,1200.0,RUNNING_OPTIMAL,0,NORMAL,7.5,NORMAL,GOOD
2026-01-13 12:30:00,MOTOR_01,Spinning Motor,39.595,9.8988,413.1,62.88,66.37,2.158,1481.9,3054.93,49.29,48.0,RUNNING_OPTIMAL,0,NORMAL,7.5,NORMAL,GOOD
2026-01-13 12:30:00,PUMP_01,Water Pump,14.983,3.7458,413.1,23.8,56.57,1.533,1451.8,2897.7,26.39,28.0,RUNNING_OPTIMAL,0,NORMAL,7.5,NORMAL,GOOD
2026-01-13 12:45:00,COMPRESSOR_01,Air Compressor,34.431,8.6078,411.5,54.9,79.29,2.328,2945.3,2979.02,211.77,210.0,RUNNING_OPTIMAL,0,NORMAL,7.5,NORMAL,GOOD
2026-01-13 12:45:00,HVAC_01,HVAC System,43.265,10.8162,417.9,67.92,50.21,1.744,979.7,3300.24,1200.61,1200.0,RUNNING_OPTIMAL,0,NORMAL,7.5,NORMAL,GOOD
2026-01-13 12:45:00,MOTOR_01,Spinning Motor,40.099,10.0247,411.8,63.89,68.22,1.988,1480.5,3055.18,49.45,48.0,RUNNING_OPTIMAL,0,NORMAL,7.5,NORMAL,GOOD
2026-01-13 12:45:00,PUMP_01,Water Pump,16.104,4.026,414.8,25.47,57.24,1.533,1448.6,2897.95,27.74,28.0,RUNNING_OPTIMAL,0,NORMAL,7.5,NORMAL,GOOD
2026-01-13 13:00:00,COMPRESSOR_01,Air Compressor,16.503,4.1258,412.8,26.23,68.24,1.559,2957.5,2979.27,0.0,42.0,IDLE_UNLOADED,0,NORMAL,7.5,NORMAL,GOOD
2026-01-13 13:00:00,HVAC_01,HVAC System,15.358,3.8395,411.5,24.49,35.89,1.13,983.1,3300.49,0.0,240.0,IDLE_UNLOADED,0,NORMAL,7.5,NORMAL,GOOD
2026-01-13 13:00:00,MOTOR_01,Spinning Motor,11.971,2.9928,413.1,19.01,54.49,1.294,1488.3,3055.43,0.0,9.6,IDLE_UNLOADED,0,NORMAL,7.5,NORMAL,GOOD
2026-01-13 13:00:00,PUMP_01,Water Pump,5.655,1.4138,417.7,8.88,44.78,0.961,1453.9,2898.2,0.0,5.6,IDLE_UNLOADED,0,NORMAL,7.5,NORMAL,GOOD
2026-01-13 13:15:00,COMPRESSOR_01,Air Compressor,16.573,4.1432,413.3,26.31,68.8,1.588,2957.1,2979.52,0.0,42.0,IDLE_UNLOADED,0,NORMAL,7.5,NORMAL,GOOD
2026-01-13 13:15:00,HVAC_01,HVAC System,14.911,3.7278,413.1,23.68,37.83,1.115,980.6,3300.74,0.0,240.0,IDLE_UNLOADED,0,NORMAL,7.5,NORMAL,GOOD
2026-01-13 13:15:00,MOTOR_01,Spinning Motor,12.414,3.1035,413.3,19.71,53.3,1.25,1490.6,3055.68,0.0,9.6,IDLE_UNLOADED,0,NORMAL,7.5,NORMAL,GOOD
2026-01-13 13:15:00,PUMP_01,Water Pump,4.865,1.2162,411.8,7.75,45.13,1.019,1451.1,2898.45,0.0,5.6,IDLE_UNLOADED,0,NORMAL,7.5,NORMAL,GOOD
2026-01-13 13:30:00,COMPRESSOR_01,Air Compressor,30.85,7.7125,413.8,48.91,79.37,2.417,2945.8,2979.77,196.65,210.0,RUNNING_OPTIMAL,0,NORMAL,7.5,NORMAL,GOOD
2026-01-13 13:30:00,HVAC_01,HVAC System,39.825,9.9562,413.4,63.2,49.21,1.69,980.8,3300.99,1139.35,1200.0,RUNNING_OPTIMAL,0,NORMAL,7.5,NORMAL,GOOD
2026-01-13 13:30:00,MOTOR_01,Spinning Motor,40.102,10.0255,410.3,64.12,67.95,1.97,1481.6,3055.93,50.25,48.0,RUNNING_OPTIMAL,0,NORMAL,7.5,NORMAL,GOOD
2026-01-13 13:30:00,PUMP_01,Water Pump,15.555,3.8888,412.3,24.75,57.14,1.557,1458.0,2898.7,26.47,28.0,RUNNING_OPTIMAL,0,NORMAL,7.5,NORMAL,GOOD
2026-01-13 13:45:00,COMPRESSOR_01,Air Compressor,32.264,8.066,418.6,50.57,79.89,2.365,2952.1,2980.02,201.25,210.0,RUNNING_OPTIMAL,0,NORMAL,7.5,NORMAL,GOOD
2026-01-13 13:45:00,HVAC_01,HVAC System,41.184,10.296,407.7,66.27,48.93,1.69,979.6,3301.24,1140.05,1200.0,RUNNING_OPTIMAL,0,NORMAL,7.5,NORMAL,GOOD
2026-01-13 13:45:00,MOTOR_01,Spinning Motor,39.796,9.949,410.4,63.62,67.49,1.946,1484.9,3056.18,48.59,48.0,RUNNING_OPTIMAL,0,NORMAL,7.5,NORMAL,GOOD
2026-01-13 13:45:00,PUMP_01,Water Pump,15.095,3.7738,412.3,24.02,55.31,1.31,1452.9,2898.95,25.71,28.0,RUNNING_OPTIMAL,0,NORMAL,7.5,NORMAL,GOOD
2026-01-13 14:00:00,COMPRESSOR_01,Air Compressor,32.141,8.0352,411.1,51.29,80.38,2.437,2938.9,2980.27,208.63,210.0,RUNNING_OPTIMAL,0,NORMAL,7.5,NORMAL,GOOD
2026-01-13 14:00:00,HVAC_01,HVAC System,39.637,9.9092,410.2,63.4,49.46,1.659,974.9,3301.49,1095.63,1200.0,RUNNING_OPTIMAL,0,NORMAL,7.5,NORMAL,GOOD
2026-01-13 14:00:00,MOTOR_01,Spinning Motor,39.658,9.9145,409.8,63.49,66.56,1.932,1491.9,3056.43,49.05,48.0,RUNNING_OPTIMAL,0,NORMAL,7.5,NORMAL,GOOD
2026-01-13 14:00:00,PUMP_01,Water Pump,14.837,3.7092,412.9,23.58,57.57,1.287,1452.5,2899.2,27.2,28.0,RUNNING_OPTIMAL,0,NORMAL,7.5,NORMAL,GOOD
2026-01-13 14:15:00,COMPRESSOR_01,Air Compressor,32.339,8.0848,412.7,51.41,79.62,2.401,2948.8,2980.52,199.25,210.0,RUNNING_OPTIMAL,0,NORMAL,7.5,NORMAL,GOOD
2026-01-13 14:15:00,HVAC_01,HVAC System,42.905,10.7262,411.9,68.34,50.1,1.74,981.3,3301.74,1189.66,1200.0,RUNNING_OPTIMAL,0,NORMAL,7.5,NORMAL,GOOD
2026-01-13 14:15:00,MOTOR_01,Spinning Motor,37.048,9.262,411.0,59.14,65.53,2.051,1487.7,3056.68,44.19,48.0,RUNNING_OPTIMAL,0,NORMAL,7.5,NORMAL,GOOD
2026-01-13 14:15:00,PUMP_01,Water Pump,14.016,3.504,413.2,22.25,56.9,1.586,1450.2,2899.45,25.81,28.0,RUNNING_OPTIMAL,0,NORMAL,7.5,NORMAL,GOOD
2026-01-13 14:30:00,COMPRESSOR_01,Air Compressor,32.597,8.1492,411.7,51.95,79.88,2.38,2953.0,2980.77,203.86,210.0,RUNNING_OPTIMAL,0,NORMAL,7.5,NORMAL,GOOD
2026-01-13 14:30:00,HVAC_01,HVAC System,42.027,10.5068,410.6,67.15,50.92,1.675,983.9,3301.99,1208.23,1200.0,RUNNING_OPTIMAL,0,NORMAL,7.5,NORMAL,GOOD
2026-01-13 14:30:00,MOTOR_01,Spinning Motor,37.148,9.287,412.8,59.04,67.2,2.053,1486.9,3056.93,44.37,48.0,RUNNING_OPTIMAL,0,NORMAL,7.5,NORMAL,GOOD
2026-01-13 14:30:00,PUMP_01,Water Pump,15.407,3.8518,414.3,24.4,56.64,1.56,1454.3,2899.7,28.53,28.0,RUNNING_OPTIMAL,0,NORMAL,7.5,NORMAL,GOOD
2026-01-13 14:45:00,COMPRESSOR_01,Air Compressor,36.094,9.0235,412.3,57.44,80.64,2.3,2950.1,2981.02,215.73,210.0,RUNNING_OPTIMAL,0,NORMAL,7.5,NORMAL,GOOD
2026-01-13 14:45:00,HVAC_01,HVAC System,38.88,9.72,410.7,62.11,49.66,1.662,977.5,3302.24,1138.17,1200.0,RUNNING_OPTIMAL,0,NORMAL,7.5,NORMAL,GOOD
2026-01-13 14:45:00,MOTOR_01,Spinning Motor,33.568,8.392,410.5,53.65,66.24,1.921,1482.5,3057.18,41.93,48.0,RUNNING_OPTIMAL,0,NORMAL,7.5,NORMAL,GOOD
2026-01-13 14:45:00,PUMP_01,Water Pump,14.529,3.6322,411.3,23.18,57.0,1.508,1449.8,2899.95,27.3,28.0,RUNNING_OPTIMAL,0,NORMAL,7.5,NORMAL,GOOD
2026-01-13 15:00:00,COMPRESSOR_01,Air Compressor,32.603,8.1508,411.2,52.02,79.97,2.431,2944.8,2981.27,209.55,210.0,RUNNING_OPTIMAL,0,NORMAL,7.5,NORMAL,GOOD
2026-01-13 15:00:00,HVAC_01,HVAC System,42.823,10.7058,409.1,68.68,50.15,1.671,983.4,3302.49,1211.82,1200.0,RUNNING_OPTIMAL,0,NORMAL,7.5,NORMAL,GOOD
2026-01-13 15:00:00,MOTOR_01,Spinning Motor,36.695,9.1738,406.6,59.21,65.75,1.854,1488.9,3057.43,45.01,48.0,RUNNING_OPTIMAL,0,NORMAL,7.5,NORMAL,GOOD
2026-01-13 15:00:00,PUMP_01,Water Pump,15.39,3.8475,409.1,24.68,56.62,1.492,1445.4,2900.2,23.62,28.0,RUNNING_OPTIMAL,0,NORMAL,7.5,NORMAL,GOOD
2026-01-13 15:15:00,COMPRESSOR_01,Air Compressor,29.251,7.3128,408.7,46.96,78.69,2.398,2953.2,2981.52,188.24,210.0,RUNNING_OPTIMAL,0,NORMAL,7.5,NORMAL,GOOD
2026-01-13 15:15:00,HVAC_01,HVAC System,40.374,10.0935,410.1,64.59,49.64,1.628,979.9,3302.74,1141.13,1200.0,RUNNING_OPTIMAL,0,NORMAL,7.5,NORMAL,GOOD
2026-01-13 15:15:00,MOTOR_01,Spinning Motor,37.315,9.3288,408.1,59.99,66.58,1.851,1481.9,3057.68,45.74,48.0,RUNNING_OPTIMAL,0,NORMAL,7.5,NORMAL,GOOD
2026-01-13 15:15:00,PUMP_01,Water Pump,15.471,3.8678,409.4,24.79,56.91,1.489,1443.8,2900.45,26.3,28.0,RUNNING_OPTIMAL,0,NORMAL,7.5,NORMAL,GOOD
2026-01-13 15:30:00,COMPRESSOR_01,Air Compressor,32.119,8.0298,411.6,51.2,80.51,2.384,2951.4,2981.77,192.8,210.0,RUNNING_OPTIMAL,0,NORMAL,7.5,NORMAL,GOOD
2026-01-13 15:30:00,HVAC_01,HVAC System,40.37,10.0925,410.5,64.52,49.59,1.764,981.2,3302.99,1130.56,1200.0,RUNNING_OPTIMAL,0,NORMAL,7.5,NORMAL,GOOD
2026-01-13 15:30:00,MOTOR_01,Spinning Motor,37.167,9.2918,411.6,59.24,65.13,1.982,1487.7,3057.93,44.71,48.0,RUNNING_OPTIMAL,0,NORMAL,7.5,NORMAL,GOOD
2026-01-13 15:30:00,PUMP_01,Water Pump,13.785,3.4462,408.3,22.15,55.98,1.447,1455.3,2900.7,26.21,28.0,RUNNING_OPTIMAL,0,NORMAL,7.5,NORMAL,GOOD
2026-01-13 15:45:00,COMPRESSOR_01,Air Compressor,30.846,7.7115,409.3,49.44,79.44,2.288,2947.2,2982.02,205.4,210.0,RUNNING_OPTIMAL,0,NORMAL,7.5,NORMAL,GOOD
2026-01-13 15:45:00,HVAC_01,HVAC System,39.249,9.8122,406.9,63.28,49.62,1.615,981.2,3303.24,1121.82,1200.0,RUNNING_OPTIMAL,0,NORMAL,7.5,NORMAL,GOOD
2026-01-13 15:45:00,MOTOR_01,Spinning Motor,37.571,9.3928,409.0,60.27,67.11,1.934,1483.9,3058.18,43.29,48.0,RUNNING_OPTIMAL,0,NORMAL,7.5,NORMAL,GOOD
2026-01-13 15:45:00,PUMP_01,Water Pump,13.061,3.2652,410.6,20.87,56.57,1.49,1453.4,2900.95,24.95,28.0,RUNNING_OPTIMAL,0,NORMAL,7.5,NORMAL,GOOD
2026-01-13 16:00:00,COMPRESSOR_01,Air Compressor,31.892,7.973,408.1,51.27,78.61,2.231,2938.0,2982.27,197.9,210.0,RUNNING_OPTIMAL,0,NORMAL,7.5,NORMAL,GOOD
2026-01-13 16:00:00,HVAC_01,HVAC System,40.415,10.1038,409.1,64.81,49.58,1.676,977.8,3303.49,1085.04,1200.0,RUNNING_OPTIMAL,0,NORMAL,7.5,NORMAL,GOOD
2026-01-13 16:00:00,MOTOR_01,Spinning Motor,35.766,8.9415,409.0,57.37,65.92,1.83,1484.9,3058.43,41.9,48.0,RUNNING_OPTIMAL,0,NORMAL,7.5,NORMAL,GOOD
2026-01-13 16:00:00,PUMP_01,Water Pump,14.158,3.5395,408.6,22.73,55.98,1.415,1452.2,2901.2,23.85,28.0,RUNNING_OPTIMAL,0,NORMAL,7.5,NORMAL,GOOD
2026-01-13 16:15:00,COMPRESSOR_01,Air Compressor,28.19,7.0475,409.9,45.12,79.1,2.367,2960.5,2982.52,176.98,210.0,RUNNING_OPTIMAL,0,NORMAL,7.5,NORMAL,GOOD
2026-01-13 16:15:00,HVAC_01,HVAC System,36.789,9.1972,409.6,58.93,46.99,1.774,980.1,3303.74,1038.37,1200.0,RUNNING_OPTIMAL,0,NORMAL,7.5,NORMAL,GOOD
2026-01-13 16:15:00,MOTOR_01,Spinning Motor,37.154,9.2885,407.7,59.79,66.39,1.855,1486.1,3058.68,43.43,48.0,RUNNING_OPTIMAL,0,NORMAL,7.5,NORMAL,GOOD
2026-01-13 16:15:00,PUMP_01,Water Pump,12.419,3.1048,407.6,19.99,57.65,1.56,1452.5,2901.45,23.44,28.0,RUNNING_OPTIMAL,0,NORMAL,7.5,NORMAL,GOOD
2026-01-13 16:30:00,COMPRESSOR_01,Air Compressor,29.054,7.2635,407.8,46.74,78.4,2.363,2956.3,2982.77,192.71,210.0,RUNNING_OPTIMAL,0,NORMAL,7.5,NORMAL,GOOD
2026-01-13 16:30:00,HVAC_01,HVAC System,38.025,9.5062,410.1,60.83,47.88,1.542,978.6,3303.99,1048.81,1200.0,RUNNING_OPTIMAL,0,NORMAL,7.5,NORMAL,GOOD
2026-01-13 16:30:00,MOTOR_01,Spinning Motor,35.46,8.865,407.7,57.06,66.21,1.951,1480.0,3058.93,43.09,48.0,RUNNING_OPTIMAL,0,NORMAL,7.5,NORMAL,GOOD
2026-01-13 16:30:00,PUMP_01,Water Pump,13.429,3.3572,406.4,21.68,56.4,1.544,1447.8,2901.7,25.36,28.0,RUNNING_OPTIMAL,0,NORMAL,7.5,NORMAL,GOOD
2026-01-13 16:45:00,COMPRESSOR_01,Air Compressor,32.053,8.0132,409.8,51.32,79.42,2.321,2949.7,2983.02,192.16,210.0,RUNNING_OPTIMAL,0,NORMAL,7.5,NORMAL,GOOD
2026-01-13 16:45:00,HVAC_01,HVAC System,39.603,9.9008,405.5,64.08,47.99,1.733,981.2,3304.24,1155.87,1200.0,RUNNING_OPTIMAL,0,NORMAL,7.5,NORMAL,GOOD
2026-01-13 16:45:00,MOTOR_01,Spinning Motor,36.926,9.2315,409.9,59.1,66.11,1.937,1484.7,3059.18,47.88,48.0,RUNNING_OPTIMAL,0,NORMAL,7.5,NORMAL,GOOD
2026-01-13 16:45:00,PUMP_01,Water Pump,14.116,3.529,407.5,22.73,55.56,1.615,1445.2,2901.95,27.3,28.0,RUNNING_OPTIMAL,0,NORMAL,7.5,NORMAL,GOOD
2026-01-13 17:00:00,COMPRESSOR_01,Air Compressor,33.227,8.3067,406.4,53.64,77.76,2.326,2949.2,2983.27,199.83,210.0,RUNNING_OPTIMAL,0,NORMAL,7.5,NORMAL,GOOD
2026-01-13 17:00:00,HVAC_01,HVAC System,40.254,10.0635,410.5,64.34,49.26,1.639,976.7,3304.49,1126.39,1200.0,RUNNING_OPTIMAL,0,NORMAL,7.5,NORMAL,GOOD
2026-01-13 17:00:00,MOTOR_01,Spinning Motor,36.78,9.195,407.7,59.19,64.68,1.875,1489.5,3059.43,44.13,48.0,RUNNING_OPTIMAL,0,NORMAL,7.5,NORMAL,GOOD
2026-01-13 17:00:00,PUMP_01,Water Pump,15.207,3.8018,408.6,24.42,56.28,1.363,1447.8,2902.2,27.1,28.0,RUNNING_OPTIMAL,0,NORMAL,7.5,NORMAL,GOOD
2026-01-13 17:15:00,COMPRESSOR_01,Air Compressor,29.568,7.392,407.0,47.66,77.72,2.438,2948.6,2983.52,195.43,210.0,RUNNING_OPTIMAL,0,NORMAL,7.5,NORMAL,GOOD
2026-01-13 17:15:00,HVAC_01,HVAC System,39.59,9.8975,405.6,64.04,48.9,1.698,983.5,3304.74,1108.72,1200.0,RUNNING_OPTIMAL,0,NORMAL,7.5,NORMAL,GOOD
2026-01-13 17:15:00,MOTOR_01,Spinning Motor,35.937,8.9842,408.3,57.75,64.36,1.994,1486.1,3059.68,43.49,48.0,RUNNING_OPTIMAL,0,NORMAL,7.5,NORMAL,GOOD
2026-01-13 17:15:00,PUMP_01,Water Pump,13.993,3.4982,408.6,22.47,54.58,1.465,1452.3,2902.45,25.98,28.0,RUNNING_OPTIMAL,0,NORMAL,7.5,NORMAL,GOOD
2026-01-13 17:30:00,COMPRESSOR_01,Air Compressor,32.169,8.0422,403.3,52.33,77.96,2.199,2951.4,2983.77,199.32,210.0,RUNNING_OPTIMAL,0,NORMAL,7.5,NORMAL,GOOD
2026-01-13 17:30:00,HVAC_01,HVAC System,38.988,9.747,402.0,63.63,48.16,1.777,983.8,3304.99,1070.74,1200.0,RUNNING_OPTIMAL,0,NORMAL,7.5,NORMAL,GOOD
2026-01-13 17:30:00,MOTOR_01,Spinning Motor,35.539,8.8848,407.6,57.2,62.99,1.987,1488.0,3059.93,40.15,48.0,RUNNING_OPTIMAL,0,NORMAL,7.5,NORMAL,GOOD
2026-01-13 17:30:00,PUMP_01,Water Pump,13.905,3.4762,410.3,22.23,55.77,1.47,1449.4,2902.7,23.74,28.0,RUNNING_OPTIMAL,0,NORMAL,7.5,NORMAL,GOOD
2026-01-13 17:45:00,COMPRESSOR_01,Air Compressor,29.299,7.3248,404.0,47.58,76.83,2.271,2956.3,2984.02,180.52,210.0,RUNNING_OPTIMAL,0,NORMAL,7.5,NORMAL,GOOD
2026-01-13 17:45:00,HVAC_01,HVAC System,36.534,9.1335,406.0,59.04,47.69,1.7,976.0,3305.24,1056.19,1200.0,RUNNING_OPTIMAL,0,NORMAL,7.5,NORMAL,GOOD
2026-01-13 17:45:00,MOTOR_01,Spinning Motor,34.212,8.553,406.2,55.26,65.21,1.934,1488.6,3060.18,39.73,48.0,RUNNING_OPTIMAL,0,NORMAL,7.5,NORMAL,GOOD
2026-01-13 17:45:00,PUMP_01,Water Pump,13.38,3.345,406.3,21.61,54.15,1.508,1444.5,2902.95,25.14,28.0,RUNNING_OPTIMAL,0,NORMAL,7.5,NORMAL,GOOD
2026-01-13 18:00:00,COMPRESSOR_01,Air Compressor,30.99,7.7475,408.5,49.77,76.54,2.344,2957.1,2984.27,192.75,210.0,RUNNING_OPTIMAL,0,NORMAL,10.0,PEAK,GOOD
2026-01-13 18:00:00,HVAC_01,HVAC System,37.65,9.4125,404.7,61.04,47.14,1.629,981.3,3305.49,1110.89,1200.0,RUNNING_OPTIMAL,0,NORMAL,10.0,PEAK,GOOD
2026-01-13 18:00:00,MOTOR_01,Spinning Motor,38.039,9.5098,403.7,61.82,63.94,1.887,1484.1,3060.43,45.54,48.0,RUNNING_OPTIMAL,0,NORMAL,10.0,PEAK,GOOD
2026-01-13 18:00:00,PUMP_01,Water Pump,16.223,4.0558,407.0,26.15,54.04,1.563,1457.0,2903.2,27.94,28.0,RUNNING_OPTIMAL,0,NORMAL,10.0,PEAK,GOOD
2026-01-13 18:15:00,COMPRESSOR_01,Air Compressor,28.182,7.0455,410.4,45.05,76.78,2.255,2960.2,2984.52,176.22,210.0,RUNNING_OPTIMAL,0,NORMAL,10.0,PEAK,GOOD
2026-01-13 18:15:00,HVAC_01,HVAC System,40.198,10.0495,404.8,65.15,46.84,1.649,982.6,3305.74,1118.01,1200.0,RUNNING_OPTIMAL,0,NORMAL,10.0,PEAK,GOOD
2026-01-13 18:15:00,MOTOR_01,Spinning Motor,37.749,9.4372,407.2,60.82,64.22,1.835,1491.3,3060.68,44.75,48.0,RUNNING_OPTIMAL,0,NORMAL,10.0,PEAK,GOOD
2026-01-13 18:15:00,PUMP_01,Water Pump,13.256,3.314,403.6,21.55,53.67,1.499,1452.1,2903.45,23.03,28.0,RUNNING_OPTIMAL,0,NORMAL,10.0,PEAK,GOOD
2026-01-13 18:30:00,COMPRESSOR_01,Air Compressor,29.002,7.2505,412.8,46.09,77.06,2.422,2952.0,2984.77,184.68,210.0,RUNNING_OPTIMAL,0,NORMAL,10.0,PEAK,GOOD
2026-01-13 18:30:00,HVAC_01,HVAC System,39.756,9.939,404.0,64.56,46.3,1.651,983.4,3305.99,1135.05,1200.0,RUNNING_OPTIMAL,0,NORMAL,10.0,PEAK,GOOD
2026-01-13 18:30:00,MOTOR_01,Spinning Motor,37.587,9.3968,402.1,61.33,64.17,1.764,1488.5,3060.93,43.3,48.0,RUNNING_OPTIMAL,0,NORMAL,10.0,PEAK,GOOD
2026-01-13 18:30:00,PUMP_01,Water Pump,14.839,3.7098,411.1,23.68,53.14,1.589,1457.7,2903.7,25.45,28.0,RUNNING_OPTIMAL,0,NORMAL,10.0,PEAK,GOOD
2026-01-13 18:45:00,COMPRESSOR_01,Air Compressor,30.4,7.6,406.2,49.1,77.18,2.406,2950.5,2985.02,190.0,210.0,RUNNING_OPTIMAL,0,NORMAL,10.0,PEAK,GOOD
2026-01-13 18:45:00,HVAC_01,HVAC System,39.1,9.775,407.1,63.01,47.26,1.572,978.0,3306.24,1102.2,1200.0,RUNNING_OPTIMAL,0,NORMAL,10.0,PEAK,GOOD
2026-01-13 18:45:00,MOTOR_01,Spinning Motor,34.288,8.572,407.1,55.26,63.85,1.88,1487.1,3061.18,42.12,48.0,RUNNING_OPTIMAL,0,NORMAL,10.0,PEAK,GOOD
2026-01-13 18:45:00,PUMP_01,Water Pump,13.624,3.406,407.9,21.91,55.15,1.535,1451.6,2903.95,26.21,28.0,RUNNING_OPTIMAL,0,NORMAL,10.0,PEAK,GOOD
2026-01-13 19:00:00,COMPRESSOR_01,Air Compressor,30.389,7.5972,405.8,49.13,75.79,2.227,2955.1,2985.27,190.05,210.0,RUNNING_OPTIMAL,0,NORMAL,10.0,PEAK,GOOD
2026-01-13 19:00:00,HVAC_01,HVAC System,38.508,9.627,405.9,62.24,46.17,1.761,983.0,3306.49,1098.11,1200.0,RUNNING_OPTIMAL,0,NORMAL,10.0,PEAK,GOOD
2026-01-13 19:00:00,MOTOR_01,Spinning Motor,37.91,9.4775,410.2,60.63,62.99,1.983,1483.9,3061.43,42.8,48.0,RUNNING_OPTIMAL,0,NORMAL,10.0,PEAK,GOOD
2026-01-13 19:00:00,PUMP_01,Water Pump,13.63,3.4075,402.3,22.23,52.29,1.438,1454.8,2904.2,24.51,28.0,RUNNING_OPTIMAL,0,NORMAL,10.0,PEAK,GOOD
2026-01-13 19:15:00,COMPRESSOR_01,Air Compressor,29.771,7.4428,405.6,48.16,73.91,2.473,2948.2,2985.52,192.46,210.0,RUNNING_OPTIMAL,0,NORMAL,10.0,PEAK,GOOD
2026-01-13 19:15:00,HVAC_01,HVAC System,36.687,9.1718,406.8,59.17,46.47,1.603,979.1,3306.74,1052.64,1200.0,RUNNING_OPTIMAL,0,NORMAL,10.0,PEAK,GOOD
2026-01-13 19:15:00,MOTOR_01,Spinning Motor,34.109,8.5272,406.1,55.11,61.83,1.919,1485.7,3061.68,42.24,48.0,RUNNING_OPTIMAL,0,NORMAL,10.0,PEAK,GOOD
2026-01-13 19:15:00,PUMP_01,Water Pump,13.981,3.4952,408.3,22.47,51.7,1.533,1455.5,2904.45,24.88,28.0,RUNNING_OPTIMAL,0,NORMAL,10.0,PEAK,GOOD
2026-01-13 19:30:00,COMPRESSOR_01,Air Compressor,26.642,6.6605,406.5,43.0,75.35,2.347,2960.7,2985.77,171.16,210.0,RUNNING_OPTIMAL,0,NORMAL,10.0,PEAK,GOOD
2026-01-13 19:30:00,HVAC_01,HVAC System,37.974,9.4935,405.8,61.39,45.0,1.67,977.5,3306.99,1109.95,1200.0,RUNNING_OPTIMAL,0,NORMAL,10.0,PEAK,GOOD
2026-01-13 19:30:00,MOTOR_01,Spinning Motor,37.083,9.2708,408.8,59.51,64.07,1.862,1482.0,3061.93,45.55,48.0,RUNNING_OPTIMAL,0,NORMAL,10.0,PEAK,GOOD
2026-01-13 19:30:00,PUMP_01,Water Pump,15.369,3.8422,408.9,24.66,52.14,1.43,1454.7,2904.7,27.7,28.0,RUNNING_OPTIMAL,0,NORMAL,10.0,PEAK,GOOD
2026-01-13 19:45:00,COMPRESSOR_01,Air Compressor,31.433,7.8582,404.7,50.96,75.41,2.262,2947.3,2986.02,200.12,210.0,RUNNING_OPTIMAL,0,NORMAL,10.0,PEAK,GOOD
2026-01-13 19:45:00,HVAC_01,HVAC System,34.838,8.7095,408.3,55.98,46.01,1.656,985.6,3307.24,996.7,1200.0,RUNNING_OPTIMAL,0,NORMAL,10.0,PEAK,GOOD
2026-01-13 19:45:00,MOTOR_01,Spinning Motor,33.901,8.4753,405.2,54.89,62.49,1.826,1486.9,3062.18,43.87,48.0,RUNNING_OPTIMAL,0,NORMAL,10.0,PEAK,GOOD
2026-01-13 19:45:00,PUMP_01,Water Pump,15.789,3.9472,411.1,25.2,52.75,1.536,1451.2,2904.95,26.27,28.0,RUNNING_OPTIMAL,0,NORMAL,10.0,PEAK,GOOD
2026-01-13 20:00:00,COMPRESSOR_01,Air Compressor,31.883,7.9708,405.8,51.55,75.14,2.286,2954.9,2986.27,198.67,210.0,RUNNING_OPTIMAL,0,NORMAL,10.0,PEAK,GOOD
2026-01-13 20:00:00,HVAC_01,HVAC System,37.093,9.2733,408.0,59.65,44.15,1.677,981.2,3307.49,1058.22,1200.0,RUNNING_OPTIMAL,0,NORMAL,10.0,PEAK,GOOD
2026-01-13 20:00:00,MOTOR_01,Spinning Motor,37.761,9.4402,408.9,60.59,62.6,2.098,1482.8,3062.43,43.87,48.0,RUNNING_OPTIMAL,0,NORMAL,10.0,PEAK,GOOD
2026-01-13 20:00:00,PUMP_01,Water Pump,14.053,3.5132,406.5,22.68,50.93,1.509,1446.0,2905.2,27.75,28.0,RUNNING_OPTIMAL,0,NORMAL,10.0,PEAK,GOOD
2026-01-13 20:15:00,COMPRESSOR_01,Air Compressor,29.003,7.2508,410.3,46.38,73.84,2.421,2962.4,2986.52,185.0,210.0,RUNNING_OPTIMAL,0,NORMAL,10.0,PEAK,GOOD
2026-01-13 20:15:00,HVAC_01,HVAC System,37.981,9.4952,403.3,61.79,43.85,1.828,983.4,3307.74,1102.19,1200.0,RUNNING_OPTIMAL,0,NORMAL,10.0,PEAK,GOOD
2026-01-13 20:15:00,MOTOR_01,Spinning Motor,38.974,9.7435,408.6,62.58,61.69,2.034,1480.4,3062.68,47.1,48.0,RUNNING_OPTIMAL,0,NORMAL,10.0,PEAK,GOOD
2026-01-13 20:15:00,PUMP_01,Water Pump,14.022,3.5055,404.3,22.75,51.4,1.435,1452.1,2905.45,26.03,28.0,RUNNING_OPTIMAL,0,NORMAL,10.0,PEAK,GOOD
2026-01-13 20:30:00,COMPRESSOR_01,Air Compressor,32.203,8.0508,408.8,51.68,75.14,2.486,2956.1,2986.77,198.34,210.0,RUNNING_OPTIMAL,0,NORMAL,10.0,PEAK,GOOD
2026-01-13 20:30:00,HVAC_01,HVAC System,35.219,8.8048,408.7,56.54,44.23,1.676,973.1,3307.99,1014.82,1200.0,RUNNING_OPTIMAL,0,NORMAL,10.0,PEAK,GOOD
2026-01-13 20:30:00,MOTOR_01,Spinning Motor,37.755,9.4388,408.2,60.68,61.81,1.907,1486.3,3062.93,43.16,48.0,RUNNING_OPTIMAL,0,NORMAL,10.0,PEAK,GOOD
2026-01-13 20:30:00,PUMP_01,Water Pump,13.005,3.2513,407.5,20.94,52.08,1.57,1450.0,2905.7,25.33,28.0,RUNNING_OPTIMAL,0,NORMAL,10.0,PEAK,GOOD
2026-01-13 20:45:00,COMPRESSOR_01,Air Compressor,30.203,7.5508,413.5,47.92,73.73,2.164,2948.0,2987.02,188.63,210.0,RUNNING_OPTIMAL,0,NORMAL,10.0,PEAK,GOOD
2026-01-13 20:45:00,HVAC_01,HVAC System,37.829,9.4572,415.1,59.79,43.59,1.728,979.3,3308.24,1094.18,1200.0,RUNNING_OPTIMAL,0,NORMAL,10.0,PEAK,GOOD
2026-01-13 20:45:00,MOTOR_01,Spinning Motor,34.632,8.658,406.3,55.92,61.34,1.982,1482.0,3063.18,45.51,48.0,RUNNING_OPTIMAL,0,NORMAL,10.0,PEAK,GOOD
2026-01-13 20:45:00,PUMP_01,Water Pump,14.128,3.532,409.7,22.62,51.52,1.42,1448.1,2905.95,24.36,28.0,RUNNING_OPTIMAL,0,NORMAL,10.0,PEAK,GOOD
2026-01-13 21:00:00,COMPRESSOR_01,Air Compressor,16.401,4.1002,410.7,26.2,66.53,1.488,2956.3,2987.27,0.0,42.0,IDLE_UNLOADED,0,NORMAL,10.0,PEAK,GOOD
2026-01-13 21:00:00,HVAC_01,HVAC System,14.798,3.6995,409.9,23.69,36.96,1.178,985.9,3308.49,0.0,240.0,IDLE_UNLOADED,0,NORMAL,10.0,PEAK,GOOD
2026-01-13 21:00:00,MOTOR_01,Spinning Motor,11.814,2.9535,407.6,19.02,54.63,1.367,1486.9,3063.43,0.0,9.6,IDLE_UNLOADED,0,NORMAL,10.0,PEAK,GOOD
2026-01-13 21:00:00,PUMP_01,Water Pump,4.795,1.1988,408.9,7.69,43.13,0.978,1455.8,2906.2,0.0,5.6,IDLE_UNLOADED,0,NORMAL,10.0,PEAK,GOOD
2026-01-13 21:15:00,COMPRESSOR_01,Air Compressor,15.964,3.991,413.9,25.3,65.79,1.492,2951.0,2987.52,0.0,42.0,IDLE_UNLOADED,0,NORMAL,10.0,PEAK,GOOD
2026-01-13 21:15:00,HVAC_01,HVAC System,14.864,3.716,411.6,23.69,36.31,1.11,991.9,3308.74,0.0,240.0,IDLE_UNLOADED,0,NORMAL,10.0,PEAK,GOOD
2026-01-13 21:15:00,MOTOR_01,Spinning Motor,11.404,2.851,413.3,18.1,54.25,1.277,1493.0,3063.68,0.0,9.6,IDLE_UNLOADED,0,NORMAL,10.0,PEAK,GOOD
2026-01-13 21:15:00,PUMP_01,Water Pump,4.29,1.0725,408.6,6.89,43.31,0.978,1455.2,2906.45,0.0,5.6,IDLE_UNLOADED,0,NORMAL,10.0,PEAK,GOOD
2026-01-13 21:30:00,COMPRESSOR_01,Air Compressor,33.978,8.4945,407.1,54.76,73.95,2.297,2948.2,2987.77,214.0,210.0,RUNNING_OPTIMAL,0,NORMAL,10.0,PEAK,GOOD
2026-01-13 21:30:00,HVAC_01,HVAC System,38.959,9.7398,408.4,62.59,43.79,1.774,979.1,3308.99,1089.28,1200.0,RUNNING_OPTIMAL,0,NORMAL,10.0,PEAK,GOOD
2026-01-13 21:30:00,MOTOR_01,Spinning Motor,34.094,8.5235,408.0,54.82,59.94,1.873,1486.4,3063.93,45.63,48.0,RUNNING_OPTIMAL,0,NORMAL,10.0,PEAK,GOOD
2026-01-13 21:30:00,PUMP_01,Water Pump,13.682,3.4205,412.4,21.77,51.16,1.496,1446.6,2906.7,27.94,28.0,RUNNING_OPTIMAL,0,NORMAL,10.0,PEAK,GOOD
2026-01-13 21:45:00,COMPRESSOR_01,Air Compressor,30.836,7.709,409.0,49.46,74.19,2.236,2950.0,2988.02,196.47,210.0,RUNNING_OPTIMAL,0,NORMAL,10.0,PEAK,GOOD
2026-01-13 21:45:00,HVAC_01,HVAC System,40.214,10.0535,409.8,64.38,43.76,1.731,981.8,3309.24,1123.27,1200.0,RUNNING_OPTIMAL,0,NORMAL,10.0,PEAK,GOOD
2026-01-13 21:45:00,MOTOR_01,Spinning Motor,37.999,9.4998,415.4,60.02,60.33,1.998,1482.8,3064.18,46.38,48.0,RUNNING_OPTIMAL,0,NORMAL,10.0,PEAK,GOOD
2026-01-13 21:45:00,PUMP_01,Water Pump,15.258,3.8145,415.1,24.12,49.73,1.446,1451.4,2906.95,24.56,28.0,RUNNING_OPTIMAL,0,NORMAL,10.0,PEAK,GOOD
2026-01-13 22:00:00,COMPRESSOR_01,Air Compressor,33.056,8.264,408.3,53.12,71.64,2.333,2953.9,2988.27,206.76,210.0,RUNNING_OPTIMAL,0,NORMAL,5.5,OFF_PEAK,GOOD
2026-01-13 22:00:00,HVAC_01,HVAC System,40.01,10.0025,413.7,63.45,43.08,1.806,984.2,3309.49,1145.7,1200.0,RUNNING_OPTIMAL,0,NORMAL,5.5,OFF_PEAK,GOOD
2026-01-13 22:00:00,MOTOR_01,Spinning Motor,39.349,9.8372,408.9,63.14,60.65,2.053,1476.8,3064.43,48.79,48.0,RUNNING_OPTIMAL,0,NORMAL,5.5,OFF_PEAK,GOOD
2026-01-13 22:00:00,PUMP_01,Water Pump,15.789,3.9472,409.5,25.3,48.67,1.442,1457.8,2907.2,23.55,28.0,RUNNING_OPTIMAL,0,NORMAL,5.5,OFF_PEAK,GOOD
2026-01-13 22:15:00,COMPRESSOR_01,Air Compressor,31.751,7.9378,410.1,50.8,71.51,2.404,2949.2,2988.52,192.69,210.0,RUNNING_OPTIMAL,0,NORMAL,5.5,OFF_PEAK,GOOD
2026-01-13 22:15:00,HVAC_01,HVAC System,41.277,10.3192,414.6,65.32,42.79,1.85,979.3,3309.74,1204.29,1200.0,RUNNING_OPTIMAL,0,NORMAL,5.5,OFF_PEAK,GOOD
2026-01-13 22:15:00,MOTOR_01,Spinning Motor,37.132,9.283,407.6,59.77,59.17,1.764,1484.8,3064.68,45.11,48.0,RUNNING_OPTIMAL,0,NORMAL,5.5,OFF_PEAK,GOOD
2026-01-13 22:15:00,PUMP_01,Water Pump,15.041,3.7602,413.1,23.89,49.8,1.513,1453.4,2907.45,26.58,28.0,RUNNING_OPTIMAL,0,NORMAL,5.5,OFF_PEAK,GOOD
2026-01-13 22:30:00,COMPRESSOR_01,Air Compressor,29.142,7.2855,405.7,47.13,72.47,2.394,2955.4,2988.77,191.42,210.0,RUNNING_OPTIMAL,0,NORMAL,5.5,OFF_PEAK,GOOD
2026-01-13 22:30:00,HVAC_01,HVAC System,38.602,9.6505,411.5,61.55,41.21,1.786,986.5,3309.99,1124.37,1200.0,RUNNING_OPTIMAL,0,NORMAL,5.5,OFF_PEAK,GOOD
2026-01-13 22:30:00,MOTOR_01,Spinning Motor,38.153,9.5382,410.4,60.99,57.44,1.872,1483.3,3064.93,46.6,48.0,RUNNING_OPTIMAL,0,NORMAL,5.5,OFF_PEAK,GOOD
2026-01-13 22:30:00,PUMP_01,Water Pump,15.036,3.759,409.3,24.1,50.12,1.479,1454.3,2907.7,24.85,28.0,RUNNING_OPTIMAL,0,NORMAL,5.5,OFF_PEAK,GOOD
2026-01-13 22:45:00,COMPRESSOR_01,Air Compressor,32.01,8.0025,412.2,50.95,72.93,2.217,2946.8,2989.02,201.58,210.0,RUNNING_OPTIMAL,0,NORMAL,5.5,OFF_PEAK,GOOD
2026-01-13 22:45:00,HVAC_01,HVAC System,39.316,9.829,405.1,63.67,41.97,1.831,987.9,3310.24,1111.14,1200.0,RUNNING_OPTIMAL,0,NORMAL,5.5,OFF_PEAK,GOOD
2026-01-13 22:45:00,MOTOR_01,Spinning Motor,39.759,9.9398,407.3,64.04,59.79,1.947,1475.6,3065.18,47.28,48.0,RUNNING_OPTIMAL,0,NORMAL,5.5,OFF_PEAK,GOOD
2026-01-13 22:45:00,PUMP_01,Water Pump,15.68,3.92,410.1,25.08,49.84,1.638,1443.0,2907.95,27.23,28.0,RUNNING_OPTIMAL,0,NORMAL,5.5,OFF_PEAK,GOOD
2026-01-13 23:00:00,COMPRESSOR_01,Air Compressor,32.105,8.0262,415.0,50.76,72.1,2.367,2952.2,2989.27,204.63,210.0,RUNNING_OPTIMAL,0,NORMAL,5.5,OFF_PEAK,GOOD
2026-01-13 23:00:00,HVAC_01,HVAC System,42.549,10.6372,409.4,68.19,43.13,1.682,978.0,3310.49,1195.87,1200.0,RUNNING_OPTIMAL,0,NORMAL,5.5,OFF_PEAK,GOOD
2026-01-13 23:00:00,MOTOR_01,Spinning Motor,37.303,9.3258,413.1,59.24,59.02,1.915,1483.7,3065.43,46.38,48.0,RUNNING_OPTIMAL,0,NORMAL,5.5,OFF_PEAK,GOOD
2026-01-13 23:00:00,PUMP_01,Water Pump,16.738,4.1845,414.0,26.53,48.2,1.495,1453.9,2908.2,27.4,28.0,RUNNING_OPTIMAL,0,NORMAL,5.5,OFF_PEAK,GOOD
2026-01-13 23:15:00,COMPRESSOR_01,Air Compressor,33.905,8.4762,415.9,53.48,71.94,2.398,2946.1,2989.52,213.86,210.0,RUNNING_OPTIMAL,0,NORMAL,5.5,OFF_PEAK,GOOD
2026-01-13 23:15:00,HVAC_01,HVAC System,42.428,10.607,414.9,67.09,41.43,1.688,981.8,3310.74,1176.42,1200.0,RUNNING_OPTIMAL,0,NORMAL,5.5,OFF_PEAK,GOOD
2026-01-13 23:15:00,MOTOR_01,Spinning Motor,40.165,10.0412,419.1,62.88,58.94,1.804,1489.8,3065.68,49.04,48.0,RUNNING_OPTIMAL,0,NORMAL,5.5,OFF_PEAK,GOOD
2026-01-13 23:15:00,PUMP_01,Water Pump,14.42,3.605,410.3,23.06,48.29,1.428,1449.4,2908.45,28.2,28.0,RUNNING_OPTIMAL,0,NORMAL,5.5,OFF_PEAK,GOOD
2026-01-13 23:30:00,COMPRESSOR_01,Air Compressor,34.209,8.5523,410.9,54.62,72.13,2.367,2942.0,2989.77,219.1,210.0,RUNNING_OPTIMAL,0,NORMAL,5.5,OFF_PEAK,GOOD
2026-01-13 23:30:00,HVAC_01,HVAC System,44.84,11.21,414.6,70.96,42.25,1.698,977.6,3310.99,1260.72,1200.0,RUNNING_OPTIMAL,0,NORMAL,5.5,OFF_PEAK,GOOD
2026-01-13 23:30:00,MOTOR_01,Spinning Motor,40.236,10.059,409.0,64.54,58.91,1.913,1484.2,3065.93,49.11,48.0,RUNNING_OPTIMAL,0,NORMAL,5.5,OFF_PEAK,GOOD
2026-01-13 23:30:00,PUMP_01,Water Pump,16.87,4.2175,415.3,26.65,50.02,1.482,1451.2,2908.7,29.88,28.0,RUNNING_OPTIMAL,0,NORMAL,5.5,OFF_PEAK,GOOD
2026-01-13 23:45:00,COMPRESSOR_01,Air Compressor,31.843,7.9608,414.7,50.38,71.84,2.263,2954.2,2990.02,197.83,210.0,RUNNING_OPTIMAL,0,NORMAL,5.5,OFF_PEAK,GOOD
2026-01-13 23:45:00,HVAC_01,HVAC System,42.0,10.5,412.5,66.8,43.3,1.735,969.1,3311.24,1237.79,1200.0,RUNNING_OPTIMAL,0,NORMAL,5.5,OFF_PEAK,GOOD
2026-01-13 23:45:00,MOTOR_01,Spinning Motor,38.29,9.5725,406.8,61.75,57.75,2.051,1491.4,3066.18,46.4,48.0,RUNNING_OPTIMAL,0,NORMAL,5.5,OFF_PEAK,GOOD
2026-01-13 23:45:00,PUMP_01,Water Pump,15.852,3.963,412.2,25.23,49.82,1.598,1449.5,2908.95,24.14,28.0,RUNNING_OPTIMAL,0,NORMAL,5.5,OFF_PEAK,GOOD
2026-01-14 00:00:00,COMPRESSOR_01,Air Compressor,30.631,7.6578,416.3,48.27,70.92,2.298,2957.9,2990.27,195.71,210.0,RUNNING_OPTIMAL,0,NORMAL,5.5,OFF_PEAK,GOOD
2026-01-14 00:00:00,HVAC_01,HVAC System,45.478,11.3695,415.3,71.84,41.49,1.729,976.5,3311.49,1279.87,1200.0,RUNNING_OPTIMAL,0,NORMAL,5.5,OFF_PEAK,GOOD
2026-01-14 00:00:00,MOTOR_01,Spinning Motor,36.822,9.2055,414.5,58.28,57.96,1.881,1488.6,3066.43,44.99,48.0,RUNNING_OPTIMAL,0,NORMAL,5.5,OFF_PEAK,GOOD
2026-01-14 00:00:00,PUMP_01,Water Pump,16.623,4.1558,416.1,26.21,48.16,1.43,1445.6,2909.2,30.35,28.0,RUNNING_OPTIMAL,0,NORMAL,5.5,OFF_PEAK,GOOD
2026-01-14 00:15:00,COMPRESSOR_01,Air Compressor,34.502,8.6255,414.5,54.61,71.59,2.347,2939.6,2990.52,217.4,210.0,RUNNING_OPTIMAL,0,NORMAL,5.5,OFF_PEAK,GOOD
2026-01-14 00:15:00,HVAC_01,HVAC System,40.879,10.2198,410.9,65.27,41.35,1.65,985.9,3311.74,1150.78,1200.0,RUNNING_OPTIMAL,0,NORMAL,5.5,OFF_PEAK,GOOD
2026-01-14 00:15:00,MOTOR_01,Spinning Motor,39.797,9.9492,415.5,62.84,57.94,1.937,1477.3,3066.68,49.46,48.0,RUNNING_OPTIMAL,0,NORMAL,5.5,OFF_PEAK,GOOD
2026-01-14 00:15:00,PUMP_01,Water Pump,15.156,3.789,413.1,24.07,49.39,1.384,1451.4,2909.45,28.39,28.0,RUNNING_OPTIMAL,0,NORMAL,5.5,OFF_PEAK,GOOD
2026-01-14 00:30:00,COMPRESSOR_01,Air Compressor,33.074,8.2685,417.0,52.04,70.22,2.305,2949.6,2990.77,211.9,210.0,RUNNING_OPTIMAL,0,NORMAL,5.5,OFF_PEAK,GOOD
2026-01-14 00:30:00,HVAC_01,HVAC System,42.319,10.5798,418.4,66.36,40.43,1.661,984.4,3311.99,1215.91,1200.0,RUNNING_OPTIMAL,0,NORMAL,5.5,OFF_PEAK,GOOD
2026-01-14 00:30:00,MOTOR_01,Spinning Motor,40.241,10.0602,410.5,64.32,58.94,2.003,1476.6,3066.93,49.2,48.0,RUNNING_OPTIMAL,0,NORMAL,5.5,OFF_PEAK,GOOD
2026-01-14 00:30:00,PUMP_01,Water Pump,16.271,4.0678,415.8,25.67,46.54,1.505,1445.6,2909.7,28.61,28.0,RUNNING_OPTIMAL,0,NORMAL,5.5,OFF_PEAK,GOOD
2026-01-14 00:45:00,COMPRESSOR_01,Air Compressor,35.802,8.9505,419.4,56.01,71.45,2.495,2960.7,2991.02,218.93,210.0,RUNNING_OPTIMAL,0,NORMAL,5.5,OFF_PEAK,GOOD
2026-01-14 00:45:00,HVAC_01,HVAC System,43.201,10.8002,417.1,67.95,40.24,1.656,983.3,3312.24,1217.8,1200.0,RUNNING_OPTIMAL,0,NORMAL,5.5,OFF_PEAK,GOOD
2026-01-14 00:45:00,MOTOR_01,Spinning Motor,41.835,10.4588,411.5,66.7,59.25,2.036,1479.0,3067.18,47.9,48.0,RUNNING_OPTIMAL,0,NORMAL,5.5,OFF_PEAK,GOOD
2026-01-14 00:45:00,PUMP_01,Water Pump,14.297,3.5742,418.5,22.41,47.92,1.47,1453.1,2909.95,26.84,28.0,RUNNING_OPTIMAL,0,NORMAL,5.5,OFF_PEAK,GOOD
2026-01-14 01:00:00,COMPRESSOR_01,Air Compressor,33.35,8.3375,416.3,52.56,70.5,2.396,2949.0,2991.27,213.81,210.0,RUNNING_OPTIMAL,0,NORMAL,5.5,OFF_PEAK,GOOD
2026-01-14 01:00:00,HVAC_01,HVAC System,45.737,11.4342,415.6,72.2,41.35,1.746,979.7,3312.49,1288.76,1200.0,RUNNING_OPTIMAL,0,NORMAL,5.5,OFF_PEAK,GOOD
2026-01-14 01:00:00,MOTOR_01,Spinning Motor,40.802,10.2005,414.0,64.66,58.03,1.995,1478.3,3067.43,49.81,48.0,RUNNING_OPTIMAL,0,NORMAL,5.5,OFF_PEAK,GOOD
2026-01-14 01:00:00,PUMP_01,Water Pump,14.036,3.509,412.4,22.33,47.71,1.513,1448.2,2910.2,26.17,28.0,RUNNING_OPTIMAL,0,NORMAL,5.5,OFF_PEAK,GOOD
2026-01-14 01:15:00,COMPRESSOR_01,Air Compressor,34.243,8.5608,414.2,54.24,70.44,2.434,2939.0,2991.52,217.91,210.0,RUNNING_OPTIMAL,0,NORMAL,5.5,OFF_PEAK,GOOD
2026-01-14 01:15:00,HVAC_01,HVAC System,45.814,11.4535,419.0,71.74,41.45,1.767,981.0,3312.74,1271.82,1200.0,RUNNING_OPTIMAL,0,NORMAL,5.5,OFF_PEAK,GOOD
2026-01-14 01:15:00,MOTOR_01,Spinning Motor,40.65,10.1625,413.9,64.43,57.74,1.977,1489.4,3067.68,47.81,48.0,RUNNING_OPTIMAL,0,NORMAL,5.5,OFF_PEAK,GOOD
2026-01-14 01:15:00,PUMP_01,Water Pump,14.991,3.7478,414.6,23.72,45.98,1.511,1444.9,2910.45,29.64,28.0,RUNNING_OPTIMAL,0,NORMAL,5.5,OFF_PEAK,GOOD
2026-01-14 01:30:00,COMPRESSOR_01,Air Compressor,32.601,8.1502,419.9,50.94,69.57,2.486,2945.2,2991.77,214.23,210.0,RUNNING_OPTIMAL,0,NORMAL,5.5,OFF_PEAK,GOOD
2026-01-14 01:30:00,HVAC_01,HVAC System,40.538,10.1345,416.1,63.92,115.0,1.748,971.4,3312.99,1183.77,1200.0,RUNNING_OPTIMAL,1,SENSOR_GLITCH,5.5,OFF_PEAK,GOOD
2026-01-14 01:30:00,MOTOR_01,Spinning Motor,41.614,10.4035,418.6,65.22,57.88,1.984,1482.3,3067.93,47.13,48.0,RUNNING_OPTIMAL,0,NORMAL,5.5,OFF_PEAK,GOOD
2026-01-14 01:30:00,PUMP_01,Water Pump,17.645,4.4112,416.1,27.82,48.51,1.61,1443.9,2910.7,28.92,28.0,RUNNING_OPTIMAL,0,NORMAL,5.5,OFF_PEAK,GOOD
2026-01-14 01:45:00,COMPRESSOR_01,Air Compressor,32.632,8.158,417.7,51.25,70.47,2.395,2947.4,2992.02,209.38,210.0,RUNNING_OPTIMAL,0,NORMAL,5.5,OFF_PEAK,GOOD
2026-01-14 01:45:00,HVAC_01,HVAC System,44.065,11.0162,415.5,69.58,40.41,1.753,980.8,3313.24,1230.24,1200.0,RUNNING_OPTIMAL,0,NORMAL,5.5,OFF_PEAK,GOOD
2026-01-14 01:45:00,MOTOR_01,Spinning Motor,39.515,9.8788,416.6,62.23,57.55,1.907,1485.5,3068.18,50.32,48.0,RUNNING_OPTIMAL,0,NORMAL,5.5,OFF_PEAK,GOOD
2026-01-14 01:45:00,PUMP_01,Water Pump,15.702,3.9255,418.5,24.62,47.38,1.437,1451.3,2910.95,30.04,28.0,RUNNING_OPTIMAL,0,NORMAL,5.5,OFF_PEAK,GOOD
2026-01-14 02:00:00,COMPRESSOR_01,Air Compressor,34.002,8.5005,423.4,52.69,70.15,2.385,2945.7,2992.27,217.21,210.0,RUNNING_OPTIMAL,0,NORMAL,5.5,OFF_PEAK,GOOD
2026-01-14 02:00:00,HVAC_01,HVAC System,45.565,11.3912,423.6,70.57,41.09,1.704,978.2,3313.49,1317.12,1200.0,RUNNING_OPTIMAL,0,NORMAL,5.5,OFF_PEAK,GOOD
2026-01-14 02:00:00,MOTOR_01,Spinning Motor,41.839,10.4598,416.8,65.86,57.89,1.986,1482.4,3068.43,51.76,48.0,RUNNING_OPTIMAL,0,NORMAL,5.5,OFF_PEAK,GOOD
2026-01-14 02:00:00,PUMP_01,Water Pump,15.003,3.7508,413.3,23.82,48.14,1.503,1450.6,2911.2,29.9,28.0,RUNNING_OPTIMAL,0,NORMAL,5.5,OFF_PEAK,GOOD
2026-01-14 02:15:00,COMPRESSOR_01,Air Compressor,35.613,8.9032,416.6,56.08,70.63,2.374,2947.0,2992.52,218.53,210.0,RUNNING_OPTIMAL,0,NORMAL,5.5,OFF_PEAK,GOOD
2026-01-14 02:15:00,HVAC_01,HVAC System,41.822,10.4555,421.5,65.1,40.09,1.74,979.4,3313.74,1174.96,1200.0,RUNNING_OPTIMAL,0,NORMAL,5.5,OFF_PEAK,GOOD
2026-01-14 02:15:00,MOTOR_01,Spinning Motor,38.136,9.534,420.6,59.49,57.07,1.952,1486.3,3068.68,49.67,48.0,RUNNING_OPTIMAL,0,NORMAL,5.5,OFF_PEAK,GOOD
2026-01-14 02:15:00,PUMP_01,Water Pump,16.922,4.2305,421.2,26.36,46.91,1.553,1456.6,2911.45,28.72,28.0,RUNNING_OPTIMAL,0,NORMAL,5.5,OFF_PEAK,GOOD
2026-01-14 02:30:00,COMPRESSOR_01,Air Compressor,33.813,8.4532,421.0,52.69,70.83,2.378,2952.1,2992.77,209.98,210.0,RUNNING_OPTIMAL,0,NORMAL,5.5,OFF_PEAK,GOOD
2026-01-14 02:30:00,HVAC_01,HVAC System,43.4,10.85,419.8,67.83,41.66,1.702,978.2,3313.99,1255.14,1200.0,RUNNING_OPTIMAL,0,NORMAL,5.5,OFF_PEAK,GOOD
2026-01-14 02:30:00,MOTOR_01,Spinning Motor,43.648,10.912,418.8,68.38,57.35,2.004,1470.8,3068.93,49.32,48.0,RUNNING_OPTIMAL,0,NORMAL,5.5,OFF_PEAK,GOOD
2026-01-14 02:30:00,PUMP_01,Water Pump,17.727,4.4318,418.0,27.82,48.13,1.483,1453.9,2911.7,27.91,28.0,RUNNING_OPTIMAL,0,NORMAL,5.5,OFF_PEAK,GOOD
2026-01-14 02:45:00,COMPRESSOR_01,Air Compressor,33.103,8.2758,418.3,51.92,70.52,2.354,2945.8,2993.02,211.14,210.0,RUNNING_OPTIMAL,0,NORMAL,5.5,OFF_PEAK,GOOD
2026-01-14 02:45:00,HVAC_01,HVAC System,42.863,10.7158,417.7,67.32,40.57,1.779,978.4,3314.24,1222.52,1200.0,RUNNING_OPTIMAL,0,NORMAL,5.5,OFF_PEAK,GOOD
2026-01-14 02:45:00,MOTOR_01,Spinning Motor,41.662,10.4155,414.8,65.9,58.48,1.971,1482.8,3069.18,51.78,48.0,RUNNING_OPTIMAL,0,NORMAL,5.5,OFF_PEAK,GOOD
2026-01-14 02:45:00,PUMP_01,Water Pump,17.809,4.4522,416.3,28.07,48.23,1.663,1450.6,2911.95,28.87,28.0,RUNNING_OPTIMAL,0,NORMAL,5.5,OFF_PEAK,GOOD
2026-01-14 03:00:00,COMPRESSOR_01,Air Compressor,36.782,9.1955,424.3,56.87,70.91,2.363,2935.2,2993.27,224.33,210.0,RUNNING_OPTIMAL,0,NORMAL,5.5,OFF_PEAK,GOOD
2026-01-14 03:00:00,HVAC_01,HVAC System,48.705,12.1762,419.0,76.26,40.95,1.834,973.9,3314.49,1345.62,1200.0,RUNNING_OPTIMAL,0,NORMAL,5.5,OFF_PEAK,GOOD
2026-01-14 03:00:00,MOTOR_01,Spinning Motor,41.347,10.3368,421.5,64.36,57.67,1.761,1485.3,3069.43,52.23,48.0,RUNNING_OPTIMAL,0,NORMAL,5.5,OFF_PEAK,GOOD
2026-01-14 03:00:00,PUMP_01,Water Pump,17.291,4.3228,422.0,26.88,46.83,1.416,1434.5,2912.2,30.64,28.0,RUNNING_OPTIMAL,0,NORMAL,5.5,OFF_PEAK,GOOD
2026-01-14 03:15:00,COMPRESSOR_01,Air Compressor,37.124,9.281,420.7,57.89,70.47,2.235,2943.9,2993.52,226.49,210.0,RUNNING_OPTIMAL,0,NORMAL,5.5,OFF_PEAK,GOOD
2026-01-14 03:15:00,HVAC_01,HVAC System,44.489,11.1222,420.4,69.43,40.29,1.73,979.6,3314.74,1270.21,1200.0,RUNNING_OPTIMAL,0,NORMAL,5.5,OFF_PEAK,GOOD
2026-01-14 03:15:00,MOTOR_01,Spinning Motor,44.369,11.0922,419.7,69.36,58.69,1.881,1481.8,3069.68,53.16,48.0,RUNNING_OPTIMAL,0,NORMAL,5.5,OFF_PEAK,GOOD
2026-01-14 03:15:00,PUMP_01,Water Pump,16.419,4.1048,417.2,25.82,47.7,1.476,1452.0,2912.45,27.67,28.0,RUNNING_OPTIMAL,0,NORMAL,5.5,OFF_PEAK,GOOD
2026-01-14 03:30:00,COMPRESSOR_01,Air Compressor,35.055,8.7638,423.6,54.29,70.56,2.464,2953.3,2993.77,222.0,210.0,RUNNING_OPTIMAL,0,NORMAL,5.5,OFF_PEAK,GOOD
2026-01-14 03:30:00,HVAC_01,HVAC System,46.158,11.5395,421.3,71.88,40.35,1.846,981.0,3314.99,1297.12,1200.0,RUNNING_OPTIMAL,0,NORMAL,5.5,OFF_PEAK,GOOD
2026-01-14 03:30:00,MOTOR_01,Spinning Motor,42.941,10.7352,422.2,66.73,58.59,1.828,1476.4,3069.93,51.31,48.0,RUNNING_OPTIMAL,0,NORMAL,5.5,OFF_PEAK,GOOD
2026-01-14 03:30:00,PUMP_01,Water Pump,17.692,4.423,421.1,27.56,49.37,1.576,1442.0,2912.7,31.8,28.0,RUNNING_OPTIMAL,0,NORMAL,5.5,OFF_PEAK,GOOD
2026-01-14 03:45:00,COMPRESSOR_01,Air Compressor,37.065,9.2662,419.9,57.91,71.99,2.412,2945.5,2994.02,234.21,210.0,RUNNING_OPTIMAL,0,NORMAL,5.5,OFF_PEAK,GOOD
2026-01-14 03:45:00,HVAC_01,HVAC System,44.759,11.1898,419.5,70.0,40.55,1.722,980.7,3315.24,1263.17,1200.0,RUNNING_OPTIMAL,0,NORMAL,5.5,OFF_PEAK,GOOD
2026-01-14 03:45:00,MOTOR_01,Spinning Motor,40.351,10.0878,419.9,63.05,57.49,2.007,1486.0,3070.18,49.68,48.0,RUNNING_OPTIMAL,0,NORMAL,5.5,OFF_PEAK,GOOD
2026-01-14 03:45:00,PUMP_01,Water Pump,18.195,4.5488,416.2,28.68,48.95,1.35,1447.9,2912.95,30.63,28.0,RUNNING_OPTIMAL,0,NORMAL,5.5,OFF_PEAK,GOOD
2026-01-14 04:00:00,COMPRESSOR_01,Air Compressor,36.132,9.033,422.0,56.17,70.74,2.332,2944.8,2994.27,218.54,210.0,RUNNING_OPTIMAL,0,NORMAL,5.5,OFF_PEAK,GOOD
2026-01-14 04:00:00,HVAC_01,HVAC System,44.016,11.004,425.1,67.93,40.73,1.683,974.7,3315.49,1275.58,1200.0,RUNNING_OPTIMAL,0,NORMAL,5.5,OFF_PEAK,GOOD
2026-01-14 04:00:00,MOTOR_01,Spinning Motor,42.546,10.6365,420.6,66.37,58.6,1.916,1485.0,3070.43,52.88,48.0,RUNNING_OPTIMAL,0,NORMAL,5.5,OFF_PEAK,GOOD
2026-01-14 04:00:00,PUMP_01,Water Pump,18.577,4.6443,423.7,28.77,49.5,1.572,1438.9,2913.2,32.91,28.0,RUNNING_OPTIMAL,0,NORMAL,5.5,OFF_PEAK,GOOD
2026-01-14 04:15:00,COMPRESSOR_01,Air Compressor,37.502,9.3755,420.0,58.58,72.18,2.264,2946.7,2994.52,225.12,210.0,RUNNING_OPTIMAL,0,NORMAL,5.5,OFF_PEAK,GOOD
2026-01-14 04:15:00,HVAC_01,HVAC System,42.639,10.6598,422.0,66.29,42.82,1.696,979.9,3315.74,1255.73,1200.0,RUNNING_OPTIMAL,0,NORMAL,5.5,OFF_PEAK,GOOD
2026-01-14 04:15:00,MOTOR_01,Spinning Motor,38.53,9.6325,420.2,60.16,57.59,1.877,1480.9,3070.68,48.89,48.0,RUNNING_OPTIMAL,0,NORMAL,5.5,OFF_PEAK,GOOD
2026-01-14 04:15:00,PUMP_01,Water Pump,18.544,4.636,423.0,28.76,49.05,1.592,1450.7,2913.45,34.29,28.0,RUNNING_OPTIMAL,0,NORMAL,5.5,OFF_PEAK,GOOD
2026-01-14 04:30:00,COMPRESSOR_01,Air Compressor,33.714,8.4285,424.8,52.07,72.19,2.376,2940.5,2994.77,220.2,210.0,RUNNING_OPTIMAL,0,NORMAL,5.5,OFF_PEAK,GOOD
2026-01-14 04:30:00,HVAC_01,HVAC System,43.711,10.9278,420.3,68.23,41.03,1.616,974.0,3315.99,1288.49,1200.0,RUNNING_OPTIMAL,0,NORMAL,5.5,OFF_PEAK,GOOD
2026-01-14 04:30:00,MOTOR_01,Spinning Motor,42.046,10.5115,419.1,65.82,59.48,1.87,1488.2,3070.93,53.25,48.0,RUNNING_OPTIMAL,0,NORMAL,5.5,OFF_PEAK,GOOD
2026-01-14 04:30:00,PUMP_01,Water Pump,17.489,4.3722,425.0,27.0,48.06,1.701,1440.2,2913.7,28.55,28.0,RUNNING_OPTIMAL,0,NORMAL,5.5,OFF_PEAK,GOOD
2026-01-14 04:45:00,COMPRESSOR_01,Air Compressor,36.51,9.1275,423.4,56.57,71.43,2.426,2940.7,2995.02,228.83,210.0,RUNNING_OPTIMAL,0,NORMAL,5.5,OFF_PEAK,GOOD
2026-01-14 04:45:00,HVAC_01,HVAC System,46.929,11.7322,419.6,73.38,42.62,1.878,978.7,3316.24,1340.6,1200.0,RUNNING_OPTIMAL,0,NORMAL,5.5,OFF_PEAK,GOOD
2026-01-14 04:45:00,MOTOR_01,Spinning Motor,40.656,10.164,421.6,63.27,57.9,1.917,1477.4,3071.18,50.48,48.0,RUNNING_OPTIMAL,0,NORMAL,5.5,OFF_PEAK,GOOD
2026-01-14 04:45:00,PUMP_01,Water Pump,15.386,3.8465,420.2,24.02,49.73,1.642,1443.0,2913.95,27.66,28.0,RUNNING_OPTIMAL,0,NORMAL,5.5,OFF_PEAK,GOOD
2026-01-14 05:00:00,COMPRESSOR_01,Air Compressor,37.67,9.4175,420.5,58.77,71.2,2.319,2946.6,2995.27,229.93,210.0,RUNNING_OPTIMAL,0,NORMAL,5.5,OFF_PEAK,GOOD
2026-01-14 05:00:00,HVAC_01,HVAC System,47.168,11.792,428.5,72.22,44.36,1.664,978.6,3316.49,1364.35,1200.0,RUNNING_OPTIMAL,0,NORMAL,5.5,OFF_PEAK,GOOD
2026-01-14 05:00:00,MOTOR_01,Spinning Motor,41.379,10.3448,423.3,64.13,59.98,1.91,1484.6,3071.43,50.1,48.0,RUNNING_OPTIMAL,0,NORMAL,5.5,OFF_PEAK,GOOD
2026-01-14 05:00:00,PUMP_01,Water Pump,16.282,4.0705,419.3,25.48,49.21,1.491,1447.6,2914.2,28.74,28.0,RUNNING_OPTIMAL,0,NORMAL,5.5,OFF_PEAK,GOOD
2026-01-14 05:15:00,COMPRESSOR_01,Air Compressor,35.374,8.8435,419.4,55.34,72.3,2.458,2943.8,2995.52,223.11,210.0,RUNNING_OPTIMAL,0,NORMAL,5.5,OFF_PEAK,GOOD
2026-01-14 05:15:00,HVAC_01,HVAC System,42.012,10.503,423.3,65.12,41.31,1.77,974.5,3316.74,1230.16,1200.0,RUNNING_OPTIMAL,0,NORMAL,5.5,OFF_PEAK,GOOD
2026-01-14 05:15:00,MOTOR_01,Spinning Motor,43.965,10.9913,422.9,68.21,60.94,1.937,1476.7,3071.68,53.85,48.0,RUNNING_OPTIMAL,0,NORMAL,5.5,OFF_PEAK,GOOD
2026-01-14 05:15:00,PUMP_01,Water Pump,18.24,4.56,423.1,28.28,50.24,1.549,1454.5,2914.45,28.79,28.0,RUNNING_OPTIMAL,0,NORMAL,5.5,OFF_PEAK,GOOD
2026-01-14 05:30:00,COMPRESSOR_01,Air Compressor,37.007,9.2518,421.9,57.55,73.27,2.353,2937.5,2995.77,235.14,210.0,RUNNING_OPTIMAL,0,NORMAL,5.5,OFF_PEAK,GOOD
2026-01-14 05:30:00,HVAC_01,HVAC System,45.478,11.3695,422.8,70.57,42.61,1.762,979.5,3316.99,1304.88,1200.0,RUNNING_OPTIMAL,0,NORMAL,5.5,OFF_PEAK,GOOD
2026-01-14 05:30:00,MOTOR_01,Spinning Motor,39.488,9.872,425.2,60.93,59.5,1.905,1482.7,3071.93,50.44,48.0,RUNNING_OPTIMAL,0,NORMAL,5.5,OFF_PEAK,GOOD
2026-01-14 05:30:00,PUMP_01,Water Pump,17.714,4.4285,418.9,27.74,49.87,1.501,1447.1,2914.7,31.63,28.0,RUNNING_OPTIMAL,0,NORMAL,5.5,OFF_PEAK,GOOD
2026-01-14 05:45:00,COMPRESSOR_01,Air Compressor,37.94,9.485,423.8,58.73,71.91,2.351,2943.6,2996.02,237.33,210.0,RUNNING_OPTIMAL,0,NORMAL,5.5,OFF_PEAK,GOOD
2026-01-14 05:45:00,HVAC_01,HVAC System,45.477,11.3692,419.7,71.09,43.14,1.783,974.8,3317.24,1307.76,1200.0,RUNNING_OPTIMAL,0,NORMAL,5.5,OFF_PEAK,GOOD
2026-01-14 05:45:00,MOTOR_01,Spinning Motor,42.732,10.683,423.1,66.26,59.69,1.921,1481.3,3072.18,51.22,48.0,RUNNING_OPTIMAL,0,NORMAL,5.5,OFF_PEAK,GOOD
2026-01-14 05:45:00,PUMP_01,Water Pump,17.772,4.443,426.1,27.36,49.0,1.457,1449.4,2914.95,29.55,28.0,RUNNING_OPTIMAL,0,NORMAL,5.5,OFF_PEAK,GOOD
2026-01-14 06:00:00,COMPRESSOR_01,Air Compressor,37.936,9.484,425.3,58.52,73.75,2.505,2940.8,2996.27,238.99,210.0,RUNNING_OPTIMAL,0,NORMAL,7.5,NORMAL,GOOD
2026-01-14 06:00:00,HVAC_01,HVAC System,44.713,11.1782,426.5,68.78,45.29,1.864,970.6,3317.49,1300.53,1200.0,RUNNING_OPTIMAL,0,NORMAL,7.5,NORMAL,GOOD
2026-01-14 06:00:00,MOTOR_01,Spinning Motor,41.695,10.4238,422.7,64.72,61.14,1.88,1489.7,3072.43,52.01,48.0,RUNNING_OPTIMAL,0,NORMAL,7.5,NORMAL,GOOD
2026-01-14 06:00:00,PUMP_01,Water Pump,17.899,4.4748,426.9,27.51,51.36,1.564,1454.5,2915.2,32.99,28.0,RUNNING_OPTIMAL,0,NORMAL,7.5,NORMAL,GOOD
2026-01-14 06:15:00,COMPRESSOR_01,Air Compressor,37.476,9.369,417.9,58.84,73.6,2.439,2938.2,2996.52,233.0,210.0,RUNNING_OPTIMAL,0,NORMAL,7.5,NORMAL,GOOD
2026-01-14 06:15:00,HVAC_01,HVAC System,43.995,10.9988,426.6,67.66,43.4,1.97,977.0,3317.74,1232.43,1200.0,RUNNING_OPTIMAL,0,NORMAL,7.5,NORMAL,GOOD
2026-01-14 06:15:00,MOTOR_01,Spinning Motor,41.587,10.3968,425.8,64.08,59.97,2.046,1483.3,3072.68,52.86,48.0,RUNNING_OPTIMAL,0,NORMAL,7.5,NORMAL,GOOD
2026-01-14 06:15:00,PUMP_01,Water Pump,16.683,4.1708,428.1,25.57,49.61,1.368,1452.9,2915.45,27.53,28.0,RUNNING_OPTIMAL,0,NORMAL,7.5,NORMAL,GOOD
2026-01-14 06:30:00,COMPRESSOR_01,Air Compressor,36.72,9.18,419.9,57.37,72.82,2.408,2938.1,2996.77,225.38,210.0,RUNNING_OPTIMAL,0,NORMAL,7.5,NORMAL,GOOD
2026-01-14 06:30:00,HVAC_01,HVAC System,43.715,10.9288,417.2,68.75,43.62,1.688,981.1,3317.99,1230.92,1200.0,RUNNING_OPTIMAL,0,NORMAL,7.5,NORMAL,GOOD
2026-01-14 06:30:00,MOTOR_01,Spinning Motor,42.073,10.5182,423.8,65.13,61.78,2.118,1486.5,3072.93,52.09,48.0,RUNNING_OPTIMAL,0,NORMAL,7.5,NORMAL,GOOD
2026-01-14 06:30:00,PUMP_01,Water Pump,15.533,3.8832,427.9,23.82,49.58,1.422,1446.1,2915.7,26.66,28.0,RUNNING_OPTIMAL,0,NORMAL,7.5,NORMAL,GOOD
2026-01-14 06:45:00,COMPRESSOR_01,Air Compressor,37.066,9.2665,420.1,57.89,74.74,2.313,2939.3,2997.02,227.78,210.0,RUNNING_OPTIMAL,0,NORMAL,7.5,NORMAL,GOOD
2026-01-14 06:45:00,HVAC_01,HVAC System,44.902,11.2255,420.1,70.12,44.67,1.695,980.7,3318.24,1294.85,1200.0,RUNNING_OPTIMAL,0,NORMAL,7.5,NORMAL,GOOD
2026-01-14 06:45:00,MOTOR_01,Spinning Motor,45.347,11.3368,425.2,69.97,60.51,1.962,1483.8,3073.18,55.52,48.0,RUNNING_OPTIMAL,0,NORMAL,7.5,NORMAL,GOOD
2026-01-14 06:45:00,PUMP_01,Water Pump,18.521,4.6302,427.2,28.44,50.43,1.575,1443.9,2915.95,31.18,28.0,RUNNING_OPTIMAL,0,NORMAL,7.5,NORMAL,GOOD
2026-01-14 07:00:00,COMPRESSOR_01,Air Compressor,36.246,9.0615,419.5,56.69,75.6,2.51,2944.5,2997.27,223.46,210.0,RUNNING_OPTIMAL,0,NORMAL,7.5,NORMAL,GOOD
2026-01-14 07:00:00,HVAC_01,HVAC System,45.358,11.3395,421.7,70.57,45.13,1.757,980.4,3318.49,1298.07,1200.0,RUNNING_OPTIMAL,0,NORMAL,7.5,NORMAL,GOOD
2026-01-14 07:00:00,MOTOR_01,Spinning Motor,42.719,10.6798,422.5,66.34,62.07,1.985,1481.5,3073.43,51.25,48.0,RUNNING_OPTIMAL,0,NORMAL,7.5,NORMAL,GOOD
2026-01-14 07:00:00,PUMP_01,Water Pump,16.041,4.0102,423.5,24.85,52.21,1.438,1451.0,2916.2,29.78,28.0,RUNNING_OPTIMAL,0,NORMAL,7.5,NORMAL,GOOD
2026-01-14 07:15:00,COMPRESSOR_01,Air Compressor,36.235,9.0588,423.4,56.15,74.29,2.388,2947.5,2997.52,223.69,210.0,RUNNING_OPTIMAL,0,NORMAL,7.5,NORMAL,GOOD
2026-01-14 07:15:00,HVAC_01,HVAC System,44.913,11.2282,422.0,69.83,43.91,1.834,974.0,3318.74,1292.44,1200.0,RUNNING_OPTIMAL,0,NORMAL,7.5,NORMAL,GOOD
2026-01-14 07:15:00,MOTOR_01,Spinning Motor,40.716,10.179,421.0,63.45,61.37,1.899,1484.5,3073.68,49.25,48.0,RUNNING_OPTIMAL,0,NORMAL,7.5,NORMAL,GOOD
2026-01-14 07:15:00,PUMP_01,Water Pump,16.781,4.1952,425.7,25.86,52.66,1.545,1442.7,2916.45,31.2,28.0,RUNNING_OPTIMAL,0,NORMAL,7.5,NORMAL,GOOD
2026-01-14 07:30:00,COMPRESSOR_01,Air Compressor,33.583,8.3958,420.5,52.4,74.19,2.424,2952.1,2997.77,209.83,210.0,RUNNING_OPTIMAL,0,NORMAL,7.5,NORMAL,GOOD
2026-01-14 07:30:00,HVAC_01,HVAC System,46.83,11.7075,425.0,72.29,44.34,1.701,978.6,3318.99,1305.21,1200.0,RUNNING_OPTIMAL,0,NORMAL,7.5,NORMAL,GOOD
2026-01-14 07:30:00,MOTOR_01,Spinning Motor,44.211,11.0528,417.6,69.46,63.32,1.911,1476.1,3073.93,53.08,48.0,RUNNING_OPTIMAL,0,NORMAL,7.5,NORMAL,GOOD
2026-01-14 07:30:00,PUMP_01,Water Pump,16.227,4.0568,425.2,25.04,49.93,1.523,1453.3,2916.7,29.37,28.0,RUNNING_OPTIMAL,0,NORMAL,7.5,NORMAL,GOOD
2026-01-14 07:45:00,COMPRESSOR_01,Air Compressor,36.863,9.2158,418.3,57.82,75.2,2.421,2941.2,2998.02,228.04,210.0,RUNNING_OPTIMAL,0,NORMAL,7.5,NORMAL,GOOD
2026-01-14 07:45:00,HVAC_01,HVAC System,44.489,11.1222,420.4,69.43,45.08,1.766,980.1,3319.24,1293.96,1200.0,RUNNING_OPTIMAL,0,NORMAL,7.5,NORMAL,GOOD
2026-01-14 07:45:00,MOTOR_01,Spinning Motor,41.127,10.2818,420.1,64.23,59.95,2.04,1473.4,3074.18,48.93,48.0,RUNNING_OPTIMAL,0,NORMAL,7.5,NORMAL,GOOD
2026-01-14 07:45:00,PUMP_01,Water Pump,17.279,4.3198,423.0,26.8,51.54,1.562,1444.5,2916.95,31.66,28.0,RUNNING_OPTIMAL,0,NORMAL,7.5,NORMAL,GOOD
2026-01-14 08:00:00,COMPRESSOR_01,Air Compressor,38.521,9.6302,421.1,60.02,75.87,2.32,2945.8,2998.27,230.02,210.0,RUNNING_OPTIMAL,0,NORMAL,7.5,NORMAL,GOOD
2026-01-14 08:00:00,HVAC_01,HVAC System,46.488,11.622,420.6,72.52,47.01,1.867,977.6,3319.49,1311.24,1200.0,RUNNING_OPTIMAL,0,NORMAL,7.5,NORMAL,GOOD
2026-01-14 08:00:00,MOTOR_01,Spinning Motor,42.72,10.68,423.8,66.13,62.9,1.906,1484.2,3074.43,51.54,48.0,RUNNING_OPTIMAL,0,NORMAL,7.5,NORMAL,GOOD
2026-01-14 08:00:00,PUMP_01,Water Pump,15.481,3.8702,424.1,23.95,52.74,1.436,1449.6,2917.2,28.52,28.0,RUNNING_OPTIMAL,0,NORMAL,7.5,NORMAL,GOOD
2026-01-14 08:15:00,COMPRESSOR_01,Air Compressor,35.191,8.7978,424.9,54.34,77.05,2.308,2944.0,2998.52,223.21,210.0,RUNNING_OPTIMAL,0,NORMAL,7.5,NORMAL,GOOD
2026-01-14 08:15:00,HVAC_01,HVAC System,45.329,11.3322,418.6,71.05,46.42,1.874,975.0,3319.74,1265.58,1200.0,RUNNING_OPTIMAL,0,NORMAL,7.5,NORMAL,GOOD
2026-01-14 08:15:00,MOTOR_01,Spinning Motor,41.07,10.2675,426.2,63.22,62.07,1.967,1479.8,3074.68,51.72,48.0,RUNNING_OPTIMAL,0,NORMAL,7.5,NORMAL,GOOD
2026-01-14 08:15:00,PUMP_01,Water Pump,17.412,4.353,421.3,27.12,54.36,1.505,1443.8,2917.45,31.16,28.0,RUNNING_OPTIMAL,0,NORMAL,7.5,NORMAL,GOOD
2026-01-14 08:30:00,COMPRESSOR_01,Air Compressor,37.945,9.4862,422.5,58.92,76.81,2.411,2940.1,2998.77,235.87,210.0,RUNNING_OPTIMAL,0,NORMAL,7.5,NORMAL,GOOD
2026-01-14 08:30:00,HVAC_01,HVAC System,46.608,11.652,418.3,73.1,46.97,1.775,977.2,3319.99,1301.51,1200.0,RUNNING_OPTIMAL,0,NORMAL,7.5,NORMAL,GOOD
2026-01-14 08:30:00,MOTOR_01,Spinning Motor,45.246,11.3115,425.6,69.75,63.17,1.951,1483.4,3074.93,56.07,48.0,RUNNING_OPTIMAL,0,NORMAL,7.5,NORMAL,GOOD
2026-01-14 08:30:00,PUMP_01,Water Pump,15.144,3.786,419.4,23.69,52.38,1.456,1443.3,2917.7,27.3,28.0,RUNNING_OPTIMAL,0,NORMAL,7.5,NORMAL,GOOD
2026-01-14 08:45:00,COMPRESSOR_01,Air Compressor,33.093,8.2733,420.6,51.62,76.31,2.333,2936.9,2999.02,217.66,210.0,RUNNING_OPTIMAL,0,NORMAL,7.5,NORMAL,GOOD
2026-01-14 08:45:00,HVAC_01,HVAC System,44.607,11.1518,419.9,69.7,46.03,1.826,980.6,3320.24,1277.42,1200.0,RUNNING_OPTIMAL,0,NORMAL,7.5,NORMAL,GOOD
2026-01-14 08:45:00,MOTOR_01,Spinning Motor,44.821,11.2052,423.8,69.39,63.37,2.025,1476.4,3075.18,52.42,48.0,RUNNING_OPTIMAL,0,NORMAL,7.5,NORMAL,GOOD
2026-01-14 08:45:00,PUMP_01,Water Pump,17.328,4.332,420.2,27.06,54.01,1.659,1443.2,2917.95,31.76,28.0,RUNNING_OPTIMAL,0,NORMAL,7.5,NORMAL,GOOD
2026-01-14 09:00:00,COMPRESSOR_01,Air Compressor,36.289,9.0722,423.7,56.19,76.43,2.334,2943.6,2999.27,228.13,210.0,RUNNING_OPTIMAL,0,NORMAL,7.5,NORMAL,GOOD
2026-01-14 09:00:00,HVAC_01,HVAC System,44.215,11.0538,418.6,69.3,46.36,1.814,977.2,3320.49,1252.64,1200.0,RUNNING_OPTIMAL,0,NORMAL,7.5,NORMAL,GOOD
2026-01-14 09:00:00,MOTOR_01,Spinning Motor,40.701,10.1752,420.1,63.56,63.86,2.013,1475.7,3075.43,49.11,48.0,RUNNING_OPTIMAL,0,NORMAL,7.5,NORMAL,GOOD
2026-01-14 09:00:00,PUMP_01,Water Pump,15.618,3.9045,420.1,24.39,54.15,1.646,1448.8,2918.2,26.35,28.0,RUNNING_OPTIMAL,0,NORMAL,7.5,NORMAL,GOOD
2026-01-14 09:15:00,COMPRESSOR_01,Air Compressor,38.525,9.6312,419.3,60.28,78.6,2.377,2947.1,2999.52,238.88,210.0,RUNNING_OPTIMAL,0,NORMAL,7.5,NORMAL,GOOD
2026-01-14 09:15:00,HVAC_01,HVAC System,43.326,10.8315,420.1,67.66,47.5,1.673,970.8,3320.74,1234.21,1200.0,RUNNING_OPTIMAL,0,NORMAL,7.5,NORMAL,GOOD
2026-01-14 09:15:00,MOTOR_01,Spinning Motor,41.916,10.479,419.5,65.55,64.8,1.894,1489.6,3075.68,52.39,48.0,RUNNING_OPTIMAL,0,NORMAL,7.5,NORMAL,GOOD
2026-01-14 09:15:00,PUMP_01,Water Pump,18.028,4.507,425.3,27.81,54.66,1.559,1448.0,2918.45,29.92,28.0,RUNNING_OPTIMAL,0,NORMAL,7.5,NORMAL,GOOD
2026-01-14 09:30:00,COMPRESSOR_01,Air Compressor,33.497,8.3742,419.9,52.34,76.26,2.512,2945.9,2999.77,216.32,210.0,RUNNING_OPTIMAL,0,NORMAL,7.5,NORMAL,GOOD
2026-01-14 09:30:00,HVAC_01,HVAC System,44.477,11.1192,421.6,69.21,45.35,1.798,972.9,3320.99,1227.59,1200.0,RUNNING_OPTIMAL,0,NORMAL,7.5,NORMAL,GOOD
2026-01-14 09:30:00,MOTOR_01,Spinning Motor,41.996,10.499,423.2,65.11,63.46,1.937,1483.8,3075.93,49.33,48.0,RUNNING_OPTIMAL,0,NORMAL,7.5,NORMAL,GOOD
2026-01-14 09:30:00,PUMP_01,Water Pump,17.265,4.3162,421.7,26.86,52.84,1.439,1448.5,2918.7,29.9,28.0,RUNNING_OPTIMAL,0,NORMAL,7.5,NORMAL,GOOD
2026-01-14 09:45:00,COMPRESSOR_01,Air Compressor,33.242,8.3105,420.7,51.84,77.17,2.419,2943.3,3000.02,216.06,210.0,RUNNING_OPTIMAL,0,NORMAL,7.5,NORMAL,GOOD
2026-01-14 09:45:00,HVAC_01,HVAC System,44.908,11.227,421.9,69.83,47.17,1.672,974.8,3321.24,1290.17,1200.0,RUNNING_OPTIMAL,0,NORMAL,7.5,NORMAL,GOOD
2026-01-14 09:45:00,MOTOR_01,Spinning Motor,43.872,10.968,417.0,69.03,63.97,1.917,1485.0,3076.18,54.12,48.0,RUNNING_OPTIMAL,0,NORMAL,7.5,NORMAL,GOOD
2026-01-14 09:45:00,PUMP_01,Water Pump,16.38,4.095,418.9,25.65,54.59,1.551,1441.5,2918.95,29.53,28.0,RUNNING_OPTIMAL,0,NORMAL,7.5,NORMAL,GOOD
2026-01-14 10:00:00,COMPRESSOR_01,Air Compressor,34.111,8.5278,418.6,53.46,77.15,2.449,2949.6,3000.27,215.01,210.0,RUNNING_OPTIMAL,0,NORMAL,7.5,NORMAL,GOOD
2026-01-14 10:00:00,HVAC_01,HVAC System,44.903,11.2258,419.4,70.24,48.08,1.73,979.5,3321.49,1295.12,1200.0,RUNNING_OPTIMAL,0,NORMAL,7.5,NORMAL,GOOD
2026-01-14 10:00:00,MOTOR_01,Spinning Motor,42.217,10.5542,423.3,65.43,64.76,2.104,1484.8,3076.43,48.74,48.0,RUNNING_OPTIMAL,0,NORMAL,7.5,NORMAL,GOOD
2026-01-14 10:00:00,PUMP_01,Water Pump,18.745,4.6862,417.8,29.44,55.51,1.393,1446.3,2919.2,31.05,28.0,RUNNING_OPTIMAL,0,NORMAL,7.5,NORMAL,GOOD
2026-01-14 10:15:00,COMPRESSOR_01,Air Compressor,34.432,8.608,419.1,53.9,78.4,2.29,2943.4,3000.52,215.01,210.0,RUNNING_OPTIMAL,0,NORMAL,7.5,NORMAL,GOOD
2026-01-14 10:15:00,HVAC_01,HVAC System,43.155,10.7888,419.2,67.54,47.02,1.703,975.0,3321.74,1204.43,1200.0,RUNNING_OPTIMAL,0,NORMAL,7.5,NORMAL,GOOD
2026-01-14 10:15:00,MOTOR_01,Spinning Motor,42.868,10.717,417.0,67.45,65.8,1.955,1478.2,3076.68,49.79,48.0,RUNNING_OPTIMAL,0,NORMAL,7.5,NORMAL,GOOD
2026-01-14 10:15:00,PUMP_01,Water Pump,16.311,4.0778,419.3,25.52,54.98,1.362,1454.8,2919.45,29.4,28.0,RUNNING_OPTIMAL,0,NORMAL,7.5,NORMAL,GOOD
2026-01-14 10:30:00,COMPRESSOR_01,Air Compressor,33.283,8.3208,415.6,52.54,77.44,2.366,2948.0,3000.77,217.57,210.0,RUNNING_OPTIMAL,0,NORMAL,7.5,NORMAL,GOOD
2026-01-14 10:30:00,HVAC_01,HVAC System,42.606,10.6515,415.6,67.26,47.92,1.895,978.5,3321.99,1189.52,1200.0,RUNNING_OPTIMAL,0,NORMAL,7.5,NORMAL,GOOD
2026-01-14 10:30:00,MOTOR_01,Spinning Motor,40.8,10.2,417.8,64.07,65.21,1.927,1483.0,3076.93,50.73,48.0,RUNNING_OPTIMAL,0,NORMAL,7.5,NORMAL,GOOD
2026-01-14 10:30:00,PUMP_01,Water Pump,16.437,4.1092,417.1,25.85,54.54,1.529,1445.8,2919.7,30.72,28.0,RUNNING_OPTIMAL,0,NORMAL,7.5,NORMAL,GOOD
2026-01-14 10:45:00,COMPRESSOR_01,Air Compressor,33.628,8.407,419.7,52.57,76.48,2.411,2942.6,3001.02,210.8,210.0,RUNNING_OPTIMAL,0,NORMAL,7.5,NORMAL,GOOD
2026-01-14 10:45:00,HVAC_01,HVAC System,43.137,10.7842,422.8,66.94,47.73,1.63,977.8,3322.24,1199.59,1200.0,RUNNING_OPTIMAL,0,NORMAL,7.5,NORMAL,GOOD
2026-01-14 10:45:00,MOTOR_01,Spinning Motor,41.259,10.3148,417.3,64.87,65.61,2.026,1478.4,3077.18,52.17,48.0,RUNNING_OPTIMAL,0,NORMAL,7.5,NORMAL,GOOD
2026-01-14 10:45:00,PUMP_01,Water Pump,17.81,4.4525,420.7,27.77,54.53,1.536,1447.0,2919.95,30.12,28.0,RUNNING_OPTIMAL,0,NORMAL,7.5,NORMAL,GOOD
2026-01-14 11:00:00,COMPRESSOR_01,Air Compressor,33.623,8.4058,414.9,53.17,80.19,2.335,2949.2,3001.27,213.25,210.0,RUNNING_OPTIMAL,0,NORMAL,7.5,NORMAL,GOOD
2026-01-14 11:00:00,HVAC_01,HVAC System,43.104,10.776,417.3,67.77,49.6,1.724,978.9,3322.49,1208.91,1200.0,RUNNING_OPTIMAL,0,NORMAL,7.5,NORMAL,GOOD
2026-01-14 11:00:00,MOTOR_01,Spinning Motor,41.357,10.3392,413.4,65.63,67.11,1.866,1484.3,3077.43,48.74,48.0,RUNNING_OPTIMAL,0,NORMAL,7.5,NORMAL,GOOD
2026-01-14 11:00:00,PUMP_01,Water Pump,15.635,3.9088,414.9,24.72,55.97,1.563,1444.5,2920.2,28.04,28.0,RUNNING_OPTIMAL,0,NORMAL,7.5,NORMAL,GOOD
2026-01-14 11:15:00,COMPRESSOR_01,Air Compressor,32.746,8.1865,416.7,51.56,79.67,2.235,2948.4,3001.52,215.22,210.0,RUNNING_OPTIMAL,0,NORMAL,7.5,NORMAL,GOOD
2026-01-14 11:15:00,HVAC_01,HVAC System,42.87,10.7175,414.6,67.84,49.31,1.709,976.3,3322.74,1212.9,1200.0,RUNNING_OPTIMAL,0,NORMAL,7.5,NORMAL,GOOD
2026-01-14 11:15:00,MOTOR_01,Spinning Motor,39.218,9.8045,420.1,61.25,65.82,1.998,1477.7,3077.68,48.43,48.0,RUNNING_OPTIMAL,0,NORMAL,7.5,NORMAL,GOOD
2026-01-14 11:15:00,PUMP_01,Water Pump,16.878,4.2195,420.6,26.33,57.81,1.449,1449.9,2920.45,31.06,28.0,RUNNING_OPTIMAL,0,NORMAL,7.5,NORMAL,GOOD
2026-01-14 11:30:00,COMPRESSOR_01,Air Compressor,34.706,8.6765,417.1,54.59,79.11,2.305,2951.1,3001.77,217.39,210.0,RUNNING_OPTIMAL,0,NORMAL,7.5,NORMAL,GOOD
2026-01-14 11:30:00,HVAC_01,HVAC System,43.788,10.947,416.6,68.96,49.04,1.624,974.7,3322.99,1245.17,1200.0,RUNNING_OPTIMAL,0,NORMAL,7.5,NORMAL,GOOD
2026-01-14 11:30:00,MOTOR_01,Spinning Motor,42.129,10.5322,416.9,66.3,65.86,1.883,1482.5,3077.93,49.15,48.0,RUNNING_OPTIMAL,0,NORMAL,7.5,NORMAL,GOOD
2026-01-14 11:30:00,PUMP_01,Water Pump,15.956,3.989,422.6,24.77,55.38,1.489,1451.8,2920.7,27.73,28.0,RUNNING_OPTIMAL,0,NORMAL,7.5,NORMAL,GOOD
2026-01-14 11:45:00,COMPRESSOR_01,Air Compressor,35.44,8.86,419.6,55.41,78.57,2.303,2937.8,3002.02,218.5,210.0,RUNNING_OPTIMAL,0,NORMAL,7.5,NORMAL,GOOD
2026-01-14 11:45:00,HVAC_01,HVAC System,45.376,11.344,417.2,71.36,50.26,1.589,983.0,3323.24,1307.37,1200.0,RUNNING_OPTIMAL,0,NORMAL,7.5,NORMAL,GOOD
2026-01-14 11:45:00,MOTOR_01,Spinning Motor,40.072,10.018,418.0,62.9,65.75,1.91,1484.3,3078.18,50.08,48.0,RUNNING_OPTIMAL,0,NORMAL,7.5,NORMAL,GOOD
2026-01-14 11:45:00,PUMP_01,Water Pump,18.215,4.5538,418.9,28.53,56.8,1.531,1430.4,2920.95,31.12,28.0,RUNNING_OPTIMAL,0,NORMAL,7.5,NORMAL,GOOD
2026-01-14 12:00:00,COMPRESSOR_01,Air Compressor,34.572,8.643,417.0,54.39,79.63,2.39,2945.1,3002.27,218.82,210.0,RUNNING_OPTIMAL,0,NORMAL,7.5,NORMAL,GOOD
2026-01-14 12:00:00,HVAC_01,HVAC System,41.809,10.4522,415.1,66.08,49.49,1.879,976.5,3323.49,1200.48,1200.0,RUNNING_OPTIMAL,0,NORMAL,7.5,NORMAL,GOOD
2026-01-14 12:00:00,MOTOR_01,Spinning Motor,38.043,9.5108,416.9,59.87,67.67,2.037,1480.0,3078.43,47.26,48.0,RUNNING_OPTIMAL,0,NORMAL,7.5,NORMAL,GOOD
2026-01-14 12:00:00,PUMP_01,Water Pump,15.536,3.884,415.0,24.56,56.8,1.583,1444.4,2921.2,25.61,28.0,RUNNING_OPTIMAL,0,NORMAL,7.5,NORMAL,GOOD
2026-01-14 12:15:00,COMPRESSOR_01,Air Compressor,30.694,7.6735,412.2,48.85,78.55,2.428,2957.8,3002.52,193.15,210.0,RUNNING_OPTIMAL,0,NORMAL,7.5,NORMAL,GOOD
2026-01-14 12:15:00,HVAC_01,HVAC System,40.479,10.1198,416.3,63.79,48.4,1.617,975.1,3323.74,1138.18,1200.0,RUNNING_OPTIMAL,0,NORMAL,7.5,NORMAL,GOOD
2026-01-14 12:15:00,MOTOR_01,Spinning Motor,39.666,9.9165,409.4,63.57,66.01,1.841,1489.7,3078.68,48.21,48.0,RUNNING_OPTIMAL,0,NORMAL,7.5,NORMAL,GOOD
2026-01-14 12:15:00,PUMP_01,Water Pump,15.492,3.873,415.0,24.49,55.93,1.545,1455.2,2921.45,25.54,28.0,RUNNING_OPTIMAL,0,NORMAL,7.5,NORMAL,GOOD
2026-01-14 12:30:00,COMPRESSOR_01,Air Compressor,32.767,8.1918,419.4,51.26,79.31,2.254,2953.7,3002.77,202.18,210.0,RUNNING_OPTIMAL,0,NORMAL,7.5,NORMAL,GOOD
2026-01-14 12:30:00,HVAC_01,HVAC System,44.233,11.0582,421.3,68.88,50.0,1.812,978.2,3323.99,1239.7,1200.0,RUNNING_OPTIMAL,0,NORMAL,7.5,NORMAL,GOOD
2026-01-14 12:30:00,MOTOR_01,Spinning Motor,37.673,9.4182,410.9,60.15,66.3,2.084,1485.4,3078.93,45.72,48.0,RUNNING_OPTIMAL,0,NORMAL,7.5,NORMAL,GOOD
2026-01-14 12:30:00,PUMP_01,Water Pump,16.207,4.0518,416.2,25.55,57.05,1.42,1455.3,2921.7,27.12,28.0,RUNNING_OPTIMAL,0,NORMAL,7.5,NORMAL,GOOD
2026-01-14 12:45:00,COMPRESSOR_01,Air Compressor,31.751,7.9378,415.1,50.18,79.38,2.438,2952.2,3003.02,208.07,210.0,RUNNING_OPTIMAL,0,NORMAL,7.5,NORMAL,GOOD
2026-01-14 12:45:00,HVAC_01,HVAC System,39.976,9.994,417.6,62.81,49.33,1.866,980.5,3324.24,1147.39,1200.0,RUNNING_OPTIMAL,0,NORMAL,7.5,NORMAL,GOOD
2026-01-14 12:45:00,MOTOR_01,Spinning Motor,39.825,9.9562,416.4,62.75,66.03,1.976,1478.6,3079.18,47.29,48.0,RUNNING_OPTIMAL,0,NORMAL,7.5,NORMAL,GOOD
2026-01-14 12:45:00,PUMP_01,Water Pump,15.492,3.873,409.8,24.8,55.92,1.654,1453.7,2921.95,26.0,28.0,RUNNING_OPTIMAL,0,NORMAL,7.5,NORMAL,GOOD
2026-01-14 13:00:00,COMPRESSOR_01,Air Compressor,16.654,4.1635,411.0,26.58,66.17,1.461,2954.6,3003.27,0.0,42.0,IDLE_UNLOADED,0,NORMAL,7.5,NORMAL,GOOD
2026-01-14 13:00:00,HVAC_01,HVAC System,15.173,3.7932,410.8,24.23,37.39,1.123,983.0,3324.49,0.0,240.0,IDLE_UNLOADED,0,NORMAL,7.5,NORMAL,GOOD
2026-01-14 13:00:00,MOTOR_01,Spinning Motor,13.018,3.2545,413.3,20.67,55.42,1.162,1489.3,3079.43,0.0,9.6,IDLE_UNLOADED,0,NORMAL,7.5,NORMAL,GOOD
2026-01-14 13:00:00,PUMP_01,Water Pump,4.342,1.0855,411.6,6.92,43.66,0.943,1454.6,2922.2,0.0,5.6,IDLE_UNLOADED,0,NORMAL,7.5,NORMAL,GOOD
2026-01-14 13:15:00,COMPRESSOR_01,Air Compressor,15.795,3.9488,409.6,25.3,66.1,1.618,2957.5,3003.52,0.0,42.0,IDLE_UNLOADED,0,NORMAL,7.5,NORMAL,GOOD
2026-01-14 13:15:00,HVAC_01,HVAC System,15.631,3.9078,414.3,24.75,36.1,1.072,984.8,3324.74,0.0,240.0,IDLE_UNLOADED,0,NORMAL,7.5,NORMAL,GOOD
2026-01-14 13:15:00,MOTOR_01,Spinning Motor,11.833,2.9582,407.9,19.03,54.53,1.249,1488.4,3079.68,0.0,9.6,IDLE_UNLOADED,0,NORMAL,7.5,NORMAL,GOOD
2026-01-14 13:15:00,PUMP_01,Water Pump,4.817,1.2042,412.6,7.66,42.51,0.955,1449.2,2922.45,0.0,5.6,IDLE_UNLOADED,0,NORMAL,7.5,NORMAL,GOOD
2026-01-14 13:30:00,COMPRESSOR_01,Air Compressor,36.691,9.1728,413.7,58.19,79.63,2.384,2945.9,3003.77,221.29,210.0,RUNNING_OPTIMAL,0,NORMAL,7.5,NORMAL,GOOD
2026-01-14 13:30:00,HVAC_01,HVAC System,43.143,10.7858,412.6,68.6,49.75,1.732,981.1,3324.99,1214.3,1200.0,RUNNING_OPTIMAL,0,NORMAL,7.5,NORMAL,GOOD
2026-01-14 13:30:00,MOTOR_01,Spinning Motor,37.102,9.2755,414.2,58.77,66.89,1.922,1479.6,3079.93,44.07,48.0,RUNNING_OPTIMAL,0,NORMAL,7.5,NORMAL,GOOD
2026-01-14 13:30:00,PUMP_01,Water Pump,15.095,3.7738,410.7,24.11,57.34,1.6,1452.9,2922.7,25.0,28.0,RUNNING_OPTIMAL,0,NORMAL,7.5,NORMAL,GOOD
2026-01-14 13:45:00,COMPRESSOR_01,Air Compressor,31.142,7.7855,413.3,49.44,79.24,2.513,2950.1,3004.02,198.52,210.0,RUNNING_OPTIMAL,0,NORMAL,7.5,NORMAL,GOOD
2026-01-14 13:45:00,HVAC_01,HVAC System,40.897,10.2242,408.5,65.68,48.79,1.646,976.2,3325.24,1145.83,1200.0,RUNNING_OPTIMAL,0,NORMAL,7.5,NORMAL,GOOD
2026-01-14 13:45:00,MOTOR_01,Spinning Motor,37.112,9.278,411.2,59.21,66.63,1.968,1481.2,3080.18,45.14,48.0,RUNNING_OPTIMAL,0,NORMAL,7.5,NORMAL,GOOD
2026-01-14 13:45:00,PUMP_01,Water Pump,15.507,3.8768,409.8,24.83,56.31,1.458,1450.1,2922.95,27.23,28.0,RUNNING_OPTIMAL,0,NORMAL,7.5,NORMAL,GOOD
2026-01-14 14:00:00,COMPRESSOR_01,Air Compressor,32.665,8.1662,408.7,52.44,80.19,2.372,2953.5,3004.27,203.05,210.0,RUNNING_OPTIMAL,0,NORMAL,7.5,NORMAL,GOOD
2026-01-14 14:00:00,HVAC_01,HVAC System,41.141,10.2852,410.1,65.82,49.93,1.608,978.2,3325.49,1170.1,1200.0,RUNNING_OPTIMAL,0,NORMAL,7.5,NORMAL,GOOD
2026-01-14 14:00:00,MOTOR_01,Spinning Motor,37.526,9.3815,409.2,60.17,66.3,1.887,1484.1,3080.43,44.38,48.0,RUNNING_OPTIMAL,0,NORMAL,7.5,NORMAL,GOOD
2026-01-14 14:00:00,PUMP_01,Water Pump,16.256,4.064,414.4,25.74,57.76,1.445,1445.8,2923.2,27.16,28.0,RUNNING_OPTIMAL,0,NORMAL,7.5,NORMAL,GOOD
2026-01-14 14:15:00,COMPRESSOR_01,Air Compressor,32.044,8.011,411.8,51.05,79.98,2.33,2952.3,3004.52,199.95,210.0,RUNNING_OPTIMAL,0,NORMAL,7.5,NORMAL,GOOD
2026-01-14 14:15:00,HVAC_01,HVAC System,40.434,10.1085,414.1,64.06,50.25,1.61,980.6,3325.74,1131.06,1200.0,RUNNING_OPTIMAL,0,NORMAL,7.5,NORMAL,GOOD
2026-01-14 14:15:00,MOTOR_01,Spinning Motor,38.832,9.708,416.6,61.15,66.82,1.985,1479.7,3080.68,46.3,48.0,RUNNING_OPTIMAL,0,NORMAL,7.5,NORMAL,GOOD
2026-01-14 14:15:00,PUMP_01,Water Pump,14.343,3.5858,411.5,22.87,58.09,1.562,1446.7,2923.45,25.74,28.0,RUNNING_OPTIMAL,0,NORMAL,7.5,NORMAL,GOOD
2026-01-14 14:30:00,COMPRESSOR_01,Air Compressor,31.812,7.953,410.5,50.84,79.3,2.394,2955.0,3004.77,198.91,210.0,RUNNING_OPTIMAL,0,NORMAL,7.5,NORMAL,GOOD
2026-01-14 14:30:00,HVAC_01,HVAC System,38.007,9.5018,411.3,60.63,50.6,1.721,982.9,3325.99,1097.52,1200.0,RUNNING_OPTIMAL,0,NORMAL,7.5,NORMAL,GOOD
2026-01-14 14:30:00,MOTOR_01,Spinning Motor,36.644,9.161,410.4,58.58,66.76,1.797,1486.1,3080.93,45.66,48.0,RUNNING_OPTIMAL,0,NORMAL,7.5,NORMAL,GOOD
2026-01-14 14:30:00,PUMP_01,Water Pump,16.713,4.1782,410.0,26.74,57.25,1.518,1447.5,2923.7,24.6,28.0,RUNNING_OPTIMAL,0,NORMAL,7.5,NORMAL,GOOD
2026-01-14 14:45:00,COMPRESSOR_01,Air Compressor,32.725,8.1812,410.9,52.25,79.77,2.429,2943.8,3005.02,204.91,210.0,RUNNING_OPTIMAL,0,NORMAL,7.5,NORMAL,GOOD
2026-01-14 14:45:00,HVAC_01,HVAC System,40.658,10.1645,414.0,64.43,50.78,1.684,975.7,3326.24,1160.72,1200.0,RUNNING_OPTIMAL,0,NORMAL,7.5,NORMAL,GOOD
2026-01-14 14:45:00,MOTOR_01,Spinning Motor,35.292,8.823,408.2,56.72,65.73,1.854,1489.5,3081.18,45.16,48.0,RUNNING_OPTIMAL,0,NORMAL,7.5,NORMAL,GOOD
2026-01-14 14:45:00,PUMP_01,Water Pump,16.618,4.1545,409.9,26.6,57.36,1.475,1446.8,2923.95,29.2,28.0,RUNNING_OPTIMAL,0,NORMAL,7.5,NORMAL,GOOD
2026-01-14 15:00:00,COMPRESSOR_01,Air Compressor,30.151,7.5378,406.7,48.64,79.66,2.451,2959.7,3005.27,188.01,210.0,RUNNING_OPTIMAL,0,NORMAL,7.5,NORMAL,GOOD
2026-01-14 15:00:00,HVAC_01,HVAC System,39.614,9.9035,413.5,62.85,48.26,1.717,983.4,3326.49,1096.83,1200.0,RUNNING_OPTIMAL,0,NORMAL,7.5,NORMAL,GOOD
2026-01-14 15:00:00,MOTOR_01,Spinning Motor,37.548,9.387,406.3,60.63,64.79,1.864,1487.9,3081.43,46.34,48.0,RUNNING_OPTIMAL,0,NORMAL,7.5,NORMAL,GOOD
2026-01-14 15:00:00,PUMP_01,Water Pump,15.068,3.767,408.4,24.21,56.58,1.526,1456.2,2924.2,24.38,28.0,RUNNING_OPTIMAL,0,NORMAL,7.5,NORMAL,GOOD
2026-01-14 15:15:00,COMPRESSOR_01,Air Compressor,29.769,7.4422,410.6,47.57,80.22,2.166,2947.6,3005.52,193.25,210.0,RUNNING_OPTIMAL,0,NORMAL,7.5,NORMAL,GOOD
2026-01-14 15:15:00,HVAC_01,HVAC System,41.152,10.288,410.4,65.79,49.56,1.854,980.9,3326.74,1139.51,1200.0,RUNNING_OPTIMAL,0,NORMAL,7.5,NORMAL,GOOD
2026-01-14 15:15:00,MOTOR_01,Spinning Motor,39.504,9.876,414.3,62.56,67.57,2.09,1483.5,3081.68,45.68,48.0,RUNNING_OPTIMAL,0,NORMAL,7.5,NORMAL,GOOD
2026-01-14 15:15:00,PUMP_01,Water Pump,14.268,3.567,408.8,22.9,56.18,1.627,1451.8,2924.45,26.05,28.0,RUNNING_OPTIMAL,0,NORMAL,7.5,NORMAL,GOOD
2026-01-14 15:30:00,COMPRESSOR_01,Air Compressor,28.754,7.1885,413.6,45.61,79.55,2.328,2951.3,3005.77,187.27,210.0,RUNNING_OPTIMAL,0,NORMAL,7.5,NORMAL,GOOD
2026-01-14 15:30:00,HVAC_01,HVAC System,38.798,9.6995,407.3,62.5,49.19,1.628,985.6,3326.99,1098.59,1200.0,RUNNING_OPTIMAL,0,NORMAL,7.5,NORMAL,GOOD
2026-01-14 15:30:00,MOTOR_01,Spinning Motor,37.332,9.333,407.8,60.06,67.7,1.842,1486.2,3081.93,45.95,48.0,RUNNING_OPTIMAL,0,NORMAL,7.5,NORMAL,GOOD
2026-01-14 15:30:00,PUMP_01,Water Pump,15.209,3.8022,412.2,24.21,56.11,1.517,1451.4,2924.7,25.92,28.0,RUNNING_OPTIMAL,0,NORMAL,7.5,NORMAL,GOOD
2026-01-14 15:45:00,COMPRESSOR_01,Air Compressor,31.12,7.78,408.7,49.96,79.14,2.38,2945.9,3006.02,195.3,210.0,RUNNING_OPTIMAL,0,NORMAL,7.5,NORMAL,GOOD
2026-01-14 15:45:00,HVAC_01,HVAC System,36.503,9.1258,407.8,58.73,48.9,1.694,986.1,3327.24,1063.09,1200.0,RUNNING_OPTIMAL,0,NORMAL,7.5,NORMAL,GOOD
2026-01-14 15:45:00,MOTOR_01,Spinning Motor,37.3,9.325,409.9,59.7,67.4,1.817,1488.1,3082.18,45.39,48.0,RUNNING_OPTIMAL,0,NORMAL,7.5,NORMAL,GOOD
2026-01-14 15:45:00,PUMP_01,Water Pump,14.508,3.627,404.2,23.55,58.45,1.541,1437.8,2924.95,27.6,28.0,RUNNING_OPTIMAL,0,NORMAL,7.5,NORMAL,GOOD
2026-01-14 16:00:00,COMPRESSOR_01,Air Compressor,30.075,7.5188,406.9,48.49,77.32,2.325,2954.8,3006.27,190.69,210.0,RUNNING_OPTIMAL,0,NORMAL,7.5,NORMAL,GOOD
2026-01-14 16:00:00,HVAC_01,HVAC System,37.189,9.2972,406.6,60.01,48.75,1.713,985.3,3327.49,1095.3,1200.0,RUNNING_OPTIMAL,0,NORMAL,7.5,NORMAL,GOOD
2026-01-14 16:00:00,MOTOR_01,Spinning Motor,35.677,8.9192,410.5,57.02,67.17,1.955,1492.0,3082.43,44.91,48.0,RUNNING_OPTIMAL,0,NORMAL,7.5,NORMAL,GOOD
2026-01-14 16:00:00,PUMP_01,Water Pump,13.241,3.3102,406.9,21.35,56.32,1.49,1453.5,2925.2,24.69,28.0,RUNNING_OPTIMAL,0,NORMAL,7.5,NORMAL,GOOD
2026-01-14 16:15:00,COMPRESSOR_01,Air Compressor,29.911,7.4778,412.9,47.53,78.79,2.163,2953.1,3006.52,191.03,210.0,RUNNING_OPTIMAL,0,NORMAL,7.5,NORMAL,GOOD
2026-01-14 16:15:00,HVAC_01,HVAC System,40.26,10.065,408.1,64.72,49.82,1.769,981.7,3327.74,1131.13,1200.0,RUNNING_OPTIMAL,0,NORMAL,7.5,NORMAL,GOOD
2026-01-14 16:15:00,MOTOR_01,Spinning Motor,33.181,8.2952,404.6,53.8,65.08,1.973,1486.1,3082.68,40.25,48.0,RUNNING_OPTIMAL,0,NORMAL,7.5,NORMAL,GOOD
2026-01-14 16:15:00,PUMP_01,Water Pump,12.815,3.2038,402.1,20.91,55.07,1.342,1447.5,2925.45,23.42,28.0,RUNNING_OPTIMAL,0,NORMAL,7.5,NORMAL,GOOD
2026-01-14 16:30:00,COMPRESSOR_01,Air Compressor,28.755,7.1888,405.7,46.5,78.72,2.165,2953.6,3006.77,183.94,210.0,RUNNING_OPTIMAL,0,NORMAL,7.5,NORMAL,GOOD
2026-01-14 16:30:00,HVAC_01,HVAC System,39.653,9.9132,404.2,64.36,49.22,1.655,980.0,3327.99,1105.15,1200.0,RUNNING_OPTIMAL,0,NORMAL,7.5,NORMAL,GOOD
2026-01-14 16:30:00,MOTOR_01,Spinning Motor,36.873,9.2182,411.5,58.79,64.42,2.093,1482.9,3082.93,44.44,48.0,RUNNING_OPTIMAL,0,NORMAL,7.5,NORMAL,GOOD
2026-01-14 16:30:00,PUMP_01,Water Pump,16.819,4.2048,408.5,27.01,56.67,1.526,1454.0,2925.7,27.85,28.0,RUNNING_OPTIMAL,0,NORMAL,7.5,NORMAL,GOOD
2026-01-14 16:45:00,COMPRESSOR_01,Air Compressor,32.006,8.0015,412.3,50.93,79.78,2.483,2946.3,3007.02,203.77,210.0,RUNNING_OPTIMAL,0,NORMAL,7.5,NORMAL,GOOD
2026-01-14 16:45:00,HVAC_01,HVAC System,38.564,9.641,410.5,61.63,49.43,1.531,984.5,3328.24,1077.28,1200.0,RUNNING_OPTIMAL,0,NORMAL,7.5,NORMAL,GOOD
2026-01-14 16:45:00,MOTOR_01,Spinning Motor,37.739,9.4348,405.6,61.04,65.02,1.95,1491.0,3083.18,46.52,48.0,RUNNING_OPTIMAL,0,NORMAL,7.5,NORMAL,GOOD
2026-01-14 16:45:00,PUMP_01,Water Pump,13.789,3.4472,405.2,22.33,55.5,1.565,1454.6,2925.95,25.97,28.0,RUNNING_OPTIMAL,0,NORMAL,7.5,NORMAL,GOOD
2026-01-14 17:00:00,COMPRESSOR_01,Air Compressor,30.203,7.5508,408.7,48.48,77.93,2.315,2948.3,3007.27,186.45,210.0,RUNNING_OPTIMAL,0,NORMAL,7.5,NORMAL,GOOD
2026-01-14 17:00:00,HVAC_01,HVAC System,39.61,9.9025,406.5,63.93,49.08,1.684,980.1,3328.49,1157.12,1200.0,RUNNING_OPTIMAL,0,NORMAL,7.5,NORMAL,GOOD
2026-01-14 17:00:00,MOTOR_01,Spinning Motor,35.732,8.933,405.2,57.86,63.32,1.927,1488.3,3083.43,42.15,48.0,RUNNING_OPTIMAL,0,NORMAL,7.5,NORMAL,GOOD
2026-01-14 17:00:00,PUMP_01,Water Pump,15.659,3.9148,405.0,25.37,55.26,1.471,1448.0,2926.2,27.07,28.0,RUNNING_OPTIMAL,0,NORMAL,7.5,NORMAL,GOOD
2026-01-14 17:15:00,COMPRESSOR_01,Air Compressor,31.25,7.8125,407.9,50.26,78.03,2.453,2952.5,3007.52,195.57,210.0,RUNNING_OPTIMAL,0,NORMAL,7.5,NORMAL,GOOD
2026-01-14 17:15:00,HVAC_01,HVAC System,37.108,9.277,410.1,59.37,47.41,1.788,969.5,3328.74,1049.04,1200.0,RUNNING_OPTIMAL,0,NORMAL,7.5,NORMAL,GOOD
2026-01-14 17:15:00,MOTOR_01,Spinning Motor,37.433,9.3582,403.5,60.87,63.92,1.888,1483.5,3083.68,45.26,48.0,RUNNING_OPTIMAL,0,NORMAL,7.5,NORMAL,GOOD
2026-01-14 17:15:00,PUMP_01,Water Pump,14.812,3.703,412.1,23.58,56.83,1.504,1443.2,2926.45,27.21,28.0,RUNNING_OPTIMAL,0,NORMAL,7.5,NORMAL,GOOD
2026-01-14 17:30:00,COMPRESSOR_01,Air Compressor,29.307,7.3268,408.3,47.09,79.12,2.274,2951.3,3007.77,194.68,210.0,RUNNING_OPTIMAL,0,NORMAL,7.5,NORMAL,GOOD
2026-01-14 17:30:00,HVAC_01,HVAC System,39.249,9.8122,406.6,63.33,48.72,1.793,987.1,3328.99,1144.88,1200.0,RUNNING_OPTIMAL,0,NORMAL,7.5,NORMAL,GOOD
2026-01-14 17:30:00,MOTOR_01,Spinning Motor,38.285,9.5712,408.7,61.46,64.12,1.892,1485.8,3083.93,45.22,48.0,RUNNING_OPTIMAL,0,NORMAL,7.5,NORMAL,GOOD
2026-01-14 17:30:00,PUMP_01,Water Pump,12.416,3.104,407.7,19.98,53.98,1.42,1446.0,2926.7,23.66,28.0,RUNNING_OPTIMAL,0,NORMAL,7.5,NORMAL,GOOD
2026-01-14 17:45:00,COMPRESSOR_01,Air Compressor,30.409,7.6022,404.3,49.35,79.18,2.291,2950.7,3008.02,196.85,210.0,RUNNING_OPTIMAL,0,NORMAL,7.5,NORMAL,GOOD
2026-01-14 17:45:00,HVAC_01,HVAC System,38.467,9.6168,410.4,61.49,46.79,1.704,979.5,3329.24,1081.48,1200.0,RUNNING_OPTIMAL,0,NORMAL,7.5,NORMAL,GOOD
2026-01-14 17:45:00,MOTOR_01,Spinning Motor,34.918,8.7295,407.4,56.23,65.07,1.898,1486.3,3084.18,42.06,48.0,RUNNING_OPTIMAL,0,NORMAL,7.5,NORMAL,GOOD
2026-01-14 17:45:00,PUMP_01,Water Pump,15.069,3.7672,411.5,24.03,54.06,1.368,1449.9,2926.95,24.27,28.0,RUNNING_OPTIMAL,0,NORMAL,7.5,NORMAL,GOOD
2026-01-14 18:00:00,COMPRESSOR_01,Air Compressor,32.558,8.1395,406.3,52.57,78.54,2.457,2947.4,3008.27,205.63,210.0,RUNNING_OPTIMAL,0,NORMAL,10.0,PEAK,GOOD
2026-01-14 18:00:00,HVAC_01,HVAC System,41.11,10.2775,410.0,65.78,47.48,1.902,980.4,3329.49,1189.37,1200.0,RUNNING_OPTIMAL,0,NORMAL,10.0,PEAK,GOOD
2026-01-14 18:00:00,MOTOR_01,Spinning Motor,34.952,8.738,403.8,56.79,64.06,1.878,1487.4,3084.43,44.33,48.0,RUNNING_OPTIMAL,0,NORMAL,10.0,PEAK,GOOD
2026-01-14 18:00:00,PUMP_01,Water Pump,14.775,3.6938,406.8,23.83,52.41,1.505,1448.5,2927.2,25.55,28.0,RUNNING_OPTIMAL,0,NORMAL,10.0,PEAK,GOOD
2026-01-14 18:15:00,COMPRESSOR_01,Air Compressor,31.311,7.8278,403.2,50.95,77.13,2.358,2950.4,3008.52,194.68,210.0,RUNNING_OPTIMAL,0,NORMAL,10.0,PEAK,GOOD
2026-01-14 18:15:00,HVAC_01,HVAC System,38.438,9.6095,409.9,61.52,47.49,1.63,987.0,3329.74,1095.36,1200.0,RUNNING_OPTIMAL,0,NORMAL,10.0,PEAK,GOOD
2026-01-14 18:15:00,MOTOR_01,Spinning Motor,38.419,9.6047,407.9,61.79,64.66,1.735,1489.3,3084.68,47.14,48.0,RUNNING_OPTIMAL,0,NORMAL,10.0,PEAK,GOOD
2026-01-14 18:15:00,PUMP_01,Water Pump,15.77,3.9425,408.4,25.33,54.18,1.365,1444.2,2927.45,27.04,28.0,RUNNING_OPTIMAL,0,NORMAL,10.0,PEAK,GOOD
2026-01-14 18:30:00,COMPRESSOR_01,Air Compressor,29.413,7.3532,407.5,47.36,77.47,2.337,2955.6,3008.77,189.06,210.0,RUNNING_OPTIMAL,0,NORMAL,10.0,PEAK,GOOD
2026-01-14 18:30:00,HVAC_01,HVAC System,42.243,10.5608,406.9,68.11,47.53,1.678,977.3,3329.99,1150.97,1200.0,RUNNING_OPTIMAL,0,NORMAL,10.0,PEAK,GOOD
2026-01-14 18:30:00,MOTOR_01,Spinning Motor,38.279,9.5698,402.4,62.41,63.73,1.846,1483.8,3084.93,43.24,48.0,RUNNING_OPTIMAL,0,NORMAL,10.0,PEAK,GOOD
2026-01-14 18:30:00,PUMP_01,Water Pump,13.325,3.3312,410.1,21.32,54.28,1.61,1456.2,2927.7,26.25,28.0,RUNNING_OPTIMAL,0,NORMAL,10.0,PEAK,GOOD
2026-01-14 18:45:00,COMPRESSOR_01,Air Compressor,28.695,7.1738,403.9,46.61,77.56,2.363,2945.9,3009.02,186.76,210.0,RUNNING_OPTIMAL,0,NORMAL,10.0,PEAK,GOOD
2026-01-14 18:45:00,HVAC_01,HVAC System,39.882,9.9705,411.8,63.54,47.06,1.562,983.2,3330.24,1143.51,1200.0,RUNNING_OPTIMAL,0,NORMAL,10.0,PEAK,GOOD
2026-01-14 18:45:00,MOTOR_01,Spinning Motor,38.166,9.5415,407.3,61.48,63.46,1.891,1494.3,3085.18,45.81,48.0,RUNNING_OPTIMAL,0,NORMAL,10.0,PEAK,GOOD
2026-01-14 18:45:00,PUMP_01,Water Pump,14.963,3.7408,409.4,23.98,53.25,1.461,1450.1,2927.95,25.5,28.0,RUNNING_OPTIMAL,0,NORMAL,10.0,PEAK,GOOD
2026-01-14 19:00:00,COMPRESSOR_01,Air Compressor,28.832,7.208,406.4,46.55,73.89,2.339,2957.0,3009.27,178.65,210.0,RUNNING_OPTIMAL,0,NORMAL,10.0,PEAK,GOOD
2026-01-14 19:00:00,HVAC_01,HVAC System,37.734,9.4335,402.8,61.46,45.14,1.654,983.2,3330.49,1075.91,1200.0,RUNNING_OPTIMAL,0,NORMAL,10.0,PEAK,GOOD
2026-01-14 19:00:00,MOTOR_01,Spinning Motor,36.719,9.1798,407.4,59.13,62.97,1.934,1482.3,3085.43,43.42,48.0,RUNNING_OPTIMAL,0,NORMAL,10.0,PEAK,GOOD
2026-01-14 19:00:00,PUMP_01,Water Pump,12.989,3.2473,402.8,21.16,52.2,1.406,1445.8,2928.2,24.15,28.0,RUNNING_OPTIMAL,0,NORMAL,10.0,PEAK,GOOD
2026-01-14 19:15:00,COMPRESSOR_01,Air Compressor,27.247,6.8118,405.2,44.12,75.24,2.288,2954.3,3009.52,174.85,210.0,RUNNING_OPTIMAL,0,NORMAL,10.0,PEAK,GOOD
2026-01-14 19:15:00,HVAC_01,HVAC System,38.087,9.5218,405.5,61.62,46.43,1.791,983.9,3330.74,1066.95,1200.0,RUNNING_OPTIMAL,0,NORMAL,10.0,PEAK,GOOD
2026-01-14 19:15:00,MOTOR_01,Spinning Motor,35.475,8.8688,405.7,57.37,62.96,1.973,1480.5,3085.68,42.12,48.0,RUNNING_OPTIMAL,0,NORMAL,10.0,PEAK,GOOD
2026-01-14 19:15:00,PUMP_01,Water Pump,14.439,3.6098,404.4,23.43,52.26,1.477,1452.1,2928.45,24.68,28.0,RUNNING_OPTIMAL,0,NORMAL,10.0,PEAK,GOOD
2026-01-14 19:30:00,COMPRESSOR_01,Air Compressor,30.89,7.7225,409.8,49.45,74.66,2.399,2955.2,3009.77,194.77,210.0,RUNNING_OPTIMAL,0,NORMAL,10.0,PEAK,GOOD
2026-01-14 19:30:00,HVAC_01,HVAC System,37.813,9.4532,408.6,60.72,45.06,1.758,980.3,3330.99,1087.27,1200.0,RUNNING_OPTIMAL,0,NORMAL,10.0,PEAK,GOOD
2026-01-14 19:30:00,MOTOR_01,Spinning Motor,36.21,9.0525,411.5,57.73,63.75,1.975,1492.9,3085.93,43.83,48.0,RUNNING_OPTIMAL,0,NORMAL,10.0,PEAK,GOOD
2026-01-14 19:30:00,PUMP_01,Water Pump,16.403,4.1008,405.2,26.56,54.12,1.619,1453.4,2928.7,28.79,28.0,RUNNING_OPTIMAL,0,NORMAL,10.0,PEAK,GOOD
2026-01-14 19:45:00,COMPRESSOR_01,Air Compressor,32.656,8.164,412.3,51.96,77.03,2.285,2958.9,3010.02,200.05,210.0,RUNNING_OPTIMAL,0,NORMAL,10.0,PEAK,GOOD
2026-01-14 19:45:00,HVAC_01,HVAC System,39.391,9.8478,407.4,63.44,46.54,1.856,984.0,3331.24,1125.05,1200.0,RUNNING_OPTIMAL,0,NORMAL,10.0,PEAK,GOOD
2026-01-14 19:45:00,MOTOR_01,Spinning Motor,36.013,9.0032,408.4,57.85,62.68,1.998,1489.1,3086.18,43.93,48.0,RUNNING_OPTIMAL,0,NORMAL,10.0,PEAK,GOOD
2026-01-14 19:45:00,PUMP_01,Water Pump,14.744,3.686,409.2,23.64,52.03,1.442,1451.7,2928.95,26.06,28.0,RUNNING_OPTIMAL,0,NORMAL,10.0,PEAK,GOOD
2026-01-14 20:00:00,COMPRESSOR_01,Air Compressor,31.916,7.979,410.0,51.07,74.06,2.371,2953.9,3010.27,200.25,210.0,RUNNING_OPTIMAL,0,NORMAL,10.0,PEAK,GOOD
2026-01-14 20:00:00,HVAC_01,HVAC System,42.067,10.5168,406.9,67.83,44.55,1.672,979.4,3331.49,1163.28,1200.0,RUNNING_OPTIMAL,0,NORMAL,10.0,PEAK,GOOD
2026-01-14 20:00:00,MOTOR_01,Spinning Motor,36.49,9.1225,407.1,58.81,60.62,1.831,1486.0,3086.43,45.05,48.0,RUNNING_OPTIMAL,0,NORMAL,10.0,PEAK,GOOD
2026-01-14 20:00:00,PUMP_01,Water Pump,14.401,3.6002,411.2,22.98,50.89,1.474,1449.8,2929.2,22.69,28.0,RUNNING_OPTIMAL,0,NORMAL,10.0,PEAK,GOOD
2026-01-14 20:15:00,COMPRESSOR_01,Air Compressor,32.209,8.0523,410.8,51.44,73.97,2.256,2950.0,3010.52,198.81,210.0,RUNNING_OPTIMAL,0,NORMAL,10.0,PEAK,GOOD
2026-01-14 20:15:00,HVAC_01,HVAC System,41.172,10.293,404.4,66.8,44.03,1.884,970.7,3331.74,1155.92,1200.0,RUNNING_OPTIMAL,0,NORMAL,10.0,PEAK,GOOD
2026-01-14 20:15:00,MOTOR_01,Spinning Motor,34.698,8.6745,406.5,56.0,60.87,1.786,1486.5,3086.68,42.28,48.0,RUNNING_OPTIMAL,0,NORMAL,10.0,PEAK,GOOD
2026-01-14 20:15:00,PUMP_01,Water Pump,15.422,3.8555,408.6,24.76,51.5,1.371,1449.6,2929.45,27.23,28.0,RUNNING_OPTIMAL,0,NORMAL,10.0,PEAK,GOOD
2026-01-14 20:30:00,COMPRESSOR_01,Air Compressor,30.697,7.6742,407.8,49.39,74.41,2.148,2947.7,3010.77,201.74,210.0,RUNNING_OPTIMAL,0,NORMAL,10.0,PEAK,GOOD
2026-01-14 20:30:00,HVAC_01,HVAC System,37.523,9.3808,408.4,60.28,45.42,1.561,989.4,3331.99,1054.05,1200.0,RUNNING_OPTIMAL,0,NORMAL,10.0,PEAK,GOOD
2026-01-14 20:30:00,MOTOR_01,Spinning Motor,38.246,9.5615,408.2,61.47,62.89,1.879,1480.3,3086.93,44.71,48.0,RUNNING_OPTIMAL,0,NORMAL,10.0,PEAK,GOOD
2026-01-14 20:30:00,PUMP_01,Water Pump,14.264,3.566,408.9,22.89,51.11,1.428,1452.1,2929.7,25.23,28.0,RUNNING_OPTIMAL,0,NORMAL,10.0,PEAK,GOOD
2026-01-14 20:45:00,COMPRESSOR_01,Air Compressor,32.412,8.103,407.7,52.16,75.41,2.439,2948.2,3011.02,203.46,210.0,RUNNING_OPTIMAL,0,NORMAL,10.0,PEAK,GOOD
2026-01-14 20:45:00,HVAC_01,HVAC System,36.561,9.1402,412.2,58.19,44.42,1.645,978.1,3332.24,1050.63,1200.0,RUNNING_OPTIMAL,0,NORMAL,10.0,PEAK,GOOD
2026-01-14 20:45:00,MOTOR_01,Spinning Motor,37.926,9.4815,405.2,61.41,62.43,1.979,1476.2,3087.18,47.53,48.0,RUNNING_OPTIMAL,0,NORMAL,10.0,PEAK,GOOD
2026-01-14 20:45:00,PUMP_01,Water Pump,15.503,3.8758,410.8,24.76,51.8,1.471,1453.0,2929.95,24.42,28.0,RUNNING_OPTIMAL,0,NORMAL,10.0,PEAK,GOOD
2026-01-14 21:00:00,COMPRESSOR_01,Air Compressor,15.959,3.9898,412.8,25.36,66.4,1.512,2955.3,3011.27,0.0,42.0,IDLE_UNLOADED,0,NORMAL,10.0,PEAK,GOOD
2026-01-14 21:00:00,HVAC_01,HVAC System,16.058,4.0145,412.3,25.55,36.93,1.186,986.4,3332.49,0.0,240.0,IDLE_UNLOADED,0,NORMAL,10.0,PEAK,GOOD
2026-01-14 21:00:00,MOTOR_01,Spinning Motor,11.528,2.882,410.9,18.41,55.41,1.288,1490.4,3087.43,0.0,9.6,IDLE_UNLOADED,0,NORMAL,10.0,PEAK,GOOD
2026-01-14 21:00:00,PUMP_01,Water Pump,4.116,1.029,407.3,6.63,45.04,1.062,1453.0,2930.2,0.0,5.6,IDLE_UNLOADED,0,NORMAL,10.0,PEAK,GOOD
2026-01-14 21:15:00,COMPRESSOR_01,Air Compressor,17.004,4.251,406.4,27.45,65.94,1.469,2959.8,3011.52,0.0,42.0,IDLE_UNLOADED,0,NORMAL,10.0,PEAK,GOOD
2026-01-14 21:15:00,HVAC_01,HVAC System,15.441,3.8602,407.1,24.88,37.97,1.138,980.3,3332.74,0.0,240.0,IDLE_UNLOADED,0,NORMAL,10.0,PEAK,GOOD
2026-01-14 21:15:00,MOTOR_01,Spinning Motor,11.463,2.8657,406.8,18.49,53.05,1.348,1491.3,3087.68,0.0,9.6,IDLE_UNLOADED,0,NORMAL,10.0,PEAK,GOOD
2026-01-14 21:15:00,PUMP_01,Water Pump,5.776,1.444,410.0,9.24,44.74,0.962,1456.3,2930.45,0.0,5.6,IDLE_UNLOADED,0,NORMAL,10.0,PEAK,GOOD
2026-01-14 21:30:00,COMPRESSOR_01,Air Compressor,29.197,7.2992,410.8,46.63,74.42,2.423,2949.0,3011.77,196.85,210.0,RUNNING_OPTIMAL,0,NORMAL,10.0,PEAK,GOOD
2026-01-14 21:30:00,HVAC_01,HVAC System,39.023,9.7558,405.6,63.12,43.06,1.645,970.9,3332.99,1094.47,1200.0,RUNNING_OPTIMAL,0,NORMAL,10.0,PEAK,GOOD
2026-01-14 21:30:00,MOTOR_01,Spinning Motor,34.801,8.7002,411.5,55.49,60.13,2.029,1486.8,3087.93,44.54,48.0,RUNNING_OPTIMAL,0,NORMAL,10.0,PEAK,GOOD
2026-01-14 21:30:00,PUMP_01,Water Pump,14.332,3.583,410.0,22.93,50.51,1.454,1457.0,2930.7,25.22,28.0,RUNNING_OPTIMAL,0,NORMAL,10.0,PEAK,GOOD
2026-01-14 21:45:00,COMPRESSOR_01,Air Compressor,31.93,7.9825,406.2,51.57,73.33,2.248,2949.0,3012.02,202.93,210.0,RUNNING_OPTIMAL,0,NORMAL,10.0,PEAK,GOOD
2026-01-14 21:45:00,HVAC_01,HVAC System,39.338,9.8345,410.7,62.84,43.17,1.872,980.6,3333.24,1165.94,1200.0,RUNNING_OPTIMAL,0,NORMAL,10.0,PEAK,GOOD
2026-01-14 21:45:00,MOTOR_01,Spinning Motor,34.801,8.7002,407.7,56.0,59.15,1.988,1487.4,3088.18,45.61,48.0,RUNNING_OPTIMAL,0,NORMAL,10.0,PEAK,GOOD
2026-01-14 21:45:00,PUMP_01,Water Pump,14.407,3.6018,406.9,23.23,49.76,1.512,1453.6,2930.95,25.27,28.0,RUNNING_OPTIMAL,0,NORMAL,10.0,PEAK,GOOD
2026-01-14 22:00:00,COMPRESSOR_01,Air Compressor,33.043,8.2608,408.8,53.03,72.07,2.199,2952.2,3012.27,205.64,210.0,RUNNING_OPTIMAL,0,NORMAL,5.5,OFF_PEAK,GOOD
2026-01-14 22:00:00,HVAC_01,HVAC System,39.535,9.8837,409.5,63.34,43.02,1.713,983.3,3333.49,1101.74,1200.0,RUNNING_OPTIMAL,0,NORMAL,5.5,OFF_PEAK,GOOD
2026-01-14 22:00:00,MOTOR_01,Spinning Motor,37.179,9.2948,408.1,59.77,58.41,1.946,1486.5,3088.43,47.9,48.0,RUNNING_OPTIMAL,0,NORMAL,5.5,OFF_PEAK,GOOD
2026-01-14 22:00:00,PUMP_01,Water Pump,13.568,3.392,410.6,21.68,50.28,1.415,1455.9,2931.2,25.19,28.0,RUNNING_OPTIMAL,0,NORMAL,5.5,OFF_PEAK,GOOD
2026-01-14 22:15:00,COMPRESSOR_01,Air Compressor,30.267,7.5668,405.7,48.95,71.57,2.246,2959.1,3012.52,192.24,210.0,RUNNING_OPTIMAL,0,NORMAL,5.5,OFF_PEAK,GOOD
2026-01-14 22:15:00,HVAC_01,HVAC System,40.87,10.2175,411.1,65.22,42.37,1.786,979.4,3333.74,1187.92,1200.0,RUNNING_OPTIMAL,0,NORMAL,5.5,OFF_PEAK,GOOD
2026-01-14 22:15:00,MOTOR_01,Spinning Motor,37.633,9.4082,410.8,60.1,59.79,1.782,1489.3,3088.68,44.28,48.0,RUNNING_OPTIMAL,0,NORMAL,5.5,OFF_PEAK,GOOD
2026-01-14 22:15:00,PUMP_01,Water Pump,15.171,3.7928,412.3,24.14,49.95,1.532,1445.0,2931.45,26.81,28.0,RUNNING_OPTIMAL,0,NORMAL,5.5,OFF_PEAK,GOOD
2026-01-14 22:30:00,COMPRESSOR_01,Air Compressor,34.378,8.5945,411.3,54.84,71.75,2.13,2939.0,3012.77,205.11,210.0,RUNNING_OPTIMAL,0,NORMAL,5.5,OFF_PEAK,GOOD
2026-01-14 22:30:00,HVAC_01,HVAC System,42.036,10.509,411.1,67.09,41.97,1.644,977.7,3333.99,1206.81,1200.0,RUNNING_OPTIMAL,0,NORMAL,5.5,OFF_PEAK,GOOD
2026-01-14 22:30:00,MOTOR_01,Spinning Motor,36.729,9.1822,416.0,57.93,59.79,1.872,1483.5,3088.93,45.61,48.0,RUNNING_OPTIMAL,0,NORMAL,5.5,OFF_PEAK,GOOD
2026-01-14 22:30:00,PUMP_01,Water Pump,15.249,3.8122,409.3,24.44,50.31,1.525,1453.8,2931.7,25.27,28.0,RUNNING_OPTIMAL,0,NORMAL,5.5,OFF_PEAK,GOOD
2026-01-14 22:45:00,COMPRESSOR_01,Air Compressor,34.171,8.5428,410.4,54.63,73.69,2.336,2954.9,3013.02,210.5,210.0,RUNNING_OPTIMAL,0,NORMAL,5.5,OFF_PEAK,GOOD
2026-01-14 22:45:00,HVAC_01,HVAC System,41.49,10.3725,411.8,66.1,43.83,1.699,988.4,3334.24,1217.16,1200.0,RUNNING_OPTIMAL,0,NORMAL,5.5,OFF_PEAK,GOOD
2026-01-14 22:45:00,MOTOR_01,Spinning Motor,34.973,8.7432,412.8,55.58,58.94,1.901,1498.9,3089.18,43.86,48.0,RUNNING_OPTIMAL,0,NORMAL,5.5,OFF_PEAK,GOOD
2026-01-14 22:45:00,PUMP_01,Water Pump,15.659,3.9148,411.6,24.96,49.17,1.543,1451.8,2931.95,25.56,28.0,RUNNING_OPTIMAL,0,NORMAL,5.5,OFF_PEAK,GOOD
2026-01-14 23:00:00,COMPRESSOR_01,Air Compressor,32.656,8.164,409.4,52.33,71.37,2.284,2954.7,3013.27,204.46,210.0,RUNNING_OPTIMAL,0,NORMAL,5.5,OFF_PEAK,GOOD
2026-01-14 23:00:00,HVAC_01,HVAC System,43.825,10.9562,412.3,69.74,41.82,1.688,977.6,3334.49,1259.23,1200.0,RUNNING_OPTIMAL,0,NORMAL,5.5,OFF_PEAK,GOOD
2026-01-14 23:00:00,MOTOR_01,Spinning Motor,38.547,9.6367,412.0,61.38,59.11,1.893,1486.6,3089.43,45.98,48.0,RUNNING_OPTIMAL,0,NORMAL,5.5,OFF_PEAK,GOOD
2026-01-14 23:00:00,PUMP_01,Water Pump,16.427,4.1068,411.3,26.2,47.37,1.452,1449.1,2932.2,28.78,28.0,RUNNING_OPTIMAL,0,NORMAL,5.5,OFF_PEAK,GOOD
2026-01-14 23:15:00,COMPRESSOR_01,Air Compressor,33.486,8.3715,412.4,53.27,71.45,2.353,2951.0,3013.52,202.38,210.0,RUNNING_OPTIMAL,0,NORMAL,5.5,OFF_PEAK,GOOD
2026-01-14 23:15:00,HVAC_01,HVAC System,41.002,10.2505,415.3,64.77,41.49,1.712,970.6,3334.74,1176.26,1200.0,RUNNING_OPTIMAL,0,NORMAL,5.5,OFF_PEAK,GOOD
2026-01-14 23:15:00,MOTOR_01,Spinning Motor,40.325,10.0812,409.3,64.64,57.59,1.928,1479.9,3089.68,49.54,48.0,RUNNING_OPTIMAL,0,NORMAL,5.5,OFF_PEAK,GOOD
2026-01-14 23:15:00,PUMP_01,Water Pump,16.376,4.094,409.1,26.26,49.82,1.533,1451.5,2932.45,27.84,28.0,RUNNING_OPTIMAL,0,NORMAL,5.5,OFF_PEAK,GOOD
2026-01-14 23:30:00,COMPRESSOR_01,Air Compressor,33.721,8.4302,410.5,53.89,72.62,2.49,2949.3,3013.77,207.96,210.0,RUNNING_OPTIMAL,0,NORMAL,5.5,OFF_PEAK,GOOD
2026-01-14 23:30:00,HVAC_01,HVAC System,41.672,10.418,411.5,66.44,41.78,1.778,976.3,3334.99,1155.18,1200.0,RUNNING_OPTIMAL,0,NORMAL,5.5,OFF_PEAK,GOOD
2026-01-14 23:30:00,MOTOR_01,Spinning Motor,38.133,9.5332,416.1,60.13,58.18,2.007,1490.2,3089.93,47.04,48.0,RUNNING_OPTIMAL,0,NORMAL,5.5,OFF_PEAK,GOOD
2026-01-14 23:30:00,PUMP_01,Water Pump,15.58,3.895,415.0,24.63,48.84,1.523,1452.3,2932.7,28.84,28.0,RUNNING_OPTIMAL,0,NORMAL,5.5,OFF_PEAK,GOOD
2026-01-14 23:45:00,COMPRESSOR_01,Air Compressor,31.757,7.9392,411.3,50.66,70.96,2.405,2946.1,3014.02,198.53,210.0,RUNNING_OPTIMAL,0,NORMAL,5.5,OFF_PEAK,GOOD
2026-01-14 23:45:00,HVAC_01,HVAC System,44.206,11.0515,409.7,70.79,43.37,1.717,979.2,3335.24,1229.63,1200.0,RUNNING_OPTIMAL,0,NORMAL,5.5,OFF_PEAK,GOOD
2026-01-14 23:45:00,MOTOR_01,Spinning Motor,38.101,9.5252,411.2,60.79,58.59,1.777,1491.5,3090.18,46.51,48.0,RUNNING_OPTIMAL,0,NORMAL,5.5,OFF_PEAK,GOOD
2026-01-14 23:45:00,PUMP_01,Water Pump,15.72,3.93,413.5,24.94,48.5,1.403,1447.0,2932.95,30.78,28.0,RUNNING_OPTIMAL,0,NORMAL,5.5,OFF_PEAK,GOOD
